alert_id,entity_id,timestamp,severity,asset_id,alert_type,mitre_tactic,disposition,analyst_id,dwell_time,investigation_steps,escalation,source_file_hash
AL-000001,CSE-07,2026-09-01T13:40:00,High,AST-CSE-07-018,Phishing,TA0001,Closed,AN-CSE-07-04,8,1,False,
AL-000002,CSE-07,2026-08-27T18:26:00,High,AST-CSE-07-010,Exfiltration,TA0010,Closed,AN-CSE-07-05,8,1,False,
AL-000003,CSE-07,2026-09-15T19:29:00,Low,AST-CSE-07-024,Lateral Movement,TA0008,Closed,AN-CSE-07-02,240,3,False,
AL-000004,CSE-07,2026-09-07T23:22:00,Medium,AST-CSE-07-011,C2 Beacon,TA0011,Closed,AN-CSE-07-08,161,9,False,
AL-000005,CSE-07,2026-08-26T15:39:00,Low,AST-CSE-07-008,Suspicious Login,TA0001,Closed,AN-CSE-07-02,60,6,False,
AL-000006,CSE-07,2026-09-04T08:05:00,Low,AST-CSE-07-017,Suspicious Login,TA0001,Closed,AN-CSE-07-05,149,7,False,
AL-000007,CSE-07,2026-09-02T19:02:00,Low,AST-CSE-07-010,Privilege Escalation,TA0004,Closed,AN-CSE-07-01,145,3,False,
AL-000008,CSE-07,2026-08-22T17:55:00,Critical,AST-CSE-07-020,Lateral Movement,TA0008,Closed,AN-CSE-07-02,5,0,False,
AL-000009,CSE-07,2026-09-07T05:01:00,Low,AST-CSE-07-017,Suspicious Login,TA0001,Open,AN-CSE-07-04,122,8,False,
AL-000010,CSE-07,2026-09-06T08:45:00,Low,AST-CSE-07-024,Policy Violation,TA0005,Open,AN-CSE-07-04,25,7,False,
AL-000011,CSE-07,2026-08-28T15:57:00,Critical,AST-CSE-07-038,Lateral Movement,TA0008,Closed,AN-CSE-07-04,7,1,False,
AL-000012,CSE-07,2026-08-21T17:24:00,High,AST-CSE-07-014,Suspicious Login,TA0001,Closed,AN-CSE-07-08,9,1,False,
AL-000013,CSE-07,2026-09-07T00:33:00,High,AST-CSE-07-013,Phishing,TA0001,Closed,AN-CSE-07-07,2,0,False,
AL-000014,CSE-07,2026-09-17T04:48:00,Low,AST-CSE-07-026,Privilege Escalation,TA0004,Closed,AN-CSE-07-04,55,6,False,
AL-000015,CSE-07,2026-08-22T09:32:00,High,AST-CSE-07-018,Policy Violation,TA0005,Closed,AN-CSE-07-02,153,9,False,
AL-000016,CSE-07,2026-09-04T20:47:00,High,AST-CSE-07-006,Lateral Movement,TA0008,Closed,AN-CSE-07-07,4,1,False,
AL-000017,CSE-07,2026-08-25T21:42:00,Medium,AST-CSE-07-001,C2 Beacon,TA0011,Open,AN-CSE-07-07,207,9,False,
AL-000018,CSE-07,2026-09-14T10:23:00,High,AST-CSE-07-032,Brute Force,TA0006,Closed,AN-CSE-07-01,2,0,False,
AL-000019,CSE-07,2026-09-04T09:06:00,High,AST-CSE-07-033,Suspicious Login,TA0001,Closed,AN-CSE-07-03,32,8,False,
AL-000020,CSE-07,2026-09-02T04:23:00,Low,AST-CSE-07-026,Phishing,TA0001,Open,AN-CSE-07-01,127,8,False,
AL-000021,CSE-07,2026-09-10T04:44:00,Medium,AST-CSE-07-017,Lateral Movement,TA0008,Closed,AN-CSE-07-07,185,5,False,
AL-000022,CSE-07,2026-08-31T17:54:00,Critical,AST-CSE-07-021,Phishing,TA0001,Closed,AN-CSE-07-02,6,0,False,
AL-000023,CSE-07,2026-09-14T21:07:00,Medium,AST-CSE-07-005,Lateral Movement,TA0008,Open,AN-CSE-07-05,226,8,False,
AL-000024,CSE-07,2026-08-30T08:04:00,Medium,AST-CSE-07-001,Suspicious Login,TA0001,Open,AN-CSE-07-03,47,8,False,
AL-000025,CSE-07,2026-09-13T13:39:00,Medium,AST-CSE-07-010,Exfiltration,TA0010,Open,AN-CSE-07-04,238,5,False,
AL-000026,CSE-07,2026-08-24T10:55:00,Low,AST-CSE-07-032,Exfiltration,TA0010,Closed,AN-CSE-07-07,31,3,False,
AL-000027,CSE-07,2026-09-05T18:15:00,High,AST-CSE-07-009,Exfiltration,TA0010,Closed,AN-CSE-07-07,3,0,False,
AL-000028,CSE-07,2026-09-08T17:25:00,Critical,AST-CSE-07-010,Suspicious Login,TA0001,Closed,AN-CSE-07-03,8,0,False,
AL-000029,CSE-07,2026-08-30T08:38:00,Low,AST-CSE-07-023,Lateral Movement,TA0008,Closed,AN-CSE-07-07,211,4,False,
AL-000030,CSE-07,2026-09-20T06:13:00,Low,AST-CSE-07-011,Brute Force,TA0006,Open,AN-CSE-07-06,125,9,False,
AL-000031,CSE-07,2026-09-16T23:05:00,Low,AST-CSE-07-018,Brute Force,TA0006,Closed,AN-CSE-07-01,76,4,False,
AL-000032,CSE-07,2026-08-30T05:35:00,High,AST-CSE-07-020,Lateral Movement,TA0008,Closed,AN-CSE-07-06,3,1,False,
AL-000033,CSE-07,2026-08-24T18:39:00,Medium,AST-CSE-07-023,Suspicious Login,TA0001,Open,AN-CSE-07-01,86,4,False,
AL-000034,CSE-07,2026-08-28T01:33:00,Medium,AST-CSE-07-007,Data Access Anomaly,TA0009,Closed,AN-CSE-07-02,167,4,False,
AL-000035,CSE-07,2026-08-25T18:17:00,Medium,AST-CSE-07-028,Malware,TA0002,Closed,AN-CSE-07-04,37,8,False,
AL-000036,CSE-07,2026-09-16T12:03:00,Medium,AST-CSE-07-040,Privilege Escalation,TA0004,Closed,AN-CSE-07-05,190,6,False,
AL-000037,CSE-07,2026-09-13T22:18:00,Medium,AST-CSE-07-026,Exfiltration,TA0010,Open,AN-CSE-07-07,64,7,False,
AL-000038,CSE-07,2026-09-20T02:42:00,Medium,AST-CSE-07-020,C2 Beacon,TA0011,Open,AN-CSE-07-04,168,7,False,
AL-000039,CSE-07,2026-08-30T05:28:00,Medium,AST-CSE-07-021,Policy Violation,TA0005,Closed,AN-CSE-07-08,223,8,False,
AL-000040,CSE-07,2026-08-30T16:39:00,Medium,AST-CSE-07-006,Exfiltration,TA0010,Open,AN-CSE-07-02,212,4,False,
AL-000041,CSE-07,2026-09-16T11:58:00,Low,AST-CSE-07-020,Lateral Movement,TA0008,Closed,AN-CSE-07-04,176,9,False,
AL-000042,CSE-07,2026-09-02T05:15:00,Low,AST-CSE-07-030,C2 Beacon,TA0011,Open,AN-CSE-07-07,82,4,False,
AL-000043,CSE-07,2026-09-13T06:09:00,Low,AST-CSE-07-001,Phishing,TA0001,Closed,AN-CSE-07-08,83,9,False,
AL-000044,CSE-07,2026-08-29T19:25:00,Low,AST-CSE-07-030,Brute Force,TA0006,Open,AN-CSE-07-06,133,7,False,
AL-000045,CSE-07,2026-09-02T21:03:00,Low,AST-CSE-07-033,C2 Beacon,TA0011,Closed,AN-CSE-07-03,141,6,False,
AL-000046,CSE-07,2026-09-13T03:32:00,Medium,AST-CSE-07-018,Suspicious Login,TA0001,Closed,AN-CSE-07-02,80,5,False,
AL-000047,CSE-07,2026-09-16T04:36:00,High,AST-CSE-07-021,Suspicious Login,TA0001,Closed,AN-CSE-07-03,3,1,False,
AL-000048,CSE-07,2026-09-07T10:47:00,Medium,AST-CSE-07-027,Privilege Escalation,TA0004,Open,AN-CSE-07-07,217,7,False,
AL-000049,CSE-07,2026-09-20T00:41:00,Medium,AST-CSE-07-002,Data Access Anomaly,TA0009,Open,AN-CSE-07-07,233,6,False,
AL-000050,CSE-07,2026-09-05T04:43:00,Low,AST-CSE-07-035,Data Access Anomaly,TA0009,Open,AN-CSE-07-07,119,5,False,
AL-000051,CSE-07,2026-08-22T07:21:00,Low,AST-CSE-07-026,Brute Force,TA0006,Open,AN-CSE-07-01,171,7,False,
AL-000052,CSE-07,2026-09-06T06:57:00,High,AST-CSE-07-006,C2 Beacon,TA0011,Closed,AN-CSE-07-05,5,1,False,
AL-000053,CSE-07,2026-09-08T03:12:00,Low,AST-CSE-07-021,Privilege Escalation,TA0004,Closed,AN-CSE-07-07,40,6,False,
AL-000054,CSE-07,2026-09-09T04:19:00,Low,AST-CSE-07-035,Malware,TA0002,Closed,AN-CSE-07-02,186,3,False,
AL-000055,CSE-07,2026-09-13T07:30:00,Medium,AST-CSE-07-013,Malware,TA0002,Open,AN-CSE-07-02,75,6,False,
AL-000056,CSE-07,2026-08-31T12:15:00,High,AST-CSE-07-017,Privilege Escalation,TA0004,Closed,AN-CSE-07-02,4,1,False,
AL-000057,CSE-07,2026-09-10T17:17:00,Critical,AST-CSE-07-007,Data Access Anomaly,TA0009,Closed,AN-CSE-07-07,5,0,False,
AL-000058,CSE-07,2026-09-01T08:10:00,Low,AST-CSE-07-007,Exfiltration,TA0010,Closed,AN-CSE-07-01,129,8,False,
AL-000059,CSE-07,2026-09-06T20:54:00,Critical,AST-CSE-07-033,Privilege Escalation,TA0004,Closed,AN-CSE-07-07,7,1,False,
AL-000060,CSE-07,2026-09-05T22:08:00,Low,AST-CSE-07-040,Suspicious Login,TA0001,Closed,AN-CSE-07-05,82,9,False,
AL-000061,CSE-07,2026-09-05T17:21:00,High,AST-CSE-07-018,Policy Violation,TA0005,Closed,AN-CSE-07-07,9,1,False,
AL-000062,CSE-07,2026-08-26T03:39:00,High,AST-CSE-07-012,Policy Violation,TA0005,Closed,AN-CSE-07-05,6,0,False,
AL-000063,CSE-07,2026-08-27T22:29:00,High,AST-CSE-07-034,Lateral Movement,TA0008,Closed,AN-CSE-07-04,9,1,False,
AL-000064,CSE-07,2026-09-07T13:45:00,Medium,AST-CSE-07-002,Phishing,TA0001,Open,AN-CSE-07-05,114,6,False,
AL-000065,CSE-07,2026-08-27T18:39:00,Medium,AST-CSE-07-034,Privilege Escalation,TA0004,Closed,AN-CSE-07-06,89,5,False,
AL-000066,CSE-07,2026-08-27T18:12:00,Medium,AST-CSE-07-008,Lateral Movement,TA0008,Closed,AN-CSE-07-03,209,6,False,
AL-000067,CSE-07,2026-09-17T05:42:00,Medium,AST-CSE-07-038,Suspicious Login,TA0001,Open,AN-CSE-07-04,97,3,False,
AL-000068,CSE-07,2026-09-18T18:42:00,Medium,AST-CSE-07-035,Brute Force,TA0006,Closed,AN-CSE-07-03,212,6,False,
AL-000069,CSE-07,2026-09-04T21:39:00,Medium,AST-CSE-07-001,Data Access Anomaly,TA0009,Closed,AN-CSE-07-03,84,9,False,
AL-000070,CSE-07,2026-09-17T17:20:00,Medium,AST-CSE-07-008,Phishing,TA0001,Closed,AN-CSE-07-01,227,7,False,
AL-000071,CSE-07,2026-08-31T16:10:00,Low,AST-CSE-07-008,Suspicious Login,TA0001,Closed,AN-CSE-07-04,117,6,False,
AL-000072,CSE-07,2026-09-10T17:21:00,Low,AST-CSE-07-020,Data Access Anomaly,TA0009,Closed,AN-CSE-07-01,209,3,False,
AL-000073,CSE-07,2026-09-14T18:56:00,High,AST-CSE-07-017,Phishing,TA0001,Open,AN-CSE-07-03,130,8,False,
AL-000074,CSE-07,2026-09-10T13:42:00,Critical,AST-CSE-07-031,Exfiltration,TA0010,Open,AN-CSE-07-08,74,5,False,
AL-000075,CSE-07,2026-09-12T15:51:00,High,AST-CSE-07-013,C2 Beacon,TA0011,Closed,AN-CSE-07-05,3,0,False,
AL-000076,CSE-07,2026-08-24T17:02:00,Medium,AST-CSE-07-011,Exfiltration,TA0010,Closed,AN-CSE-07-05,139,8,False,
AL-000077,CSE-07,2026-09-04T21:55:00,Medium,AST-CSE-07-026,Exfiltration,TA0010,Open,AN-CSE-07-01,208,5,False,
AL-000078,CSE-07,2026-08-29T17:23:00,High,AST-CSE-07-002,Phishing,TA0001,Closed,AN-CSE-07-01,6,0,False,
AL-000079,CSE-07,2026-08-22T03:49:00,Medium,AST-CSE-07-031,Suspicious Login,TA0001,Closed,AN-CSE-07-07,145,3,False,
AL-000080,CSE-07,2026-08-30T08:06:00,Medium,AST-CSE-07-023,C2 Beacon,TA0011,Closed,AN-CSE-07-03,197,6,False,
AL-000081,CSE-07,2026-09-18T01:44:00,Critical,AST-CSE-07-026,Suspicious Login,TA0001,Closed,AN-CSE-07-06,118,9,False,
AL-000082,CSE-07,2026-09-13T19:37:00,Medium,AST-CSE-07-035,Policy Violation,TA0005,Closed,AN-CSE-07-08,214,3,False,
AL-000083,CSE-07,2026-09-10T21:04:00,High,AST-CSE-07-018,Suspicious Login,TA0001,Closed,AN-CSE-07-08,176,7,False,
AL-000084,CSE-07,2026-09-02T22:55:00,Medium,AST-CSE-07-011,Exfiltration,TA0010,Closed,AN-CSE-07-04,49,6,False,
AL-000085,CSE-07,2026-09-10T19:15:00,Low,AST-CSE-07-010,Policy Violation,TA0005,Closed,AN-CSE-07-05,143,6,False,
AL-000086,CSE-07,2026-09-13T16:28:00,High,AST-CSE-07-030,Suspicious Login,TA0001,Closed,AN-CSE-07-03,6,1,False,
AL-000087,CSE-07,2026-09-20T02:14:00,Medium,AST-CSE-07-022,Suspicious Login,TA0001,Closed,AN-CSE-07-05,168,8,False,
AL-000088,CSE-07,2026-09-09T01:25:00,Medium,AST-CSE-07-010,Policy Violation,TA0005,Closed,AN-CSE-07-07,102,9,False,
AL-000089,CSE-07,2026-08-26T22:58:00,High,AST-CSE-07-037,C2 Beacon,TA0011,Closed,AN-CSE-07-06,8,1,False,
AL-000090,CSE-07,2026-09-15T19:23:00,Low,AST-CSE-07-010,Policy Violation,TA0005,Closed,AN-CSE-07-06,236,6,False,
AL-000091,CSE-07,2026-09-15T22:05:00,Critical,AST-CSE-07-034,Policy Violation,TA0005,Closed,AN-CSE-07-03,82,5,False,
AL-000092,CSE-07,2026-09-09T15:15:00,Medium,AST-CSE-07-022,Suspicious Login,TA0001,Closed,AN-CSE-07-08,29,7,False,
AL-000093,CSE-07,2026-09-07T08:12:00,Low,AST-CSE-07-019,Lateral Movement,TA0008,Closed,AN-CSE-07-02,197,5,False,
AL-000094,CSE-07,2026-09-08T22:51:00,Medium,AST-CSE-07-021,Malware,TA0002,Closed,AN-CSE-07-04,164,8,False,
AL-000095,CSE-07,2026-08-23T23:21:00,Critical,AST-CSE-07-011,Brute Force,TA0006,Closed,AN-CSE-07-04,4,1,False,
AL-000096,CSE-07,2026-09-06T02:17:00,Low,AST-CSE-07-017,Malware,TA0002,Closed,AN-CSE-07-03,108,7,False,
AL-000097,CSE-07,2026-09-11T05:36:00,Medium,AST-CSE-07-028,Exfiltration,TA0010,Closed,AN-CSE-07-08,117,7,False,
AL-000098,CSE-07,2026-09-11T11:07:00,Low,AST-CSE-07-037,Exfiltration,TA0010,Open,AN-CSE-07-07,164,9,False,
AL-000099,CSE-07,2026-08-23T02:11:00,Low,AST-CSE-07-039,Policy Violation,TA0005,Open,AN-CSE-07-04,110,4,False,
AL-000100,CSE-07,2026-08-26T12:11:00,High,AST-CSE-07-013,Data Access Anomaly,TA0009,Closed,AN-CSE-07-03,2,1,False,
AL-000101,CSE-07,2026-08-28T07:55:00,Medium,AST-CSE-07-029,Malware,TA0002,Closed,AN-CSE-07-05,126,4,False,
AL-000102,CSE-07,2026-09-08T19:28:00,Low,AST-CSE-07-009,Suspicious Login,TA0001,Closed,AN-CSE-07-05,85,9,False,
AL-000103,CSE-07,2026-09-06T09:51:00,Low,AST-CSE-07-019,Privilege Escalation,TA0004,Closed,AN-CSE-07-04,205,8,False,
AL-000104,CSE-07,2026-09-08T11:44:00,High,AST-CSE-07-036,Privilege Escalation,TA0004,Closed,AN-CSE-07-02,6,1,False,
AL-000105,CSE-07,2026-09-05T11:21:00,Medium,AST-CSE-07-024,Phishing,TA0001,Closed,AN-CSE-07-06,76,8,False,
AL-000106,CSE-07,2026-09-17T07:58:00,Medium,AST-CSE-07-030,Exfiltration,TA0010,Closed,AN-CSE-07-01,146,3,False,
AL-000107,CSE-07,2026-09-08T14:13:00,Medium,AST-CSE-07-035,Brute Force,TA0006,Closed,AN-CSE-07-07,206,4,False,
AL-000108,CSE-07,2026-09-12T10:16:00,Medium,AST-CSE-07-007,Policy Violation,TA0005,Closed,AN-CSE-07-06,133,4,False,
AL-000109,CSE-07,2026-08-31T00:57:00,Medium,AST-CSE-07-007,Privilege Escalation,TA0004,Closed,AN-CSE-07-07,51,9,False,
AL-000110,CSE-07,2026-09-01T11:57:00,Medium,AST-CSE-07-006,Lateral Movement,TA0008,Open,AN-CSE-07-06,52,9,False,
AL-000111,CSE-07,2026-09-03T05:23:00,Low,AST-CSE-07-014,Phishing,TA0001,Closed,AN-CSE-07-04,79,5,False,
AL-000112,CSE-07,2026-09-16T07:26:00,Medium,AST-CSE-07-039,Malware,TA0002,Closed,AN-CSE-07-05,48,8,False,
AL-000113,CSE-07,2026-08-26T04:23:00,Medium,AST-CSE-07-009,Malware,TA0002,Closed,AN-CSE-07-06,87,3,False,
AL-000114,CSE-07,2026-09-17T20:32:00,High,AST-CSE-07-027,Suspicious Login,TA0001,Closed,AN-CSE-07-06,3,1,False,
AL-000115,CSE-07,2026-09-18T12:10:00,Low,AST-CSE-07-033,Lateral Movement,TA0008,Closed,AN-CSE-07-05,27,3,False,
AL-000116,CSE-07,2026-09-04T13:02:00,Low,AST-CSE-07-026,C2 Beacon,TA0011,Open,AN-CSE-07-08,40,5,False,
AL-000117,CSE-07,2026-08-31T15:23:00,High,AST-CSE-07-010,Phishing,TA0001,Closed,AN-CSE-07-06,6,1,False,
AL-000118,CSE-07,2026-08-25T13:53:00,Medium,AST-CSE-07-033,Data Access Anomaly,TA0009,Closed,AN-CSE-07-04,78,6,False,
AL-000119,CSE-07,2026-09-17T01:33:00,Medium,AST-CSE-07-030,C2 Beacon,TA0011,Open,AN-CSE-07-06,115,4,False,
AL-000120,CSE-07,2026-09-18T09:33:00,High,AST-CSE-07-031,Phishing,TA0001,Closed,AN-CSE-07-02,7,0,False,
AL-000121,CSE-07,2026-09-02T18:39:00,Medium,AST-CSE-07-036,Malware,TA0002,Closed,AN-CSE-07-02,190,9,False,
AL-000122,CSE-07,2026-09-16T17:28:00,Medium,AST-CSE-07-019,Data Access Anomaly,TA0009,Closed,AN-CSE-07-04,143,4,False,
AL-000123,CSE-07,2026-08-27T03:24:00,Medium,AST-CSE-07-023,Suspicious Login,TA0001,Open,AN-CSE-07-04,236,7,False,
AL-000124,CSE-07,2026-08-21T14:07:00,Critical,AST-CSE-07-040,Suspicious Login,TA0001,Closed,AN-CSE-07-05,3,0,False,
AL-000125,CSE-07,2026-08-27T15:59:00,Critical,AST-CSE-07-037,C2 Beacon,TA0011,Closed,AN-CSE-07-02,4,0,False,
AL-000126,CSE-07,2026-08-26T17:22:00,Low,AST-CSE-07-024,Exfiltration,TA0010,Open,AN-CSE-07-02,59,4,False,
AL-000127,CSE-07,2026-09-06T20:22:00,Medium,AST-CSE-07-006,Exfiltration,TA0010,Open,AN-CSE-07-08,75,9,False,
AL-000128,CSE-07,2026-09-10T14:17:00,Medium,AST-CSE-07-008,Privilege Escalation,TA0004,Closed,AN-CSE-07-08,98,3,False,
AL-000129,CSE-07,2026-09-14T02:47:00,Critical,AST-CSE-07-026,Data Access Anomaly,TA0009,Closed,AN-CSE-07-03,5,1,False,
AL-000130,CSE-07,2026-08-29T04:28:00,Medium,AST-CSE-07-012,Brute Force,TA0006,Closed,AN-CSE-07-06,240,8,False,
AL-000131,CSE-07,2026-09-18T01:24:00,Medium,AST-CSE-07-028,Malware,TA0002,Closed,AN-CSE-07-07,201,8,False,
AL-000132,CSE-07,2026-09-10T06:09:00,Medium,AST-CSE-07-019,Phishing,TA0001,Closed,AN-CSE-07-08,112,3,False,
AL-000133,CSE-07,2026-09-07T19:55:00,Medium,AST-CSE-07-007,Lateral Movement,TA0008,Closed,AN-CSE-07-07,210,5,False,
AL-000134,CSE-07,2026-08-31T08:27:00,Critical,AST-CSE-07-022,Brute Force,TA0006,Closed,AN-CSE-07-04,7,1,False,
AL-000135,CSE-07,2026-09-12T05:49:00,High,AST-CSE-07-010,Lateral Movement,TA0008,Closed,AN-CSE-07-03,3,0,False,
AL-000136,CSE-07,2026-08-26T17:32:00,Low,AST-CSE-07-032,Policy Violation,TA0005,Closed,AN-CSE-07-06,180,5,False,
AL-000137,CSE-07,2026-08-31T02:10:00,Medium,AST-CSE-07-029,Phishing,TA0001,Closed,AN-CSE-07-05,110,7,False,
AL-000138,CSE-07,2026-09-19T00:07:00,Medium,AST-CSE-07-020,Policy Violation,TA0005,Open,AN-CSE-07-05,238,3,False,
AL-000139,CSE-07,2026-09-01T18:10:00,Medium,AST-CSE-07-039,Suspicious Login,TA0001,Open,AN-CSE-07-01,227,7,False,
AL-000140,CSE-07,2026-09-16T10:32:00,Medium,AST-CSE-07-021,Data Access Anomaly,TA0009,Open,AN-CSE-07-02,234,5,False,
AL-000141,CSE-07,2026-09-19T04:15:00,Medium,AST-CSE-07-006,Suspicious Login,TA0001,Open,AN-CSE-07-08,154,7,False,
AL-000142,CSE-07,2026-09-10T23:34:00,Medium,AST-CSE-07-011,Privilege Escalation,TA0004,Open,AN-CSE-07-06,33,9,False,
AL-000143,CSE-07,2026-09-02T14:36:00,Medium,AST-CSE-07-022,Phishing,TA0001,Open,AN-CSE-07-05,238,8,False,
AL-000144,CSE-07,2026-08-30T07:02:00,High,AST-CSE-07-010,Privilege Escalation,TA0004,Closed,AN-CSE-07-06,8,0,False,
AL-000145,CSE-07,2026-09-07T15:10:00,Medium,AST-CSE-07-039,Phishing,TA0001,Open,AN-CSE-07-06,191,8,False,
AL-000146,CSE-07,2026-09-06T19:37:00,Medium,AST-CSE-07-034,Phishing,TA0001,Closed,AN-CSE-07-01,66,4,False,
AL-000147,CSE-07,2026-09-16T09:42:00,Low,AST-CSE-07-013,Lateral Movement,TA0008,Open,AN-CSE-07-02,158,9,False,
AL-000148,CSE-07,2026-08-22T16:52:00,Medium,AST-CSE-07-034,Malware,TA0002,Open,AN-CSE-07-07,66,9,False,
AL-000149,CSE-07,2026-09-18T22:37:00,Low,AST-CSE-07-040,Brute Force,TA0006,Open,AN-CSE-07-04,176,5,False,
AL-000150,CSE-07,2026-09-10T20:03:00,Medium,AST-CSE-07-029,Lateral Movement,TA0008,Closed,AN-CSE-07-04,166,6,False,
AL-000151,CSE-07,2026-09-07T06:08:00,Medium,AST-CSE-07-019,C2 Beacon,TA0011,Closed,AN-CSE-07-04,55,9,False,
AL-000152,CSE-07,2026-09-16T13:06:00,Medium,AST-CSE-07-031,Privilege Escalation,TA0004,Closed,AN-CSE-07-02,215,4,False,
AL-000153,CSE-07,2026-09-07T09:02:00,High,AST-CSE-07-029,Suspicious Login,TA0001,Closed,AN-CSE-07-04,7,0,False,
AL-000154,CSE-07,2026-09-09T04:36:00,Medium,AST-CSE-07-027,Malware,TA0002,Closed,AN-CSE-07-02,27,5,False,
AL-000155,CSE-07,2026-09-10T20:16:00,High,AST-CSE-07-022,Brute Force,TA0006,Closed,AN-CSE-07-03,9,1,False,
AL-000156,CSE-07,2026-09-20T03:47:00,Low,AST-CSE-07-040,Malware,TA0002,Open,AN-CSE-07-03,206,7,False,
AL-000157,CSE-07,2026-09-13T02:53:00,Low,AST-CSE-07-028,Phishing,TA0001,Open,AN-CSE-07-01,183,9,False,
AL-000158,CSE-07,2026-09-04T16:26:00,Low,AST-CSE-07-005,Phishing,TA0001,Open,AN-CSE-07-01,167,4,False,
AL-000159,CSE-07,2026-09-09T04:24:00,Critical,AST-CSE-07-019,C2 Beacon,TA0011,Closed,AN-CSE-07-07,6,0,False,
AL-000160,CSE-07,2026-09-08T00:44:00,Critical,AST-CSE-07-025,Policy Violation,TA0005,Closed,AN-CSE-07-01,7,0,False,
AL-000161,CSE-07,2026-09-09T15:49:00,Medium,AST-CSE-07-009,Malware,TA0002,Closed,AN-CSE-07-08,142,8,False,
AL-000162,CSE-07,2026-09-06T10:42:00,Low,AST-CSE-07-009,Phishing,TA0001,Closed,AN-CSE-07-04,71,3,False,
AL-000163,CSE-07,2026-08-24T18:30:00,Medium,AST-CSE-07-020,Suspicious Login,TA0001,Closed,AN-CSE-07-05,185,4,False,
AL-000164,CSE-07,2026-09-10T03:53:00,Low,AST-CSE-07-023,Malware,TA0002,Closed,AN-CSE-07-06,122,8,False,
AL-000165,CSE-07,2026-09-04T13:29:00,Low,AST-CSE-07-025,Privilege Escalation,TA0004,Closed,AN-CSE-07-06,152,5,False,
AL-000166,CSE-07,2026-08-25T06:26:00,Medium,AST-CSE-07-028,Phishing,TA0001,Open,AN-CSE-07-05,40,5,False,
AL-000167,CSE-07,2026-08-28T22:50:00,Medium,AST-CSE-07-019,Exfiltration,TA0010,Closed,AN-CSE-07-08,30,8,False,
AL-000168,CSE-07,2026-08-26T10:56:00,Medium,AST-CSE-07-040,C2 Beacon,TA0011,Open,AN-CSE-07-07,225,8,False,
AL-000169,CSE-07,2026-08-31T14:10:00,High,AST-CSE-07-011,Malware,TA0002,Open,AN-CSE-07-08,32,4,False,
AL-000170,CSE-07,2026-09-02T10:22:00,Medium,AST-CSE-07-024,Privilege Escalation,TA0004,Closed,AN-CSE-07-03,114,5,False,
AL-000171,CSE-07,2026-09-08T23:40:00,High,AST-CSE-07-005,Data Access Anomaly,TA0009,Closed,AN-CSE-07-05,3,0,False,
AL-000172,CSE-07,2026-08-21T18:53:00,Medium,AST-CSE-07-012,Policy Violation,TA0005,Closed,AN-CSE-07-05,200,6,False,
AL-000173,CSE-07,2026-09-05T05:53:00,Low,AST-CSE-07-040,Exfiltration,TA0010,Open,AN-CSE-07-03,135,4,False,
AL-000174,CSE-07,2026-08-24T01:18:00,Low,AST-CSE-07-029,Phishing,TA0001,Closed,AN-CSE-07-06,160,7,False,
AL-000175,CSE-07,2026-08-21T13:20:00,Low,AST-CSE-07-020,Brute Force,TA0006,Closed,AN-CSE-07-03,150,4,False,
AL-000176,CSE-07,2026-09-05T11:37:00,High,AST-CSE-07-013,Brute Force,TA0006,Closed,AN-CSE-07-06,4,0,False,
AL-000177,CSE-07,2026-08-28T12:30:00,Medium,AST-CSE-07-005,Exfiltration,TA0010,Closed,AN-CSE-07-07,230,7,False,
AL-000178,CSE-07,2026-09-05T21:17:00,Medium,AST-CSE-07-009,Privilege Escalation,TA0004,Open,AN-CSE-07-06,232,9,False,
AL-000179,CSE-07,2026-09-15T22:28:00,Low,AST-CSE-07-038,Brute Force,TA0006,Closed,AN-CSE-07-01,152,4,False,
AL-000180,CSE-07,2026-09-13T00:27:00,Low,AST-CSE-07-011,Privilege Escalation,TA0004,Open,AN-CSE-07-05,84,4,False,
AL-000181,CSE-07,2026-09-10T16:26:00,High,AST-CSE-07-036,Exfiltration,TA0010,Closed,AN-CSE-07-02,4,0,False,
AL-000182,CSE-07,2026-09-01T01:07:00,Low,AST-CSE-07-011,Data Access Anomaly,TA0009,Closed,AN-CSE-07-01,27,3,False,
AL-000183,CSE-07,2026-08-31T11:29:00,Medium,AST-CSE-07-014,Data Access Anomaly,TA0009,Closed,AN-CSE-07-05,97,6,False,
AL-000184,CSE-07,2026-08-29T10:50:00,Medium,AST-CSE-07-026,Exfiltration,TA0010,Closed,AN-CSE-07-08,138,4,False,
AL-000185,CSE-07,2026-08-29T01:14:00,Medium,AST-CSE-07-039,Brute Force,TA0006,Closed,AN-CSE-07-06,53,9,False,
AL-000186,CSE-07,2026-09-12T21:53:00,High,AST-CSE-07-033,Suspicious Login,TA0001,Closed,AN-CSE-07-05,4,0,False,
AL-000187,CSE-07,2026-09-07T04:05:00,Low,AST-CSE-07-019,C2 Beacon,TA0011,Closed,AN-CSE-07-03,167,8,False,
AL-000188,CSE-07,2026-09-03T21:29:00,Medium,AST-CSE-07-013,Brute Force,TA0006,Open,AN-CSE-07-05,43,6,False,
AL-000189,CSE-07,2026-09-09T10:57:00,High,AST-CSE-07-030,Lateral Movement,TA0008,Closed,AN-CSE-07-05,9,1,False,
AL-000190,CSE-07,2026-09-07T07:04:00,Low,AST-CSE-07-035,Malware,TA0002,Closed,AN-CSE-07-05,215,6,False,
AL-000191,CSE-07,2026-09-14T00:25:00,Medium,AST-CSE-07-026,Malware,TA0002,Open,AN-CSE-07-05,149,6,False,
AL-000192,CSE-07,2026-09-17T07:54:00,Low,AST-CSE-07-018,Data Access Anomaly,TA0009,Closed,AN-CSE-07-07,106,7,False,
AL-000193,CSE-07,2026-09-07T19:58:00,Medium,AST-CSE-07-010,Lateral Movement,TA0008,Closed,AN-CSE-07-01,202,5,False,
AL-000194,CSE-07,2026-09-16T01:01:00,Low,AST-CSE-07-010,Data Access Anomaly,TA0009,Closed,AN-CSE-07-06,177,8,False,
AL-000195,CSE-07,2026-09-03T18:29:00,Medium,AST-CSE-07-038,Privilege Escalation,TA0004,Closed,AN-CSE-07-05,24,5,False,
AL-000196,CSE-07,2026-08-25T12:05:00,Medium,AST-CSE-07-008,C2 Beacon,TA0011,Open,AN-CSE-07-01,87,8,False,
AL-000197,CSE-07,2026-08-30T12:21:00,High,AST-CSE-07-038,Policy Violation,TA0005,Open,AN-CSE-07-07,77,3,False,
AL-000198,CSE-07,2026-09-09T22:51:00,Critical,AST-CSE-07-008,Lateral Movement,TA0008,Closed,AN-CSE-07-07,8,1,False,
AL-000199,CSE-07,2026-09-09T14:30:00,High,AST-CSE-07-009,Suspicious Login,TA0001,Closed,AN-CSE-07-07,4,1,False,
AL-000200,CSE-07,2026-08-29T12:17:00,Medium,AST-CSE-07-035,Privilege Escalation,TA0004,Closed,AN-CSE-07-05,69,4,False,
AL-000201,CSE-07,2026-09-11T02:15:00,High,AST-CSE-07-036,Exfiltration,TA0010,Closed,AN-CSE-07-04,9,1,False,
AL-000202,CSE-07,2026-08-21T12:43:00,Medium,AST-CSE-07-031,Privilege Escalation,TA0004,Closed,AN-CSE-07-05,193,7,False,
AL-000203,CSE-07,2026-08-26T07:42:00,Low,AST-CSE-07-026,Privilege Escalation,TA0004,Closed,AN-CSE-07-01,202,3,False,
AL-000204,CSE-07,2026-08-24T18:43:00,High,AST-CSE-07-017,Policy Violation,TA0005,Open,AN-CSE-07-05,172,8,False,
AL-000205,CSE-07,2026-09-19T08:34:00,Medium,AST-CSE-07-034,Lateral Movement,TA0008,Closed,AN-CSE-07-06,45,8,False,
AL-000206,CSE-07,2026-09-14T22:19:00,Low,AST-CSE-07-001,Suspicious Login,TA0001,Closed,AN-CSE-07-08,71,9,False,
AL-000207,CSE-07,2026-08-22T09:19:00,Medium,AST-CSE-07-021,Exfiltration,TA0010,Closed,AN-CSE-07-04,205,9,False,
AL-000208,CSE-07,2026-09-15T10:07:00,Low,AST-CSE-07-012,C2 Beacon,TA0011,Closed,AN-CSE-07-07,67,8,False,
AL-000209,CSE-07,2026-09-17T01:42:00,Medium,AST-CSE-07-001,Exfiltration,TA0010,Closed,AN-CSE-07-08,159,7,False,
AL-000210,CSE-07,2026-09-14T08:39:00,Medium,AST-CSE-07-009,Suspicious Login,TA0001,Open,AN-CSE-07-03,185,5,False,
AL-000211,CSE-07,2026-08-26T02:24:00,Low,AST-CSE-07-012,Malware,TA0002,Closed,AN-CSE-07-04,239,8,False,
AL-000212,CSE-07,2026-09-07T14:54:00,Medium,AST-CSE-07-028,Suspicious Login,TA0001,Closed,AN-CSE-07-03,142,5,False,
AL-000213,CSE-07,2026-09-06T03:39:00,Medium,AST-CSE-07-001,Exfiltration,TA0010,Closed,AN-CSE-07-05,166,3,False,
AL-000214,CSE-07,2026-09-16T21:41:00,Critical,AST-CSE-07-024,Lateral Movement,TA0008,Closed,AN-CSE-07-03,6,0,False,
AL-000215,CSE-07,2026-09-13T07:30:00,Medium,AST-CSE-07-019,Privilege Escalation,TA0004,Closed,AN-CSE-07-03,175,5,False,
AL-000216,CSE-07,2026-08-25T14:08:00,Low,AST-CSE-07-036,Policy Violation,TA0005,Open,AN-CSE-07-04,194,9,False,
AL-000217,CSE-07,2026-08-29T00:56:00,Medium,AST-CSE-07-006,Suspicious Login,TA0001,Closed,AN-CSE-07-02,160,7,False,
AL-000218,CSE-07,2026-09-09T19:32:00,High,AST-CSE-07-037,Suspicious Login,TA0001,Closed,AN-CSE-07-02,9,0,False,
AL-000219,CSE-07,2026-09-06T07:28:00,Low,AST-CSE-07-033,Policy Violation,TA0005,Closed,AN-CSE-07-07,34,7,False,
AL-000220,CSE-07,2026-08-25T11:13:00,Medium,AST-CSE-07-020,Malware,TA0002,Closed,AN-CSE-07-04,31,6,False,
AL-000221,CSE-07,2026-08-22T09:01:00,Low,AST-CSE-07-005,Suspicious Login,TA0001,Closed,AN-CSE-07-08,124,4,False,
AL-000222,CSE-07,2026-09-07T21:05:00,Low,AST-CSE-07-027,Privilege Escalation,TA0004,Open,AN-CSE-07-07,194,8,False,
AL-000223,CSE-07,2026-09-02T23:27:00,High,AST-CSE-07-009,Privilege Escalation,TA0004,Closed,AN-CSE-07-03,5,0,False,
AL-000224,CSE-07,2026-08-27T18:33:00,Medium,AST-CSE-07-002,Exfiltration,TA0010,Closed,AN-CSE-07-07,83,6,False,
AL-000225,CSE-07,2026-08-22T12:12:00,High,AST-CSE-07-010,Exfiltration,TA0010,Closed,AN-CSE-07-02,122,7,False,
AL-000226,CSE-07,2026-09-18T21:22:00,High,AST-CSE-07-014,Phishing,TA0001,Closed,AN-CSE-07-01,2,1,False,
AL-000227,CSE-07,2026-08-27T10:52:00,Low,AST-CSE-07-035,Lateral Movement,TA0008,Closed,AN-CSE-07-05,207,7,False,
AL-000228,CSE-07,2026-08-25T01:45:00,Low,AST-CSE-07-037,Data Access Anomaly,TA0009,Closed,AN-CSE-07-05,189,7,False,
AL-000229,CSE-07,2026-09-02T17:04:00,Medium,AST-CSE-07-027,Exfiltration,TA0010,Closed,AN-CSE-07-03,129,7,False,
AL-000230,CSE-07,2026-09-09T13:34:00,Low,AST-CSE-07-023,C2 Beacon,TA0011,Open,AN-CSE-07-07,116,4,False,
AL-000231,CSE-07,2026-09-10T13:51:00,Low,AST-CSE-07-031,Lateral Movement,TA0008,Closed,AN-CSE-07-08,163,6,False,
AL-000232,CSE-07,2026-09-13T03:47:00,High,AST-CSE-07-036,Suspicious Login,TA0001,Closed,AN-CSE-07-06,9,1,False,
AL-000233,CSE-07,2026-09-14T10:43:00,Low,AST-CSE-07-006,Suspicious Login,TA0001,Closed,AN-CSE-07-07,174,3,False,
AL-000234,CSE-07,2026-09-03T05:30:00,Low,AST-CSE-07-013,Data Access Anomaly,TA0009,Closed,AN-CSE-07-04,105,5,False,
AL-000235,CSE-07,2026-09-16T12:12:00,Low,AST-CSE-07-014,Lateral Movement,TA0008,Open,AN-CSE-07-08,198,7,False,
AL-000236,CSE-07,2026-09-03T01:11:00,Low,AST-CSE-07-014,C2 Beacon,TA0011,Closed,AN-CSE-07-05,156,8,False,
AL-000237,CSE-07,2026-08-22T20:31:00,Medium,AST-CSE-07-020,Exfiltration,TA0010,Closed,AN-CSE-07-02,204,6,False,
AL-000238,CSE-07,2026-09-18T17:05:00,Medium,AST-CSE-07-014,Privilege Escalation,TA0004,Open,AN-CSE-07-04,24,5,False,
AL-000239,CSE-07,2026-09-11T07:48:00,Low,AST-CSE-07-038,Data Access Anomaly,TA0009,Closed,AN-CSE-07-06,165,9,False,
AL-000240,CSE-07,2026-08-30T01:44:00,Medium,AST-CSE-07-032,Suspicious Login,TA0001,Closed,AN-CSE-07-08,184,8,False,
AL-000241,CSE-07,2026-09-09T06:52:00,Low,AST-CSE-07-030,Brute Force,TA0006,Closed,AN-CSE-07-08,158,8,False,
AL-000242,CSE-07,2026-09-17T14:57:00,Low,AST-CSE-07-034,Malware,TA0002,Closed,AN-CSE-07-01,235,8,False,
AL-000243,CSE-07,2026-09-06T00:57:00,High,AST-CSE-07-010,Malware,TA0002,Closed,AN-CSE-07-08,2,0,False,
AL-000244,CSE-07,2026-09-19T19:14:00,Medium,AST-CSE-07-035,Suspicious Login,TA0001,Open,AN-CSE-07-05,93,3,False,
AL-000245,CSE-07,2026-09-16T19:51:00,High,AST-CSE-07-028,Brute Force,TA0006,Closed,AN-CSE-07-04,6,1,False,
AL-000246,CSE-07,2026-09-07T21:24:00,Critical,AST-CSE-07-018,C2 Beacon,TA0011,Closed,AN-CSE-07-04,5,1,False,
AL-000247,CSE-07,2026-09-07T23:25:00,High,AST-CSE-07-006,Malware,TA0002,Closed,AN-CSE-07-08,17,8,False,
AL-000248,CSE-07,2026-08-31T01:24:00,Low,AST-CSE-07-006,Policy Violation,TA0005,Closed,AN-CSE-07-02,30,4,False,
AL-000249,CSE-07,2026-08-22T09:17:00,Medium,AST-CSE-07-037,Policy Violation,TA0005,Closed,AN-CSE-07-05,164,8,False,
AL-000250,CSE-07,2026-09-13T17:51:00,Critical,AST-CSE-07-012,Privilege Escalation,TA0004,Closed,AN-CSE-07-07,6,0,False,
AL-000251,CSE-07,2026-09-03T01:36:00,Medium,AST-CSE-07-037,C2 Beacon,TA0011,Closed,AN-CSE-07-03,196,8,False,
AL-000252,CSE-07,2026-09-07T04:07:00,Critical,AST-CSE-07-033,Privilege Escalation,TA0004,Closed,AN-CSE-07-02,4,1,False,
AL-000253,CSE-07,2026-09-07T22:49:00,Medium,AST-CSE-07-032,Lateral Movement,TA0008,Closed,AN-CSE-07-07,178,5,False,
AL-000254,CSE-07,2026-09-07T13:10:00,Medium,AST-CSE-07-005,Phishing,TA0001,Closed,AN-CSE-07-03,101,5,False,
AL-000255,CSE-07,2026-09-06T00:12:00,Low,AST-CSE-07-006,Malware,TA0002,Closed,AN-CSE-07-05,42,4,False,
AL-000256,CSE-07,2026-09-07T08:59:00,Medium,AST-CSE-07-029,Suspicious Login,TA0001,Open,AN-CSE-07-02,43,7,False,
AL-000257,CSE-07,2026-09-06T23:11:00,Critical,AST-CSE-07-021,C2 Beacon,TA0011,Closed,AN-CSE-07-02,5,0,False,
AL-000258,CSE-07,2026-09-11T20:51:00,Medium,AST-CSE-07-011,Brute Force,TA0006,Closed,AN-CSE-07-02,90,6,False,
AL-000259,CSE-07,2026-09-12T12:20:00,Medium,AST-CSE-07-031,Phishing,TA0001,Closed,AN-CSE-07-08,70,6,False,
AL-000260,CSE-07,2026-09-08T01:07:00,Critical,AST-CSE-07-009,Exfiltration,TA0010,Closed,AN-CSE-07-07,8,0,False,
AL-000261,CSE-07,2026-08-29T05:30:00,Medium,AST-CSE-07-020,Privilege Escalation,TA0004,Closed,AN-CSE-07-06,121,5,False,
AL-000262,CSE-07,2026-09-09T23:43:00,Low,AST-CSE-07-032,Data Access Anomaly,TA0009,Open,AN-CSE-07-07,164,4,False,
AL-000263,CSE-07,2026-09-03T11:14:00,Low,AST-CSE-07-035,Brute Force,TA0006,Closed,AN-CSE-07-08,73,6,False,
AL-000264,CSE-07,2026-09-15T15:41:00,Medium,AST-CSE-07-005,C2 Beacon,TA0011,Closed,AN-CSE-07-04,59,8,False,
AL-000265,CSE-07,2026-08-31T20:23:00,Medium,AST-CSE-07-025,Phishing,TA0001,Open,AN-CSE-07-07,197,6,False,
AL-000266,CSE-07,2026-08-22T09:54:00,Medium,AST-CSE-07-024,Suspicious Login,TA0001,Open,AN-CSE-07-04,110,4,False,
AL-000267,CSE-07,2026-08-30T14:19:00,Medium,AST-CSE-07-040,Malware,TA0002,Closed,AN-CSE-07-07,104,9,False,
AL-000268,CSE-07,2026-09-12T19:13:00,High,AST-CSE-07-007,Malware,TA0002,Closed,AN-CSE-07-04,8,1,False,
AL-000269,CSE-07,2026-09-19T20:54:00,High,AST-CSE-07-038,Suspicious Login,TA0001,Closed,AN-CSE-07-05,3,0,False,
AL-000270,CSE-07,2026-09-06T05:27:00,Medium,AST-CSE-07-010,Privilege Escalation,TA0004,Open,AN-CSE-07-08,44,6,False,
AL-000271,CSE-07,2026-09-18T13:53:00,Critical,AST-CSE-07-029,Privilege Escalation,TA0004,Closed,AN-CSE-07-01,3,0,False,
AL-000272,CSE-07,2026-09-09T18:33:00,Medium,AST-CSE-07-034,Brute Force,TA0006,Closed,AN-CSE-07-08,123,8,False,
AL-000273,CSE-07,2026-08-27T16:04:00,Medium,AST-CSE-07-012,C2 Beacon,TA0011,Closed,AN-CSE-07-04,129,6,False,
AL-000274,CSE-07,2026-08-29T09:24:00,Medium,AST-CSE-07-014,Lateral Movement,TA0008,Closed,AN-CSE-07-02,157,4,False,
AL-000275,CSE-07,2026-09-11T14:05:00,Medium,AST-CSE-07-021,Lateral Movement,TA0008,Open,AN-CSE-07-08,183,5,False,
AL-000276,CSE-07,2026-09-17T00:38:00,Medium,AST-CSE-07-025,Data Access Anomaly,TA0009,Open,AN-CSE-07-08,228,8,False,
AL-000277,CSE-07,2026-08-30T07:40:00,Medium,AST-CSE-07-020,Data Access Anomaly,TA0009,Closed,AN-CSE-07-02,49,4,False,
AL-000278,CSE-07,2026-09-01T07:24:00,Medium,AST-CSE-07-010,Suspicious Login,TA0001,Open,AN-CSE-07-07,144,8,False,
AL-000279,CSE-07,2026-09-11T07:49:00,High,AST-CSE-07-012,Suspicious Login,TA0001,Closed,AN-CSE-07-06,2,1,False,
AL-000280,CSE-07,2026-08-24T23:25:00,High,AST-CSE-07-001,Policy Violation,TA0005,Closed,AN-CSE-07-08,9,1,False,
AL-000281,CSE-07,2026-09-02T11:10:00,High,AST-CSE-07-029,Policy Violation,TA0005,Closed,AN-CSE-07-04,6,0,False,
AL-000282,CSE-07,2026-09-05T17:13:00,High,AST-CSE-07-035,Exfiltration,TA0010,Closed,AN-CSE-07-08,3,0,False,
AL-000283,CSE-07,2026-09-08T18:08:00,Low,AST-CSE-07-018,Suspicious Login,TA0001,Closed,AN-CSE-07-01,132,7,False,
AL-000284,CSE-07,2026-09-18T21:44:00,Medium,AST-CSE-07-007,Lateral Movement,TA0008,Closed,AN-CSE-07-06,42,6,False,
AL-000285,CSE-07,2026-08-23T13:21:00,Low,AST-CSE-07-014,Data Access Anomaly,TA0009,Closed,AN-CSE-07-07,55,9,False,
AL-000286,CSE-07,2026-09-03T03:22:00,Medium,AST-CSE-07-014,Malware,TA0002,Closed,AN-CSE-07-03,200,5,False,
AL-000287,CSE-07,2026-09-03T14:08:00,Low,AST-CSE-07-037,Exfiltration,TA0010,Closed,AN-CSE-07-02,212,9,False,
AL-000288,CSE-07,2026-09-16T04:51:00,Low,AST-CSE-07-018,Brute Force,TA0006,Open,AN-CSE-07-06,214,9,False,
AL-000289,CSE-07,2026-08-31T03:20:00,High,AST-CSE-07-026,Policy Violation,TA0005,Closed,AN-CSE-07-07,3,0,False,
AL-000290,CSE-07,2026-08-29T00:31:00,Low,AST-CSE-07-026,Suspicious Login,TA0001,Open,AN-CSE-07-08,20,9,False,
AL-000291,CSE-07,2026-08-29T00:06:00,Medium,AST-CSE-07-006,Policy Violation,TA0005,Closed,AN-CSE-07-02,121,4,False,
AL-000292,CSE-07,2026-08-25T02:39:00,Medium,AST-CSE-07-014,Policy Violation,TA0005,Closed,AN-CSE-07-03,144,9,False,
AL-000293,CSE-07,2026-08-22T06:32:00,Critical,AST-CSE-07-007,Policy Violation,TA0005,Closed,AN-CSE-07-08,124,4,False,
AL-000294,CSE-07,2026-08-23T03:55:00,Low,AST-CSE-07-020,Brute Force,TA0006,Open,AN-CSE-07-06,115,8,False,
AL-000295,CSE-07,2026-09-10T12:16:00,Medium,AST-CSE-07-011,Malware,TA0002,Closed,AN-CSE-07-04,43,8,False,
AL-000296,CSE-07,2026-09-15T17:46:00,Medium,AST-CSE-07-001,Lateral Movement,TA0008,Closed,AN-CSE-07-08,198,5,False,
AL-000297,CSE-07,2026-09-12T23:55:00,Medium,AST-CSE-07-028,Brute Force,TA0006,Closed,AN-CSE-07-02,114,5,False,
AL-000298,CSE-07,2026-08-30T07:56:00,Medium,AST-CSE-07-025,Brute Force,TA0006,Closed,AN-CSE-07-01,62,6,False,
AL-000299,CSE-07,2026-09-06T05:55:00,Medium,AST-CSE-07-010,C2 Beacon,TA0011,Open,AN-CSE-07-02,51,7,False,
AL-000300,CSE-07,2026-09-10T07:45:00,Low,AST-CSE-07-025,Privilege Escalation,TA0004,Open,AN-CSE-07-05,83,7,False,
AL-000301,CSE-07,2026-08-29T11:06:00,Medium,AST-CSE-07-039,Data Access Anomaly,TA0009,Closed,AN-CSE-07-05,175,7,False,
AL-000302,CSE-07,2026-08-26T04:29:00,Medium,AST-CSE-07-026,Exfiltration,TA0010,Open,AN-CSE-07-07,147,8,False,
AL-000303,CSE-07,2026-09-20T00:01:00,Low,AST-CSE-07-005,Suspicious Login,TA0001,Open,AN-CSE-07-06,240,9,False,
AL-000304,CSE-07,2026-09-14T20:11:00,Medium,AST-CSE-07-027,Privilege Escalation,TA0004,Closed,AN-CSE-07-02,37,3,False,
AL-000305,CSE-07,2026-08-25T23:28:00,Low,AST-CSE-07-014,Malware,TA0002,Closed,AN-CSE-07-05,148,9,False,
AL-000306,CSE-07,2026-09-02T18:21:00,High,AST-CSE-07-028,C2 Beacon,TA0011,Closed,AN-CSE-07-03,6,0,False,
AL-000307,CSE-07,2026-09-15T18:40:00,Low,AST-CSE-07-033,Lateral Movement,TA0008,Open,AN-CSE-07-07,215,9,False,
AL-000308,CSE-07,2026-08-28T04:57:00,Low,AST-CSE-07-005,Exfiltration,TA0010,Closed,AN-CSE-07-04,131,3,False,
AL-000309,CSE-07,2026-08-29T12:18:00,Critical,AST-CSE-07-040,Data Access Anomaly,TA0009,Closed,AN-CSE-07-03,4,1,False,
AL-000310,CSE-07,2026-08-27T03:14:00,High,AST-CSE-07-011,Privilege Escalation,TA0004,Closed,AN-CSE-07-02,2,1,False,
AL-000311,CSE-07,2026-09-11T13:24:00,Medium,AST-CSE-07-028,Exfiltration,TA0010,Closed,AN-CSE-07-02,150,5,False,
AL-000312,CSE-07,2026-09-15T03:11:00,High,AST-CSE-07-032,Data Access Anomaly,TA0009,Closed,AN-CSE-07-02,3,0,False,
AL-000313,CSE-07,2026-08-24T11:45:00,Critical,AST-CSE-07-033,Malware,TA0002,Closed,AN-CSE-07-01,8,0,False,
AL-000314,CSE-07,2026-08-28T01:43:00,Medium,AST-CSE-07-021,Lateral Movement,TA0008,Open,AN-CSE-07-02,50,7,False,
AL-000315,CSE-07,2026-09-18T23:56:00,Low,AST-CSE-07-012,Lateral Movement,TA0008,Closed,AN-CSE-07-08,218,9,False,
AL-000316,CSE-07,2026-09-20T00:48:00,Medium,AST-CSE-07-021,Phishing,TA0001,Open,AN-CSE-07-05,97,8,False,
AL-000317,CSE-07,2026-09-05T05:14:00,Medium,AST-CSE-07-030,Privilege Escalation,TA0004,Closed,AN-CSE-07-04,124,3,False,
AL-000318,CSE-07,2026-08-29T11:39:00,Medium,AST-CSE-07-035,Privilege Escalation,TA0004,Open,AN-CSE-07-01,116,9,False,
AL-000319,CSE-07,2026-09-12T22:29:00,Medium,AST-CSE-07-007,Lateral Movement,TA0008,Closed,AN-CSE-07-01,56,8,False,
AL-000320,CSE-07,2026-09-08T21:13:00,Low,AST-CSE-07-034,C2 Beacon,TA0011,Open,AN-CSE-07-02,149,4,False,
AL-000321,CSE-07,2026-09-18T22:18:00,Medium,AST-CSE-07-026,Phishing,TA0001,Closed,AN-CSE-07-03,86,9,False,
AL-000322,CSE-07,2026-09-12T04:56:00,Medium,AST-CSE-07-026,Privilege Escalation,TA0004,Closed,AN-CSE-07-04,217,7,False,
AL-000323,CSE-07,2026-09-06T01:34:00,High,AST-CSE-07-010,Phishing,TA0001,Closed,AN-CSE-07-02,5,1,False,
AL-000324,CSE-07,2026-09-17T09:50:00,Medium,AST-CSE-07-020,Policy Violation,TA0005,Closed,AN-CSE-07-05,198,7,False,
AL-000325,CSE-07,2026-08-29T04:38:00,High,AST-CSE-07-014,Privilege Escalation,TA0004,Closed,AN-CSE-07-07,6,1,False,
AL-000326,CSE-07,2026-08-23T21:25:00,Low,AST-CSE-07-012,Malware,TA0002,Closed,AN-CSE-07-04,46,9,False,
AL-000327,CSE-07,2026-08-27T04:52:00,Critical,AST-CSE-07-008,Malware,TA0002,Closed,AN-CSE-07-04,7,0,False,
AL-000328,CSE-07,2026-09-18T05:03:00,Critical,AST-CSE-07-017,Phishing,TA0001,Closed,AN-CSE-07-08,5,0,False,
AL-000329,CSE-07,2026-08-27T23:29:00,Medium,AST-CSE-07-011,Data Access Anomaly,TA0009,Closed,AN-CSE-07-01,129,4,False,
AL-000330,CSE-07,2026-08-23T07:58:00,Medium,AST-CSE-07-012,Exfiltration,TA0010,Open,AN-CSE-07-04,147,6,False,
AL-000331,CSE-07,2026-09-08T07:34:00,High,AST-CSE-07-031,Malware,TA0002,Closed,AN-CSE-07-04,5,0,False,
AL-000332,CSE-07,2026-08-25T20:38:00,Medium,AST-CSE-07-025,Privilege Escalation,TA0004,Closed,AN-CSE-07-06,66,3,False,
AL-000333,CSE-07,2026-08-26T03:57:00,Critical,AST-CSE-07-039,Lateral Movement,TA0008,Closed,AN-CSE-07-08,7,0,False,
AL-000334,CSE-07,2026-08-21T12:57:00,Low,AST-CSE-07-018,Suspicious Login,TA0001,Closed,AN-CSE-07-04,224,6,False,
AL-000335,CSE-07,2026-09-09T12:16:00,High,AST-CSE-07-012,Brute Force,TA0006,Closed,AN-CSE-07-06,2,1,False,
AL-000336,CSE-07,2026-09-13T20:26:00,High,AST-CSE-07-037,Data Access Anomaly,TA0009,Closed,AN-CSE-07-05,2,0,False,
AL-000337,CSE-07,2026-09-05T11:39:00,Critical,AST-CSE-07-039,Lateral Movement,TA0008,Closed,AN-CSE-07-04,7,0,False,
AL-000338,CSE-07,2026-09-01T13:02:00,Critical,AST-CSE-07-021,Malware,TA0002,Closed,AN-CSE-07-03,7,1,False,
AL-000339,CSE-07,2026-09-10T07:50:00,Medium,AST-CSE-07-038,Phishing,TA0001,Closed,AN-CSE-07-07,144,8,False,
AL-000340,CSE-07,2026-08-21T16:10:00,Low,AST-CSE-07-012,Suspicious Login,TA0001,Closed,AN-CSE-07-06,170,9,False,
AL-000341,CSE-07,2026-09-11T07:49:00,Low,AST-CSE-07-025,Exfiltration,TA0010,Open,AN-CSE-07-01,166,6,False,
AL-000342,CSE-07,2026-08-25T16:46:00,Medium,AST-CSE-07-012,Data Access Anomaly,TA0009,Open,AN-CSE-07-02,56,5,False,
AL-000343,CSE-07,2026-09-10T06:20:00,Medium,AST-CSE-07-005,Lateral Movement,TA0008,Open,AN-CSE-07-02,191,8,False,
AL-000344,CSE-07,2026-09-14T04:16:00,Critical,AST-CSE-07-022,Policy Violation,TA0005,Closed,AN-CSE-07-02,5,1,False,
AL-000345,CSE-07,2026-09-08T00:26:00,Medium,AST-CSE-07-011,C2 Beacon,TA0011,Open,AN-CSE-07-07,142,9,False,
AL-000346,CSE-07,2026-08-24T10:42:00,Critical,AST-CSE-07-011,Policy Violation,TA0005,Closed,AN-CSE-07-01,5,0,False,
AL-000347,CSE-07,2026-08-31T20:15:00,Medium,AST-CSE-07-036,Phishing,TA0001,Open,AN-CSE-07-01,187,4,False,
AL-000348,CSE-07,2026-09-14T05:34:00,High,AST-CSE-07-011,Malware,TA0002,Closed,AN-CSE-07-05,6,0,False,
AL-000349,CSE-07,2026-09-02T20:51:00,Medium,AST-CSE-07-007,Malware,TA0002,Closed,AN-CSE-07-01,129,3,False,
AL-000350,CSE-07,2026-09-14T15:42:00,Critical,AST-CSE-07-013,Phishing,TA0001,Closed,AN-CSE-07-02,3,1,False,
AL-000351,CSE-07,2026-09-12T09:19:00,Low,AST-CSE-07-031,Policy Violation,TA0005,Closed,AN-CSE-07-07,117,5,False,
AL-000352,CSE-07,2026-09-06T03:46:00,Medium,AST-CSE-07-029,Malware,TA0002,Open,AN-CSE-07-05,58,9,False,
AL-000353,CSE-07,2026-08-25T18:34:00,Medium,AST-CSE-07-007,Phishing,TA0001,Open,AN-CSE-07-04,235,6,False,
AL-000354,CSE-07,2026-08-21T20:24:00,Low,AST-CSE-07-027,Suspicious Login,TA0001,Open,AN-CSE-07-04,40,6,False,
AL-000355,CSE-07,2026-08-25T17:17:00,Low,AST-CSE-07-033,Data Access Anomaly,TA0009,Closed,AN-CSE-07-03,213,6,False,
AL-000356,CSE-07,2026-09-16T10:33:00,Low,AST-CSE-07-011,Lateral Movement,TA0008,Open,AN-CSE-07-02,131,4,False,
AL-000357,CSE-07,2026-08-21T12:02:00,High,AST-CSE-07-010,Data Access Anomaly,TA0009,Open,AN-CSE-07-02,157,6,False,
AL-000358,CSE-07,2026-08-22T11:10:00,Medium,AST-CSE-07-021,Exfiltration,TA0010,Open,AN-CSE-07-07,58,4,False,
AL-000359,CSE-07,2026-09-17T08:24:00,Low,AST-CSE-07-038,Data Access Anomaly,TA0009,Closed,AN-CSE-07-02,157,5,False,
AL-000360,CSE-07,2026-09-01T16:30:00,Medium,AST-CSE-07-017,C2 Beacon,TA0011,Open,AN-CSE-07-01,123,4,False,
AL-000361,CSE-07,2026-09-18T12:30:00,Low,AST-CSE-07-026,Privilege Escalation,TA0004,Closed,AN-CSE-07-05,25,5,False,
AL-000362,CSE-07,2026-08-23T13:17:00,Low,AST-CSE-07-020,Exfiltration,TA0010,Closed,AN-CSE-07-02,78,4,False,
AL-000363,CSE-07,2026-09-06T16:19:00,Medium,AST-CSE-07-029,Privilege Escalation,TA0004,Closed,AN-CSE-07-02,74,9,False,
AL-000364,CSE-07,2026-08-25T10:28:00,Low,AST-CSE-07-032,Suspicious Login,TA0001,Closed,AN-CSE-07-03,201,7,False,
AL-000365,CSE-07,2026-09-20T06:48:00,Low,AST-CSE-07-009,Suspicious Login,TA0001,Closed,AN-CSE-07-04,83,3,False,
AL-000366,CSE-07,2026-08-24T21:28:00,Medium,AST-CSE-07-024,Lateral Movement,TA0008,Closed,AN-CSE-07-07,51,8,False,
AL-000367,CSE-07,2026-09-14T20:23:00,Medium,AST-CSE-07-024,Policy Violation,TA0005,Open,AN-CSE-07-06,234,5,False,
AL-000368,CSE-07,2026-09-19T06:06:00,Critical,AST-CSE-07-006,Exfiltration,TA0010,Closed,AN-CSE-07-04,5,0,False,
AL-000369,CSE-07,2026-08-31T06:22:00,Low,AST-CSE-07-001,Policy Violation,TA0005,Closed,AN-CSE-07-01,175,9,False,
AL-000370,CSE-07,2026-09-06T03:47:00,Low,AST-CSE-07-028,C2 Beacon,TA0011,Open,AN-CSE-07-08,153,9,False,
AL-000371,CSE-07,2026-09-03T14:07:00,High,AST-CSE-07-026,Data Access Anomaly,TA0009,Closed,AN-CSE-07-06,6,1,False,
AL-000372,CSE-07,2026-09-11T15:40:00,Critical,AST-CSE-07-007,Policy Violation,TA0005,Closed,AN-CSE-07-05,8,0,False,
AL-000373,CSE-07,2026-08-30T07:14:00,Medium,AST-CSE-07-039,C2 Beacon,TA0011,Closed,AN-CSE-07-01,95,5,False,
AL-000374,CSE-07,2026-09-02T05:39:00,Medium,AST-CSE-07-025,Malware,TA0002,Closed,AN-CSE-07-04,183,9,False,
AL-000375,CSE-19,2026-09-02T02:50:00,Medium,AST-CSE-19-009,Phishing,TA0001,Closed,AN-CSE-19-02,96,5,False,
AL-000376,CSE-19,2026-09-06T14:52:00,Medium,AST-CSE-19-034,Data Access Anomaly,TA0009,Closed,AN-CSE-19-06,145,5,False,
AL-000377,CSE-19,2026-09-12T12:52:00,Critical,AST-CSE-19-011,C2 Beacon,TA0011,Closed,AN-CSE-19-04,4,0,False,
AL-000378,CSE-19,2026-08-31T03:11:00,Medium,AST-CSE-19-024,Malware,TA0002,Closed,AN-CSE-19-01,32,8,False,
AL-000379,CSE-19,2026-09-08T08:25:00,Medium,AST-CSE-19-004,Phishing,TA0001,Open,AN-CSE-19-05,59,4,False,
AL-000380,CSE-19,2026-09-16T14:27:00,Medium,AST-CSE-19-001,Exfiltration,TA0010,Closed,AN-CSE-19-05,199,4,False,
AL-000381,CSE-19,2026-09-17T02:53:00,Low,AST-CSE-19-007,Suspicious Login,TA0001,Closed,AN-CSE-19-02,175,4,False,
AL-000382,CSE-19,2026-09-07T02:50:00,Medium,AST-CSE-19-034,Lateral Movement,TA0008,Closed,AN-CSE-19-01,73,8,False,
AL-000383,CSE-19,2026-09-18T08:07:00,Critical,AST-CSE-19-016,Malware,TA0002,Open,AN-CSE-19-08,38,9,False,
AL-000384,CSE-19,2026-09-06T02:44:00,Medium,AST-CSE-19-007,Exfiltration,TA0010,Closed,AN-CSE-19-08,228,4,False,
AL-000385,CSE-19,2026-09-09T22:13:00,Low,AST-CSE-19-019,Privilege Escalation,TA0004,Closed,AN-CSE-19-02,214,3,False,
AL-000386,CSE-19,2026-08-22T21:21:00,Medium,AST-CSE-19-009,Brute Force,TA0006,Closed,AN-CSE-19-05,43,5,False,
AL-000387,CSE-19,2026-09-06T03:07:00,Medium,AST-CSE-19-012,Phishing,TA0001,Closed,AN-CSE-19-07,142,9,False,
AL-000388,CSE-19,2026-08-28T10:06:00,High,AST-CSE-19-011,Phishing,TA0001,Open,AN-CSE-19-03,166,6,False,
AL-000389,CSE-19,2026-08-27T00:21:00,Medium,AST-CSE-19-029,Brute Force,TA0006,Closed,AN-CSE-19-01,234,8,False,
AL-000390,CSE-19,2026-09-06T10:56:00,Low,AST-CSE-19-032,Phishing,TA0001,Open,AN-CSE-19-05,23,8,False,
AL-000391,CSE-19,2026-09-12T14:05:00,Low,AST-CSE-19-034,Data Access Anomaly,TA0009,Open,AN-CSE-19-06,196,8,False,
AL-000392,CSE-19,2026-09-12T20:38:00,Medium,AST-CSE-19-007,C2 Beacon,TA0011,Open,AN-CSE-19-07,231,7,False,
AL-000393,CSE-19,2026-09-14T19:06:00,Medium,AST-CSE-19-004,Malware,TA0002,Closed,AN-CSE-19-08,62,3,False,
AL-000394,CSE-19,2026-09-18T19:46:00,Low,AST-CSE-19-016,Privilege Escalation,TA0004,Closed,AN-CSE-19-07,80,3,False,
AL-000395,CSE-19,2026-08-23T20:32:00,Medium,AST-CSE-19-029,Data Access Anomaly,TA0009,Open,AN-CSE-19-06,147,8,False,
AL-000396,CSE-19,2026-09-02T19:00:00,Medium,AST-CSE-19-007,C2 Beacon,TA0011,Closed,AN-CSE-19-02,178,8,False,
AL-000397,CSE-19,2026-08-29T21:39:00,High,AST-CSE-19-033,Suspicious Login,TA0001,Closed,AN-CSE-19-06,5,1,False,
AL-000398,CSE-19,2026-08-31T20:15:00,Low,AST-CSE-19-022,Suspicious Login,TA0001,Open,AN-CSE-19-06,49,3,False,
AL-000399,CSE-19,2026-08-24T15:09:00,Medium,AST-CSE-19-015,Malware,TA0002,Closed,AN-CSE-19-05,115,8,False,
AL-000400,CSE-19,2026-08-24T13:13:00,Medium,AST-CSE-19-003,Brute Force,TA0006,Closed,AN-CSE-19-07,176,4,False,
AL-000401,CSE-19,2026-08-25T05:15:00,High,AST-CSE-19-008,C2 Beacon,TA0011,Open,AN-CSE-19-06,121,3,False,
AL-000402,CSE-19,2026-09-05T21:18:00,Low,AST-CSE-19-038,Phishing,TA0001,Open,AN-CSE-19-03,21,7,False,
AL-000403,CSE-19,2026-08-24T17:30:00,Low,AST-CSE-19-004,Suspicious Login,TA0001,Closed,AN-CSE-19-03,64,8,False,
AL-000404,CSE-19,2026-09-01T01:28:00,Medium,AST-CSE-19-007,C2 Beacon,TA0011,Closed,AN-CSE-19-07,175,8,False,
AL-000405,CSE-19,2026-09-06T07:52:00,Low,AST-CSE-19-026,Privilege Escalation,TA0004,Closed,AN-CSE-19-07,211,7,False,
AL-000406,CSE-19,2026-08-21T18:20:00,Low,AST-CSE-19-036,Privilege Escalation,TA0004,Closed,AN-CSE-19-04,179,8,False,
AL-000407,CSE-19,2026-08-31T06:28:00,Low,AST-CSE-19-023,Brute Force,TA0006,Open,AN-CSE-19-06,214,5,False,
AL-000408,CSE-19,2026-08-29T13:34:00,Medium,AST-CSE-19-031,Data Access Anomaly,TA0009,Closed,AN-CSE-19-05,128,9,False,
AL-000409,CSE-19,2026-09-16T10:18:00,Critical,AST-CSE-19-034,Phishing,TA0001,Closed,AN-CSE-19-01,56,5,False,
AL-000410,CSE-19,2026-09-19T00:08:00,Low,AST-CSE-19-019,Lateral Movement,TA0008,Open,AN-CSE-19-08,192,8,False,
AL-000411,CSE-19,2026-09-03T13:42:00,Medium,AST-CSE-19-015,Suspicious Login,TA0001,Open,AN-CSE-19-01,119,6,False,
AL-000412,CSE-19,2026-09-12T05:21:00,Critical,AST-CSE-19-036,Malware,TA0002,Closed,AN-CSE-19-08,7,0,False,
AL-000413,CSE-19,2026-08-30T09:49:00,Medium,AST-CSE-19-013,Exfiltration,TA0010,Closed,AN-CSE-19-03,50,6,False,
AL-000414,CSE-19,2026-09-16T06:23:00,Medium,AST-CSE-19-028,Exfiltration,TA0010,Closed,AN-CSE-19-05,139,8,False,
AL-000415,CSE-19,2026-09-01T10:11:00,Low,AST-CSE-19-003,Brute Force,TA0006,Closed,AN-CSE-19-05,166,7,False,
AL-000416,CSE-19,2026-09-14T19:56:00,Medium,AST-CSE-19-005,Privilege Escalation,TA0004,Closed,AN-CSE-19-03,157,6,False,
AL-000417,CSE-19,2026-08-30T01:39:00,Low,AST-CSE-19-023,Lateral Movement,TA0008,Open,AN-CSE-19-06,212,7,False,
AL-000418,CSE-19,2026-08-31T11:53:00,Low,AST-CSE-19-031,Suspicious Login,TA0001,Open,AN-CSE-19-06,184,7,False,
AL-000419,CSE-19,2026-09-09T23:02:00,Low,AST-CSE-19-016,Malware,TA0002,Closed,AN-CSE-19-02,158,8,False,
AL-000420,CSE-19,2026-09-03T21:29:00,Medium,AST-CSE-19-034,Privilege Escalation,TA0004,Closed,AN-CSE-19-01,186,4,False,
AL-000421,CSE-19,2026-08-26T18:26:00,Low,AST-CSE-19-007,Brute Force,TA0006,Open,AN-CSE-19-01,73,8,False,
AL-000422,CSE-19,2026-08-24T13:04:00,High,AST-CSE-19-028,Phishing,TA0001,Closed,AN-CSE-19-07,3,0,False,
AL-000423,CSE-19,2026-09-18T10:49:00,Critical,AST-CSE-19-030,Privilege Escalation,TA0004,Closed,AN-CSE-19-05,5,1,False,
AL-000424,CSE-19,2026-09-07T22:40:00,Medium,AST-CSE-19-027,C2 Beacon,TA0011,Closed,AN-CSE-19-01,50,7,False,
AL-000425,CSE-19,2026-09-18T00:01:00,Low,AST-CSE-19-038,Malware,TA0002,Open,AN-CSE-19-02,195,5,False,
AL-000426,CSE-19,2026-09-05T23:35:00,Low,AST-CSE-19-006,Exfiltration,TA0010,Closed,AN-CSE-19-01,156,4,False,
AL-000427,CSE-19,2026-09-16T02:17:00,Low,AST-CSE-19-035,Exfiltration,TA0010,Open,AN-CSE-19-06,22,7,False,
AL-000428,CSE-19,2026-09-01T16:35:00,Critical,AST-CSE-19-010,Phishing,TA0001,Closed,AN-CSE-19-02,7,0,False,
AL-000429,CSE-19,2026-09-15T04:21:00,High,AST-CSE-19-027,Suspicious Login,TA0001,Open,AN-CSE-19-05,61,8,False,
AL-000430,CSE-19,2026-09-03T09:42:00,Medium,AST-CSE-19-004,Suspicious Login,TA0001,Open,AN-CSE-19-02,70,8,False,
AL-000431,CSE-19,2026-08-29T15:45:00,Medium,AST-CSE-19-032,Privilege Escalation,TA0004,Closed,AN-CSE-19-02,37,4,False,
AL-000432,CSE-19,2026-08-30T02:16:00,Medium,AST-CSE-19-032,Policy Violation,TA0005,Closed,AN-CSE-19-03,113,9,False,
AL-000433,CSE-19,2026-09-13T04:15:00,Critical,AST-CSE-19-028,Brute Force,TA0006,Closed,AN-CSE-19-07,7,0,False,
AL-000434,CSE-19,2026-09-09T02:29:00,Medium,AST-CSE-19-022,Policy Violation,TA0005,Closed,AN-CSE-19-02,175,3,False,
AL-000435,CSE-19,2026-08-27T15:56:00,High,AST-CSE-19-009,Suspicious Login,TA0001,Closed,AN-CSE-19-02,2,1,False,
AL-000436,CSE-19,2026-09-03T03:26:00,Low,AST-CSE-19-038,Lateral Movement,TA0008,Closed,AN-CSE-19-08,58,5,False,
AL-000437,CSE-19,2026-09-11T07:31:00,Low,AST-CSE-19-015,Data Access Anomaly,TA0009,Open,AN-CSE-19-02,148,3,False,
AL-000438,CSE-19,2026-08-26T19:52:00,Low,AST-CSE-19-016,Data Access Anomaly,TA0009,Open,AN-CSE-19-08,164,7,False,
AL-000439,CSE-19,2026-09-19T04:12:00,Low,AST-CSE-19-010,Policy Violation,TA0005,Closed,AN-CSE-19-08,87,5,False,
AL-000440,CSE-19,2026-08-26T00:36:00,Medium,AST-CSE-19-003,Lateral Movement,TA0008,Open,AN-CSE-19-08,31,3,False,
AL-000441,CSE-19,2026-09-11T12:44:00,Medium,AST-CSE-19-007,Suspicious Login,TA0001,Open,AN-CSE-19-03,116,5,False,
AL-000442,CSE-19,2026-08-22T04:27:00,High,AST-CSE-19-005,Suspicious Login,TA0001,Closed,AN-CSE-19-07,7,1,False,
AL-000443,CSE-19,2026-08-23T07:32:00,Critical,AST-CSE-19-031,Data Access Anomaly,TA0009,Closed,AN-CSE-19-03,146,8,False,
AL-000444,CSE-19,2026-08-29T08:18:00,Medium,AST-CSE-19-012,Brute Force,TA0006,Closed,AN-CSE-19-04,104,8,False,
AL-000445,CSE-19,2026-09-02T06:19:00,Medium,AST-CSE-19-031,Policy Violation,TA0005,Open,AN-CSE-19-07,31,4,False,
AL-000446,CSE-19,2026-09-04T10:03:00,High,AST-CSE-19-038,Brute Force,TA0006,Open,AN-CSE-19-03,81,4,False,
AL-000447,CSE-19,2026-08-31T11:04:00,Low,AST-CSE-19-026,Data Access Anomaly,TA0009,Open,AN-CSE-19-05,75,6,False,
AL-000448,CSE-19,2026-08-24T22:22:00,High,AST-CSE-19-031,Policy Violation,TA0005,Closed,AN-CSE-19-03,4,1,False,
AL-000449,CSE-19,2026-08-31T17:56:00,Low,AST-CSE-19-011,Privilege Escalation,TA0004,Closed,AN-CSE-19-04,53,3,False,
AL-000450,CSE-19,2026-09-03T14:34:00,Low,AST-CSE-19-013,Suspicious Login,TA0001,Open,AN-CSE-19-03,65,6,False,
AL-000451,CSE-19,2026-09-02T19:12:00,Low,AST-CSE-19-039,Malware,TA0002,Open,AN-CSE-19-02,188,4,False,
AL-000452,CSE-19,2026-08-26T14:19:00,Low,AST-CSE-19-035,Malware,TA0002,Closed,AN-CSE-19-07,114,9,False,
AL-000453,CSE-19,2026-08-25T20:10:00,High,AST-CSE-19-034,C2 Beacon,TA0011,Closed,AN-CSE-19-07,3,1,False,
AL-000454,CSE-19,2026-09-13T09:42:00,Medium,AST-CSE-19-009,Exfiltration,TA0010,Open,AN-CSE-19-07,21,8,False,
AL-000455,CSE-19,2026-09-04T11:36:00,Medium,AST-CSE-19-001,Data Access Anomaly,TA0009,Closed,AN-CSE-19-04,100,6,False,
AL-000456,CSE-19,2026-09-02T03:44:00,Medium,AST-CSE-19-007,Brute Force,TA0006,Open,AN-CSE-19-07,176,5,False,
AL-000457,CSE-19,2026-08-25T18:30:00,Medium,AST-CSE-19-026,Lateral Movement,TA0008,Closed,AN-CSE-19-03,162,6,False,
AL-000458,CSE-19,2026-08-28T23:13:00,Medium,AST-CSE-19-020,Data Access Anomaly,TA0009,Open,AN-CSE-19-03,188,3,False,
AL-000459,CSE-19,2026-09-15T08:47:00,Low,AST-CSE-19-015,Policy Violation,TA0005,Open,AN-CSE-19-07,225,7,False,
AL-000460,CSE-19,2026-08-31T11:09:00,Medium,AST-CSE-19-004,Brute Force,TA0006,Closed,AN-CSE-19-02,140,7,False,
AL-000461,CSE-19,2026-09-09T09:22:00,Medium,AST-CSE-19-006,Phishing,TA0001,Open,AN-CSE-19-01,122,7,False,
AL-000462,CSE-19,2026-08-25T06:20:00,Low,AST-CSE-19-039,Malware,TA0002,Open,AN-CSE-19-08,71,9,False,
AL-000463,CSE-19,2026-08-25T16:28:00,High,AST-CSE-19-034,Exfiltration,TA0010,Closed,AN-CSE-19-04,2,1,False,
AL-000464,CSE-19,2026-09-18T03:11:00,Low,AST-CSE-19-016,Malware,TA0002,Open,AN-CSE-19-07,121,6,False,
AL-000465,CSE-19,2026-08-29T09:02:00,Critical,AST-CSE-19-013,Suspicious Login,TA0001,Closed,AN-CSE-19-02,7,1,False,
AL-000466,CSE-19,2026-09-05T23:24:00,Low,AST-CSE-19-015,Data Access Anomaly,TA0009,Closed,AN-CSE-19-01,124,7,False,
AL-000467,CSE-19,2026-09-16T19:44:00,Medium,AST-CSE-19-033,Exfiltration,TA0010,Closed,AN-CSE-19-05,116,7,False,
AL-000468,CSE-19,2026-09-05T14:31:00,Low,AST-CSE-19-016,Privilege Escalation,TA0004,Closed,AN-CSE-19-01,86,3,False,
AL-000469,CSE-19,2026-09-08T19:26:00,Medium,AST-CSE-19-015,Privilege Escalation,TA0004,Closed,AN-CSE-19-01,87,4,False,
AL-000470,CSE-19,2026-08-22T06:30:00,Critical,AST-CSE-19-026,Privilege Escalation,TA0004,Closed,AN-CSE-19-06,6,0,False,
AL-000471,CSE-19,2026-09-12T12:45:00,Low,AST-CSE-19-013,Policy Violation,TA0005,Closed,AN-CSE-19-05,71,9,False,
AL-000472,CSE-19,2026-09-17T08:02:00,High,AST-CSE-19-040,Privilege Escalation,TA0004,Closed,AN-CSE-19-02,9,0,False,
AL-000473,CSE-19,2026-09-08T16:40:00,Low,AST-CSE-19-035,Malware,TA0002,Closed,AN-CSE-19-08,167,9,False,
AL-000474,CSE-19,2026-08-21T19:43:00,Low,AST-CSE-19-032,Brute Force,TA0006,Closed,AN-CSE-19-07,167,4,False,
AL-000475,CSE-19,2026-09-03T10:28:00,Medium,AST-CSE-19-034,C2 Beacon,TA0011,Closed,AN-CSE-19-06,195,9,False,
AL-000476,CSE-19,2026-09-06T01:16:00,Low,AST-CSE-19-030,Phishing,TA0001,Open,AN-CSE-19-01,73,6,False,
AL-000477,CSE-19,2026-09-14T18:44:00,Low,AST-CSE-19-024,Data Access Anomaly,TA0009,Closed,AN-CSE-19-04,176,5,False,
AL-000478,CSE-19,2026-09-06T13:12:00,Medium,AST-CSE-19-012,Policy Violation,TA0005,Closed,AN-CSE-19-06,122,5,False,
AL-000479,CSE-19,2026-09-01T14:46:00,High,AST-CSE-19-012,Data Access Anomaly,TA0009,Closed,AN-CSE-19-02,5,1,False,
AL-000480,CSE-19,2026-08-28T07:30:00,High,AST-CSE-19-025,Lateral Movement,TA0008,Open,AN-CSE-19-01,142,4,False,
AL-000481,CSE-19,2026-08-23T17:57:00,High,AST-CSE-19-032,Exfiltration,TA0010,Closed,AN-CSE-19-07,56,3,False,
AL-000482,CSE-19,2026-09-16T21:13:00,Low,AST-CSE-19-017,Policy Violation,TA0005,Open,AN-CSE-19-06,112,7,False,
AL-000483,CSE-19,2026-09-17T00:05:00,Critical,AST-CSE-19-017,Privilege Escalation,TA0004,Closed,AN-CSE-19-04,4,1,False,
AL-000484,CSE-19,2026-09-04T12:32:00,Medium,AST-CSE-19-023,Privilege Escalation,TA0004,Open,AN-CSE-19-02,93,6,False,
AL-000485,CSE-19,2026-08-22T01:34:00,Medium,AST-CSE-19-010,Brute Force,TA0006,Closed,AN-CSE-19-07,38,3,False,
AL-000486,CSE-19,2026-08-31T02:15:00,Medium,AST-CSE-19-022,Lateral Movement,TA0008,Closed,AN-CSE-19-05,121,5,False,
AL-000487,CSE-19,2026-09-05T22:50:00,Medium,AST-CSE-19-024,Data Access Anomaly,TA0009,Closed,AN-CSE-19-03,52,8,False,
AL-000488,CSE-19,2026-09-08T08:54:00,High,AST-CSE-19-017,Phishing,TA0001,Closed,AN-CSE-19-02,9,0,False,
AL-000489,CSE-19,2026-09-18T08:44:00,Low,AST-CSE-19-026,Suspicious Login,TA0001,Closed,AN-CSE-19-03,119,5,False,
AL-000490,CSE-19,2026-09-16T07:27:00,Medium,AST-CSE-19-016,Exfiltration,TA0010,Closed,AN-CSE-19-03,189,5,False,
AL-000491,CSE-19,2026-09-03T03:25:00,Low,AST-CSE-19-031,Policy Violation,TA0005,Closed,AN-CSE-19-08,198,7,False,
AL-000492,CSE-19,2026-08-27T15:04:00,Medium,AST-CSE-19-038,Data Access Anomaly,TA0009,Closed,AN-CSE-19-07,183,7,False,
AL-000493,CSE-19,2026-08-26T09:32:00,Medium,AST-CSE-19-023,Policy Violation,TA0005,Closed,AN-CSE-19-05,86,4,False,
AL-000494,CSE-19,2026-08-27T07:38:00,Medium,AST-CSE-19-001,Malware,TA0002,Closed,AN-CSE-19-05,22,8,False,
AL-000495,CSE-19,2026-09-07T02:22:00,Critical,AST-CSE-19-031,Exfiltration,TA0010,Closed,AN-CSE-19-04,7,0,False,
AL-000496,CSE-19,2026-09-13T06:15:00,Medium,AST-CSE-19-027,Suspicious Login,TA0001,Closed,AN-CSE-19-07,76,5,False,
AL-000497,CSE-19,2026-08-25T16:09:00,Medium,AST-CSE-19-028,Lateral Movement,TA0008,Closed,AN-CSE-19-05,210,7,False,
AL-000498,CSE-19,2026-09-15T07:42:00,Low,AST-CSE-19-027,Lateral Movement,TA0008,Closed,AN-CSE-19-02,178,6,False,
AL-000499,CSE-19,2026-09-20T07:57:00,High,AST-CSE-19-040,Policy Violation,TA0005,Closed,AN-CSE-19-01,41,5,False,
AL-000500,CSE-19,2026-09-16T11:29:00,High,AST-CSE-19-029,Malware,TA0002,Closed,AN-CSE-19-04,6,1,False,
AL-000501,CSE-19,2026-09-19T01:55:00,Low,AST-CSE-19-024,Policy Violation,TA0005,Closed,AN-CSE-19-03,218,6,False,
AL-000502,CSE-19,2026-08-23T03:08:00,High,AST-CSE-19-035,Policy Violation,TA0005,Closed,AN-CSE-19-07,3,0,False,
AL-000503,CSE-19,2026-09-19T05:31:00,High,AST-CSE-19-025,Policy Violation,TA0005,Closed,AN-CSE-19-02,5,1,False,
AL-000504,CSE-19,2026-09-14T15:14:00,Low,AST-CSE-19-025,Exfiltration,TA0010,Closed,AN-CSE-19-01,160,7,False,
AL-000505,CSE-19,2026-08-23T10:05:00,High,AST-CSE-19-031,Exfiltration,TA0010,Closed,AN-CSE-19-04,5,1,False,
AL-000506,CSE-19,2026-09-02T08:35:00,Low,AST-CSE-19-001,Brute Force,TA0006,Open,AN-CSE-19-04,30,7,False,
AL-000507,CSE-19,2026-08-27T09:45:00,High,AST-CSE-19-031,Data Access Anomaly,TA0009,Closed,AN-CSE-19-03,7,0,False,
AL-000508,CSE-19,2026-08-28T18:10:00,Medium,AST-CSE-19-004,Privilege Escalation,TA0004,Open,AN-CSE-19-02,79,5,False,
AL-000509,CSE-19,2026-09-19T13:36:00,Low,AST-CSE-19-023,Policy Violation,TA0005,Closed,AN-CSE-19-06,84,3,False,
AL-000510,CSE-19,2026-08-28T20:48:00,Medium,AST-CSE-19-029,Suspicious Login,TA0001,Closed,AN-CSE-19-03,102,8,False,
AL-000511,CSE-19,2026-09-04T07:32:00,High,AST-CSE-19-039,Suspicious Login,TA0001,Closed,AN-CSE-19-05,7,1,False,
AL-000512,CSE-19,2026-09-15T11:21:00,Medium,AST-CSE-19-001,Suspicious Login,TA0001,Open,AN-CSE-19-06,81,5,False,
AL-000513,CSE-19,2026-09-13T19:17:00,Low,AST-CSE-19-005,Suspicious Login,TA0001,Closed,AN-CSE-19-08,59,7,False,
AL-000514,CSE-19,2026-09-03T14:56:00,High,AST-CSE-19-027,Privilege Escalation,TA0004,Closed,AN-CSE-19-01,4,0,False,
AL-000515,CSE-19,2026-09-17T10:24:00,Medium,AST-CSE-19-013,Phishing,TA0001,Open,AN-CSE-19-07,154,7,False,
AL-000516,CSE-19,2026-09-12T16:15:00,Critical,AST-CSE-19-038,Exfiltration,TA0010,Closed,AN-CSE-19-02,68,8,False,
AL-000517,CSE-19,2026-08-27T22:08:00,Medium,AST-CSE-19-030,Malware,TA0002,Open,AN-CSE-19-06,34,9,False,
AL-000518,CSE-19,2026-08-25T02:56:00,Low,AST-CSE-19-034,Malware,TA0002,Open,AN-CSE-19-04,44,3,False,
AL-000519,CSE-19,2026-09-13T19:18:00,Medium,AST-CSE-19-015,Suspicious Login,TA0001,Open,AN-CSE-19-04,65,7,False,
AL-000520,CSE-19,2026-08-26T15:24:00,Low,AST-CSE-19-036,C2 Beacon,TA0011,Closed,AN-CSE-19-06,199,8,False,
AL-000521,CSE-19,2026-09-02T23:28:00,Low,AST-CSE-19-007,Brute Force,TA0006,Closed,AN-CSE-19-06,156,7,False,
AL-000522,CSE-19,2026-09-10T00:34:00,Medium,AST-CSE-19-023,Privilege Escalation,TA0004,Closed,AN-CSE-19-07,102,7,False,
AL-000523,CSE-19,2026-08-26T18:01:00,High,AST-CSE-19-037,Suspicious Login,TA0001,Closed,AN-CSE-19-05,9,1,False,
AL-000524,CSE-19,2026-09-10T16:59:00,Low,AST-CSE-19-026,Malware,TA0002,Closed,AN-CSE-19-03,97,3,False,
AL-000525,CSE-19,2026-09-19T13:08:00,Low,AST-CSE-19-015,Lateral Movement,TA0008,Open,AN-CSE-19-05,150,7,False,
AL-000526,CSE-19,2026-09-06T00:51:00,High,AST-CSE-19-037,Brute Force,TA0006,Closed,AN-CSE-19-03,5,0,False,
AL-000527,CSE-19,2026-09-07T17:02:00,High,AST-CSE-19-017,Exfiltration,TA0010,Closed,AN-CSE-19-04,7,1,False,
AL-000528,CSE-19,2026-08-28T13:24:00,Low,AST-CSE-19-012,Policy Violation,TA0005,Open,AN-CSE-19-02,96,3,False,
AL-000529,CSE-19,2026-09-19T01:38:00,Critical,AST-CSE-19-037,C2 Beacon,TA0011,Closed,AN-CSE-19-07,3,0,False,
AL-000530,CSE-19,2026-08-30T23:57:00,Medium,AST-CSE-19-039,Malware,TA0002,Open,AN-CSE-19-05,101,7,False,
AL-000531,CSE-19,2026-09-13T07:57:00,Medium,AST-CSE-19-010,Privilege Escalation,TA0004,Open,AN-CSE-19-07,212,7,False,
AL-000532,CSE-19,2026-09-10T23:51:00,High,AST-CSE-19-033,Phishing,TA0001,Closed,AN-CSE-19-03,9,0,False,
AL-000533,CSE-19,2026-09-07T19:33:00,Medium,AST-CSE-19-036,C2 Beacon,TA0011,Closed,AN-CSE-19-03,143,7,False,
AL-000534,CSE-19,2026-09-13T18:21:00,Medium,AST-CSE-19-032,C2 Beacon,TA0011,Closed,AN-CSE-19-04,88,9,False,
AL-000535,CSE-19,2026-09-06T22:37:00,High,AST-CSE-19-037,Phishing,TA0001,Open,AN-CSE-19-06,103,7,False,
AL-000536,CSE-19,2026-08-31T21:21:00,Low,AST-CSE-19-020,Brute Force,TA0006,Closed,AN-CSE-19-03,229,4,False,
AL-000537,CSE-19,2026-08-24T09:53:00,Low,AST-CSE-19-024,Brute Force,TA0006,Closed,AN-CSE-19-01,178,4,False,
AL-000538,CSE-19,2026-09-05T11:39:00,Medium,AST-CSE-19-022,Phishing,TA0001,Open,AN-CSE-19-04,74,4,False,
AL-000539,CSE-19,2026-08-31T12:51:00,Medium,AST-CSE-19-034,Exfiltration,TA0010,Closed,AN-CSE-19-01,189,7,False,
AL-000540,CSE-19,2026-08-25T13:21:00,Medium,AST-CSE-19-011,Malware,TA0002,Closed,AN-CSE-19-05,187,3,False,
AL-000541,CSE-19,2026-08-21T14:37:00,Medium,AST-CSE-19-025,Exfiltration,TA0010,Closed,AN-CSE-19-02,186,6,False,
AL-000542,CSE-19,2026-09-17T01:29:00,Low,AST-CSE-19-025,Suspicious Login,TA0001,Open,AN-CSE-19-02,148,6,False,
AL-000543,CSE-19,2026-09-11T01:29:00,Low,AST-CSE-19-003,Lateral Movement,TA0008,Open,AN-CSE-19-07,24,5,False,
AL-000544,CSE-19,2026-09-12T19:43:00,Medium,AST-CSE-19-023,Privilege Escalation,TA0004,Closed,AN-CSE-19-01,119,9,False,
AL-000545,CSE-19,2026-09-07T14:52:00,Medium,AST-CSE-19-015,Brute Force,TA0006,Open,AN-CSE-19-02,153,8,False,
AL-000546,CSE-19,2026-09-15T22:41:00,High,AST-CSE-19-015,C2 Beacon,TA0011,Closed,AN-CSE-19-06,4,0,False,
AL-000547,CSE-19,2026-08-26T05:05:00,Medium,AST-CSE-19-009,Data Access Anomaly,TA0009,Closed,AN-CSE-19-03,200,7,False,
AL-000548,CSE-19,2026-09-02T06:40:00,Medium,AST-CSE-19-028,Brute Force,TA0006,Closed,AN-CSE-19-02,204,3,False,
AL-000549,CSE-19,2026-08-22T22:34:00,Low,AST-CSE-19-010,Malware,TA0002,Open,AN-CSE-19-05,230,8,False,
AL-000550,CSE-19,2026-09-15T11:12:00,High,AST-CSE-19-010,Lateral Movement,TA0008,Closed,AN-CSE-19-05,5,0,False,
AL-000551,CSE-19,2026-08-28T20:52:00,Medium,AST-CSE-19-015,Malware,TA0002,Closed,AN-CSE-19-08,115,4,False,
AL-000552,CSE-19,2026-09-14T04:58:00,High,AST-CSE-19-032,Policy Violation,TA0005,Closed,AN-CSE-19-07,2,1,False,
AL-000553,CSE-19,2026-09-14T05:56:00,Low,AST-CSE-19-027,Lateral Movement,TA0008,Open,AN-CSE-19-03,132,9,False,
AL-000554,CSE-19,2026-08-23T04:33:00,Low,AST-CSE-19-032,Privilege Escalation,TA0004,Closed,AN-CSE-19-07,175,8,False,
AL-000555,CSE-19,2026-09-01T16:26:00,Low,AST-CSE-19-026,Data Access Anomaly,TA0009,Closed,AN-CSE-19-01,135,6,False,
AL-000556,CSE-19,2026-08-28T10:25:00,Medium,AST-CSE-19-034,Suspicious Login,TA0001,Closed,AN-CSE-19-07,181,3,False,
AL-000557,CSE-19,2026-09-11T02:31:00,Medium,AST-CSE-19-019,Policy Violation,TA0005,Open,AN-CSE-19-03,176,3,False,
AL-000558,CSE-19,2026-08-30T21:55:00,Medium,AST-CSE-19-034,Brute Force,TA0006,Open,AN-CSE-19-02,169,8,False,
AL-000559,CSE-19,2026-09-06T11:49:00,Medium,AST-CSE-19-009,C2 Beacon,TA0011,Closed,AN-CSE-19-08,202,4,False,
AL-000560,CSE-19,2026-08-30T13:10:00,Medium,AST-CSE-19-006,Exfiltration,TA0010,Closed,AN-CSE-19-03,51,3,False,
AL-000561,CSE-19,2026-08-28T23:14:00,High,AST-CSE-19-029,Privilege Escalation,TA0004,Closed,AN-CSE-19-03,8,0,False,
AL-000562,CSE-19,2026-08-30T07:50:00,Medium,AST-CSE-19-011,Privilege Escalation,TA0004,Closed,AN-CSE-19-03,202,3,False,
AL-000563,CSE-19,2026-09-06T02:20:00,Low,AST-CSE-19-020,Exfiltration,TA0010,Closed,AN-CSE-19-03,53,4,False,
AL-000564,CSE-19,2026-09-04T20:26:00,Critical,AST-CSE-19-040,Exfiltration,TA0010,Closed,AN-CSE-19-01,9,0,False,
AL-000565,CSE-19,2026-09-06T09:22:00,Medium,AST-CSE-19-038,Policy Violation,TA0005,Open,AN-CSE-19-01,160,5,False,
AL-000566,CSE-19,2026-08-31T00:58:00,High,AST-CSE-19-004,Brute Force,TA0006,Closed,AN-CSE-19-03,6,1,False,
AL-000567,CSE-19,2026-09-15T06:17:00,High,AST-CSE-19-006,Malware,TA0002,Closed,AN-CSE-19-05,4,1,False,
AL-000568,CSE-19,2026-09-18T02:40:00,Low,AST-CSE-19-038,Privilege Escalation,TA0004,Closed,AN-CSE-19-06,229,3,False,
AL-000569,CSE-19,2026-09-16T08:16:00,Medium,AST-CSE-19-036,Phishing,TA0001,Closed,AN-CSE-19-05,125,7,False,
AL-000570,CSE-19,2026-08-27T15:27:00,High,AST-CSE-19-040,Malware,TA0002,Closed,AN-CSE-19-02,6,1,False,
AL-000571,CSE-19,2026-09-01T16:38:00,High,AST-CSE-19-039,Privilege Escalation,TA0004,Closed,AN-CSE-19-03,9,1,False,
AL-000572,CSE-19,2026-09-12T13:42:00,Low,AST-CSE-19-032,Brute Force,TA0006,Open,AN-CSE-19-04,26,6,False,
AL-000573,CSE-19,2026-09-06T22:58:00,Low,AST-CSE-19-008,Lateral Movement,TA0008,Closed,AN-CSE-19-06,226,8,False,
AL-000574,CSE-19,2026-09-12T09:41:00,Low,AST-CSE-19-001,Lateral Movement,TA0008,Closed,AN-CSE-19-05,102,9,False,
AL-000575,CSE-19,2026-08-27T17:21:00,Medium,AST-CSE-19-008,Privilege Escalation,TA0004,Closed,AN-CSE-19-01,69,5,False,
AL-000576,CSE-19,2026-09-05T07:20:00,Medium,AST-CSE-19-031,Malware,TA0002,Closed,AN-CSE-19-08,157,5,False,
AL-000577,CSE-19,2026-09-10T17:14:00,Low,AST-CSE-19-027,Malware,TA0002,Open,AN-CSE-19-06,24,4,False,
AL-000578,CSE-19,2026-09-16T03:07:00,Critical,AST-CSE-19-022,Privilege Escalation,TA0004,Closed,AN-CSE-19-01,8,0,False,
AL-000579,CSE-19,2026-08-26T02:15:00,High,AST-CSE-19-012,Data Access Anomaly,TA0009,Closed,AN-CSE-19-06,6,1,False,
AL-000580,CSE-19,2026-09-08T21:07:00,Low,AST-CSE-19-006,Policy Violation,TA0005,Closed,AN-CSE-19-05,97,4,False,
AL-000581,CSE-19,2026-08-22T09:32:00,Low,AST-CSE-19-024,Malware,TA0002,Closed,AN-CSE-19-01,148,4,False,
AL-000582,CSE-19,2026-09-10T07:11:00,Medium,AST-CSE-19-031,Suspicious Login,TA0001,Closed,AN-CSE-19-02,152,8,False,
AL-000583,CSE-19,2026-08-23T19:53:00,Medium,AST-CSE-19-003,Policy Violation,TA0005,Open,AN-CSE-19-01,31,8,False,
AL-000584,CSE-19,2026-09-16T19:11:00,Low,AST-CSE-19-022,Policy Violation,TA0005,Open,AN-CSE-19-05,214,5,False,
AL-000585,CSE-19,2026-09-03T01:11:00,Medium,AST-CSE-19-013,Lateral Movement,TA0008,Closed,AN-CSE-19-08,89,4,False,
AL-000586,CSE-19,2026-09-02T19:54:00,Low,AST-CSE-19-008,Malware,TA0002,Closed,AN-CSE-19-04,160,5,False,
AL-000587,CSE-19,2026-09-15T09:41:00,Medium,AST-CSE-19-010,Exfiltration,TA0010,Closed,AN-CSE-19-06,32,4,False,
AL-000588,CSE-19,2026-09-19T09:33:00,High,AST-CSE-19-031,Malware,TA0002,Open,AN-CSE-19-07,167,7,False,
AL-000589,CSE-19,2026-09-10T05:15:00,Medium,AST-CSE-19-029,Data Access Anomaly,TA0009,Closed,AN-CSE-19-02,213,9,False,
AL-000590,CSE-19,2026-08-25T13:31:00,High,AST-CSE-19-037,Brute Force,TA0006,Closed,AN-CSE-19-02,9,1,False,
AL-000591,CSE-19,2026-08-22T16:44:00,High,AST-CSE-19-015,Lateral Movement,TA0008,Closed,AN-CSE-19-06,7,1,False,
AL-000592,CSE-19,2026-09-05T08:38:00,Critical,AST-CSE-19-030,Policy Violation,TA0005,Closed,AN-CSE-19-08,4,1,False,
AL-000593,CSE-19,2026-09-04T08:35:00,Medium,AST-CSE-19-023,Data Access Anomaly,TA0009,Closed,AN-CSE-19-02,186,3,False,
AL-000594,CSE-19,2026-09-07T04:21:00,Medium,AST-CSE-19-035,Policy Violation,TA0005,Closed,AN-CSE-19-04,143,6,False,
AL-000595,CSE-19,2026-09-01T22:10:00,Low,AST-CSE-19-022,Lateral Movement,TA0008,Open,AN-CSE-19-07,107,7,False,
AL-000596,CSE-19,2026-09-17T12:01:00,Medium,AST-CSE-19-016,Brute Force,TA0006,Closed,AN-CSE-19-08,172,6,False,
AL-000597,CSE-19,2026-09-15T02:35:00,Low,AST-CSE-19-036,Phishing,TA0001,Open,AN-CSE-19-02,195,9,False,
AL-000598,CSE-19,2026-08-30T10:55:00,Medium,AST-CSE-19-025,Privilege Escalation,TA0004,Open,AN-CSE-19-04,168,9,False,
AL-000599,CSE-19,2026-09-05T18:42:00,Medium,AST-CSE-19-001,Brute Force,TA0006,Closed,AN-CSE-19-07,134,4,False,
AL-000600,CSE-19,2026-08-30T02:02:00,Low,AST-CSE-19-020,Data Access Anomaly,TA0009,Open,AN-CSE-19-07,108,3,False,
AL-000601,CSE-19,2026-09-08T07:06:00,Low,AST-CSE-19-001,Data Access Anomaly,TA0009,Closed,AN-CSE-19-05,160,3,False,
AL-000602,CSE-19,2026-09-11T11:45:00,High,AST-CSE-19-036,Privilege Escalation,TA0004,Closed,AN-CSE-19-07,8,1,False,
AL-000603,CSE-19,2026-09-03T05:18:00,Medium,AST-CSE-19-025,C2 Beacon,TA0011,Closed,AN-CSE-19-03,68,7,False,
AL-000604,CSE-19,2026-08-23T14:52:00,High,AST-CSE-19-024,C2 Beacon,TA0011,Closed,AN-CSE-19-03,180,3,False,
AL-000605,CSE-19,2026-09-16T09:52:00,Low,AST-CSE-19-032,C2 Beacon,TA0011,Open,AN-CSE-19-07,221,8,False,
AL-000606,CSE-19,2026-09-03T22:25:00,High,AST-CSE-19-028,Data Access Anomaly,TA0009,Closed,AN-CSE-19-08,5,0,False,
AL-000607,CSE-19,2026-09-04T12:45:00,Critical,AST-CSE-19-028,Data Access Anomaly,TA0009,Closed,AN-CSE-19-05,7,0,False,
AL-000608,CSE-19,2026-09-09T08:23:00,Medium,AST-CSE-19-003,Data Access Anomaly,TA0009,Open,AN-CSE-19-08,40,4,False,
AL-000609,CSE-19,2026-09-17T19:04:00,Medium,AST-CSE-19-034,Exfiltration,TA0010,Open,AN-CSE-19-02,181,8,False,
AL-000610,CSE-19,2026-09-10T16:57:00,Low,AST-CSE-19-005,Suspicious Login,TA0001,Closed,AN-CSE-19-06,22,6,False,
AL-000611,CSE-19,2026-09-09T22:38:00,Medium,AST-CSE-19-033,Policy Violation,TA0005,Open,AN-CSE-19-05,29,8,False,
AL-000612,CSE-19,2026-08-30T20:23:00,Medium,AST-CSE-19-020,Data Access Anomaly,TA0009,Open,AN-CSE-19-03,188,5,False,
AL-000613,CSE-19,2026-09-18T07:28:00,Medium,AST-CSE-19-040,Malware,TA0002,Closed,AN-CSE-19-02,91,5,False,
AL-000614,CSE-19,2026-09-12T11:13:00,Medium,AST-CSE-19-040,Exfiltration,TA0010,Closed,AN-CSE-19-02,171,8,False,
AL-000615,CSE-19,2026-09-11T13:45:00,Low,AST-CSE-19-029,Privilege Escalation,TA0004,Closed,AN-CSE-19-08,155,9,False,
AL-000616,CSE-19,2026-09-01T07:07:00,Low,AST-CSE-19-022,Phishing,TA0001,Closed,AN-CSE-19-08,125,9,False,
AL-000617,CSE-19,2026-09-15T05:24:00,Low,AST-CSE-19-016,Policy Violation,TA0005,Closed,AN-CSE-19-06,87,9,False,
AL-000618,CSE-19,2026-09-05T02:30:00,Medium,AST-CSE-19-004,Brute Force,TA0006,Closed,AN-CSE-19-04,200,6,False,
AL-000619,CSE-19,2026-09-07T11:42:00,Medium,AST-CSE-19-017,Brute Force,TA0006,Open,AN-CSE-19-08,100,7,False,
AL-000620,CSE-19,2026-08-31T00:06:00,Low,AST-CSE-19-003,Phishing,TA0001,Closed,AN-CSE-19-07,186,9,False,
AL-000621,CSE-19,2026-09-17T03:19:00,Medium,AST-CSE-19-022,Exfiltration,TA0010,Closed,AN-CSE-19-07,192,8,False,
AL-000622,CSE-19,2026-08-29T13:49:00,Medium,AST-CSE-19-038,Lateral Movement,TA0008,Closed,AN-CSE-19-06,192,3,False,
AL-000623,CSE-19,2026-09-16T14:32:00,High,AST-CSE-19-001,C2 Beacon,TA0011,Closed,AN-CSE-19-06,87,5,False,
AL-000624,CSE-19,2026-09-18T16:18:00,Medium,AST-CSE-19-003,Malware,TA0002,Open,AN-CSE-19-04,183,3,False,
AL-000625,CSE-19,2026-09-15T23:18:00,Low,AST-CSE-19-008,Phishing,TA0001,Closed,AN-CSE-19-03,198,4,False,
AL-000626,CSE-19,2026-09-17T15:31:00,Medium,AST-CSE-19-019,Policy Violation,TA0005,Closed,AN-CSE-19-05,197,8,False,
AL-000627,CSE-19,2026-09-12T10:36:00,Low,AST-CSE-19-017,Brute Force,TA0006,Closed,AN-CSE-19-07,35,5,False,
AL-000628,CSE-19,2026-08-22T05:21:00,Critical,AST-CSE-19-012,Policy Violation,TA0005,Escalated,AN-CSE-19-07,140,3,True,
AL-000629,CSE-19,2026-09-16T21:15:00,Medium,AST-CSE-19-028,Lateral Movement,TA0008,Open,AN-CSE-19-05,38,3,False,
AL-000630,CSE-19,2026-09-05T07:19:00,Critical,AST-CSE-19-017,Policy Violation,TA0005,Closed,AN-CSE-19-01,8,1,False,
AL-000631,CSE-19,2026-09-03T13:11:00,Medium,AST-CSE-19-022,C2 Beacon,TA0011,Open,AN-CSE-19-08,123,9,False,
AL-000632,CSE-19,2026-09-07T13:08:00,High,AST-CSE-19-005,Suspicious Login,TA0001,Closed,AN-CSE-19-08,152,5,False,
AL-000633,CSE-19,2026-08-31T09:37:00,Critical,AST-CSE-19-020,C2 Beacon,TA0011,Open,AN-CSE-19-06,132,9,False,
AL-000634,CSE-19,2026-09-07T14:48:00,Medium,AST-CSE-19-013,Brute Force,TA0006,Open,AN-CSE-19-05,47,8,False,
AL-000635,CSE-19,2026-08-30T21:13:00,High,AST-CSE-19-023,Policy Violation,TA0005,Open,AN-CSE-19-04,64,3,False,
AL-000636,CSE-19,2026-09-17T18:19:00,Medium,AST-CSE-19-038,Lateral Movement,TA0008,Closed,AN-CSE-19-05,233,9,False,
AL-000637,CSE-19,2026-08-25T12:58:00,Critical,AST-CSE-19-003,Privilege Escalation,TA0004,Open,AN-CSE-19-07,148,6,False,
AL-000638,CSE-19,2026-09-18T10:13:00,High,AST-CSE-19-010,Data Access Anomaly,TA0009,Closed,AN-CSE-19-03,2,1,False,
AL-000639,CSE-19,2026-08-31T08:00:00,High,AST-CSE-19-040,Malware,TA0002,Closed,AN-CSE-19-03,6,0,False,
AL-000640,CSE-19,2026-09-02T09:08:00,High,AST-CSE-19-030,Data Access Anomaly,TA0009,Open,AN-CSE-19-02,167,9,False,
AL-000641,CSE-19,2026-09-07T01:09:00,Low,AST-CSE-19-015,Phishing,TA0001,Open,AN-CSE-19-07,195,7,False,
AL-000642,CSE-19,2026-08-26T05:12:00,Low,AST-CSE-19-009,Privilege Escalation,TA0004,Closed,AN-CSE-19-01,105,3,False,
AL-000643,CSE-19,2026-09-08T18:50:00,High,AST-CSE-19-010,C2 Beacon,TA0011,Closed,AN-CSE-19-08,163,3,False,
AL-000644,CSE-19,2026-09-15T11:04:00,Medium,AST-CSE-19-007,Data Access Anomaly,TA0009,Closed,AN-CSE-19-08,21,4,False,
AL-000645,CSE-19,2026-08-25T20:16:00,Medium,AST-CSE-19-038,Exfiltration,TA0010,Open,AN-CSE-19-03,183,5,False,
AL-000646,CSE-19,2026-09-14T16:16:00,High,AST-CSE-19-029,C2 Beacon,TA0011,Closed,AN-CSE-19-01,9,0,False,
AL-000647,CSE-19,2026-09-13T05:53:00,Critical,AST-CSE-19-023,C2 Beacon,TA0011,Closed,AN-CSE-19-02,5,1,False,
AL-000648,CSE-19,2026-09-15T14:06:00,High,AST-CSE-19-004,Lateral Movement,TA0008,Closed,AN-CSE-19-08,4,0,False,
AL-000649,CSE-19,2026-09-07T03:39:00,Medium,AST-CSE-19-004,Privilege Escalation,TA0004,Open,AN-CSE-19-08,209,3,False,
AL-000650,CSE-19,2026-09-04T19:53:00,Low,AST-CSE-19-012,Brute Force,TA0006,Open,AN-CSE-19-02,204,6,False,
AL-000651,CSE-19,2026-08-27T14:03:00,Medium,AST-CSE-19-038,Privilege Escalation,TA0004,Closed,AN-CSE-19-06,48,5,False,
AL-000652,CSE-19,2026-08-24T05:36:00,Low,AST-CSE-19-007,Lateral Movement,TA0008,Closed,AN-CSE-19-04,169,6,False,
AL-000653,CSE-19,2026-08-31T21:49:00,High,AST-CSE-19-028,Brute Force,TA0006,Closed,AN-CSE-19-07,9,0,False,
AL-000654,CSE-19,2026-09-16T10:16:00,High,AST-CSE-19-023,Exfiltration,TA0010,Closed,AN-CSE-19-01,3,1,False,
AL-000655,CSE-19,2026-09-13T02:22:00,Low,AST-CSE-19-027,Brute Force,TA0006,Closed,AN-CSE-19-03,183,7,False,
AL-000656,CSE-19,2026-09-17T22:06:00,Low,AST-CSE-19-037,Suspicious Login,TA0001,Closed,AN-CSE-19-08,75,7,False,
AL-000657,CSE-19,2026-09-06T12:05:00,Critical,AST-CSE-19-030,Exfiltration,TA0010,Escalated,AN-CSE-19-04,126,7,True,
AL-000658,CSE-19,2026-08-23T11:34:00,Low,AST-CSE-19-038,Brute Force,TA0006,Open,AN-CSE-19-01,140,8,False,
AL-000659,CSE-19,2026-08-25T13:08:00,Medium,AST-CSE-19-028,Suspicious Login,TA0001,Open,AN-CSE-19-02,81,3,False,
AL-000660,CSE-19,2026-09-16T00:42:00,Low,AST-CSE-19-001,C2 Beacon,TA0011,Closed,AN-CSE-19-04,43,3,False,
AL-000661,CSE-19,2026-08-23T17:13:00,Low,AST-CSE-19-020,Brute Force,TA0006,Closed,AN-CSE-19-01,138,9,False,
AL-000662,CSE-19,2026-08-28T16:00:00,Medium,AST-CSE-19-012,Privilege Escalation,TA0004,Open,AN-CSE-19-02,196,5,False,
AL-000663,CSE-19,2026-09-11T13:21:00,Medium,AST-CSE-19-003,Exfiltration,TA0010,Closed,AN-CSE-19-04,40,7,False,
AL-000664,CSE-19,2026-08-30T00:04:00,Low,AST-CSE-19-004,Suspicious Login,TA0001,Open,AN-CSE-19-01,113,6,False,
AL-000665,CSE-19,2026-09-02T13:56:00,High,AST-CSE-19-024,Privilege Escalation,TA0004,Open,AN-CSE-19-04,100,4,False,
AL-000666,CSE-19,2026-08-26T17:05:00,Low,AST-CSE-19-008,Policy Violation,TA0005,Closed,AN-CSE-19-04,214,4,False,
AL-000667,CSE-19,2026-09-07T03:57:00,Medium,AST-CSE-19-023,Exfiltration,TA0010,Open,AN-CSE-19-02,135,6,False,
AL-000668,CSE-19,2026-09-02T14:08:00,Medium,AST-CSE-19-034,Phishing,TA0001,Open,AN-CSE-19-05,114,9,False,
AL-000669,CSE-19,2026-09-06T09:55:00,Low,AST-CSE-19-005,Lateral Movement,TA0008,Closed,AN-CSE-19-07,93,3,False,
AL-000670,CSE-19,2026-09-15T20:51:00,High,AST-CSE-19-011,Exfiltration,TA0010,Closed,AN-CSE-19-04,2,1,False,
AL-000671,CSE-19,2026-09-05T00:34:00,Low,AST-CSE-19-027,Suspicious Login,TA0001,Closed,AN-CSE-19-08,25,5,False,
AL-000672,CSE-19,2026-09-12T19:19:00,Low,AST-CSE-19-005,Malware,TA0002,Open,AN-CSE-19-06,107,8,False,
AL-000673,CSE-19,2026-09-03T18:32:00,Medium,AST-CSE-19-032,Data Access Anomaly,TA0009,Closed,AN-CSE-19-08,53,9,False,
AL-000674,CSE-19,2026-09-09T02:11:00,High,AST-CSE-19-011,Exfiltration,TA0010,Closed,AN-CSE-19-01,87,6,False,
AL-000675,CSE-19,2026-09-14T13:16:00,High,AST-CSE-19-035,Exfiltration,TA0010,Closed,AN-CSE-19-03,44,3,False,
AL-000676,CSE-19,2026-09-09T06:47:00,Medium,AST-CSE-19-037,Brute Force,TA0006,Closed,AN-CSE-19-01,108,4,False,
AL-000677,CSE-19,2026-09-17T11:35:00,Medium,AST-CSE-19-035,Brute Force,TA0006,Closed,AN-CSE-19-08,137,5,False,
AL-000678,CSE-19,2026-09-09T15:15:00,Low,AST-CSE-19-001,Suspicious Login,TA0001,Open,AN-CSE-19-05,94,9,False,
AL-000679,CSE-19,2026-08-21T21:39:00,Low,AST-CSE-19-010,Data Access Anomaly,TA0009,Open,AN-CSE-19-02,30,4,False,
AL-000680,CSE-19,2026-09-07T16:07:00,Medium,AST-CSE-19-036,Phishing,TA0001,Closed,AN-CSE-19-04,43,5,False,
AL-000681,CSE-19,2026-09-13T03:48:00,Medium,AST-CSE-19-039,Lateral Movement,TA0008,Open,AN-CSE-19-01,237,6,False,
AL-000682,CSE-19,2026-09-09T16:22:00,High,AST-CSE-19-033,C2 Beacon,TA0011,Closed,AN-CSE-19-01,7,1,False,
AL-000683,CSE-19,2026-09-20T02:38:00,Medium,AST-CSE-19-028,Privilege Escalation,TA0004,Open,AN-CSE-19-06,134,9,False,
AL-000684,CSE-19,2026-09-05T12:34:00,Low,AST-CSE-19-006,Lateral Movement,TA0008,Closed,AN-CSE-19-08,226,8,False,
AL-000685,CSE-19,2026-09-01T09:51:00,Low,AST-CSE-19-027,Brute Force,TA0006,Closed,AN-CSE-19-04,154,5,False,
AL-000686,CSE-19,2026-09-06T15:02:00,High,AST-CSE-19-038,C2 Beacon,TA0011,Closed,AN-CSE-19-05,9,0,False,
AL-000687,CSE-19,2026-09-10T18:29:00,Low,AST-CSE-19-013,Brute Force,TA0006,Open,AN-CSE-19-01,97,9,False,
AL-000688,CSE-19,2026-09-13T11:10:00,Low,AST-CSE-19-032,Suspicious Login,TA0001,Open,AN-CSE-19-01,96,8,False,
AL-000689,CSE-19,2026-09-04T13:19:00,Medium,AST-CSE-19-008,Exfiltration,TA0010,Closed,AN-CSE-19-04,215,5,False,
AL-000690,CSE-19,2026-09-01T20:24:00,Low,AST-CSE-19-005,Data Access Anomaly,TA0009,Closed,AN-CSE-19-07,180,8,False,
AL-000691,CSE-19,2026-09-02T11:06:00,Medium,AST-CSE-19-008,Privilege Escalation,TA0004,Closed,AN-CSE-19-05,34,4,False,
AL-000692,CSE-19,2026-09-19T03:37:00,Medium,AST-CSE-19-030,Brute Force,TA0006,Closed,AN-CSE-19-07,111,3,False,
AL-000693,CSE-19,2026-09-17T19:48:00,Medium,AST-CSE-19-019,Suspicious Login,TA0001,Closed,AN-CSE-19-03,173,9,False,
AL-000694,CSE-19,2026-08-24T14:09:00,Low,AST-CSE-19-035,Privilege Escalation,TA0004,Closed,AN-CSE-19-05,198,8,False,
AL-000695,CSE-19,2026-08-25T08:00:00,Medium,AST-CSE-19-007,Suspicious Login,TA0001,Closed,AN-CSE-19-03,115,9,False,
AL-000696,CSE-19,2026-09-15T08:47:00,Low,AST-CSE-19-027,Privilege Escalation,TA0004,Open,AN-CSE-19-03,232,4,False,
AL-000697,CSE-19,2026-08-28T18:16:00,Low,AST-CSE-19-040,Suspicious Login,TA0001,Closed,AN-CSE-19-02,39,3,False,
AL-000698,CSE-19,2026-09-09T07:08:00,Medium,AST-CSE-19-031,Privilege Escalation,TA0004,Closed,AN-CSE-19-08,172,7,False,
AL-000699,CSE-19,2026-08-25T08:46:00,Critical,AST-CSE-19-012,Exfiltration,TA0010,Closed,AN-CSE-19-03,4,0,False,
AL-000700,CSE-19,2026-09-17T22:16:00,High,AST-CSE-19-020,Brute Force,TA0006,Closed,AN-CSE-19-02,138,9,False,
AL-000701,CSE-19,2026-08-25T14:28:00,High,AST-CSE-19-003,Lateral Movement,TA0008,Closed,AN-CSE-19-01,6,0,False,
AL-000702,CSE-19,2026-08-26T08:02:00,Low,AST-CSE-19-020,Malware,TA0002,Open,AN-CSE-19-04,71,4,False,
AL-000703,CSE-19,2026-08-23T12:43:00,High,AST-CSE-19-023,Malware,TA0002,Closed,AN-CSE-19-06,5,0,False,
AL-000704,CSE-19,2026-09-04T05:15:00,Low,AST-CSE-19-007,Data Access Anomaly,TA0009,Open,AN-CSE-19-04,63,9,False,
AL-000705,CSE-19,2026-08-21T19:06:00,Low,AST-CSE-19-001,Phishing,TA0001,Closed,AN-CSE-19-08,170,4,False,
AL-000706,CSE-19,2026-09-07T22:47:00,Low,AST-CSE-19-007,Brute Force,TA0006,Closed,AN-CSE-19-04,214,5,False,
AL-000707,CSE-19,2026-09-05T00:15:00,Medium,AST-CSE-19-030,Phishing,TA0001,Closed,AN-CSE-19-05,30,3,False,
AL-000708,CSE-19,2026-09-05T16:13:00,Medium,AST-CSE-19-032,Phishing,TA0001,Closed,AN-CSE-19-05,235,6,False,
AL-000709,CSE-19,2026-08-23T22:48:00,Medium,AST-CSE-19-036,C2 Beacon,TA0011,Open,AN-CSE-19-02,225,6,False,
AL-000710,CSE-19,2026-08-29T20:17:00,Critical,AST-CSE-19-024,Brute Force,TA0006,Closed,AN-CSE-19-02,3,0,False,
AL-000711,CSE-19,2026-09-02T08:13:00,Medium,AST-CSE-19-010,C2 Beacon,TA0011,Closed,AN-CSE-19-03,70,5,False,
AL-000712,CSE-19,2026-08-24T22:14:00,High,AST-CSE-19-039,C2 Beacon,TA0011,Closed,AN-CSE-19-08,6,1,False,
AL-000713,CSE-19,2026-09-07T20:28:00,Medium,AST-CSE-19-023,Policy Violation,TA0005,Closed,AN-CSE-19-05,136,3,False,
AL-000714,CSE-19,2026-08-31T07:59:00,Medium,AST-CSE-19-017,Policy Violation,TA0005,Closed,AN-CSE-19-02,232,3,False,
AL-000715,CSE-19,2026-09-10T07:41:00,Medium,AST-CSE-19-012,C2 Beacon,TA0011,Open,AN-CSE-19-02,189,9,False,
AL-000716,CSE-19,2026-08-29T20:29:00,High,AST-CSE-19-032,Policy Violation,TA0005,Closed,AN-CSE-19-05,2,0,False,
AL-000717,CSE-19,2026-09-09T23:32:00,Medium,AST-CSE-19-028,Phishing,TA0001,Open,AN-CSE-19-08,65,7,False,
AL-000718,CSE-19,2026-09-16T02:15:00,Medium,AST-CSE-19-020,Brute Force,TA0006,Open,AN-CSE-19-07,48,7,False,
AL-000719,CSE-19,2026-09-01T20:30:00,Low,AST-CSE-19-032,Suspicious Login,TA0001,Closed,AN-CSE-19-03,120,5,False,
AL-000720,CSE-19,2026-09-09T02:40:00,Medium,AST-CSE-19-038,C2 Beacon,TA0011,Closed,AN-CSE-19-01,31,4,False,
AL-000721,CSE-19,2026-08-31T01:36:00,Low,AST-CSE-19-038,Malware,TA0002,Closed,AN-CSE-19-02,111,6,False,
AL-000722,CSE-19,2026-08-31T02:23:00,High,AST-CSE-19-004,Lateral Movement,TA0008,Closed,AN-CSE-19-02,3,1,False,
AL-000723,CSE-19,2026-09-03T01:58:00,High,AST-CSE-19-008,Privilege Escalation,TA0004,Closed,AN-CSE-19-08,8,1,False,
AL-000724,CSE-19,2026-09-09T23:24:00,Critical,AST-CSE-19-031,Data Access Anomaly,TA0009,Closed,AN-CSE-19-07,3,1,False,
AL-000725,CSE-19,2026-09-03T14:39:00,Medium,AST-CSE-19-007,Lateral Movement,TA0008,Closed,AN-CSE-19-03,113,6,False,
AL-000726,CSE-19,2026-09-03T05:42:00,Low,AST-CSE-19-032,Phishing,TA0001,Closed,AN-CSE-19-05,166,6,False,
AL-000727,CSE-19,2026-09-02T08:23:00,Low,AST-CSE-19-040,Phishing,TA0001,Open,AN-CSE-19-06,165,9,False,
AL-000728,CSE-19,2026-08-26T09:19:00,High,AST-CSE-19-031,C2 Beacon,TA0011,Closed,AN-CSE-19-05,6,1,False,
AL-000729,CSE-19,2026-09-08T03:21:00,High,AST-CSE-19-035,Privilege Escalation,TA0004,Closed,AN-CSE-19-08,4,0,False,
AL-000730,CSE-19,2026-09-13T14:08:00,Medium,AST-CSE-19-034,Brute Force,TA0006,Open,AN-CSE-19-08,183,7,False,
AL-000731,CSE-19,2026-09-18T19:48:00,Low,AST-CSE-19-028,Data Access Anomaly,TA0009,Open,AN-CSE-19-06,81,4,False,
AL-000732,CSE-19,2026-08-24T09:20:00,Medium,AST-CSE-19-020,C2 Beacon,TA0011,Closed,AN-CSE-19-04,88,9,False,
AL-000733,CSE-19,2026-09-12T23:45:00,Low,AST-CSE-19-011,Exfiltration,TA0010,Closed,AN-CSE-19-02,27,4,False,
AL-000734,CSE-19,2026-09-06T22:19:00,Medium,AST-CSE-19-030,Policy Violation,TA0005,Closed,AN-CSE-19-01,89,4,False,
AL-000735,CSE-19,2026-09-18T12:29:00,Medium,AST-CSE-19-036,Brute Force,TA0006,Open,AN-CSE-19-01,41,5,False,
AL-000736,CSE-19,2026-08-29T14:04:00,Low,AST-CSE-19-005,C2 Beacon,TA0011,Closed,AN-CSE-19-02,234,8,False,
AL-000737,CSE-19,2026-09-04T08:27:00,Medium,AST-CSE-19-016,Phishing,TA0001,Open,AN-CSE-19-05,43,4,False,
AL-000738,CSE-19,2026-09-01T12:36:00,Medium,AST-CSE-19-008,Privilege Escalation,TA0004,Closed,AN-CSE-19-04,75,4,False,
AL-000739,CSE-19,2026-09-05T22:44:00,Low,AST-CSE-19-012,Lateral Movement,TA0008,Closed,AN-CSE-19-01,115,8,False,
AL-000740,CSE-19,2026-09-13T03:04:00,Medium,AST-CSE-19-035,C2 Beacon,TA0011,Closed,AN-CSE-19-03,203,5,False,
AL-000741,CSE-19,2026-08-30T10:16:00,Low,AST-CSE-19-039,Malware,TA0002,Open,AN-CSE-19-04,118,5,False,
AL-000742,CSE-19,2026-09-12T21:36:00,Medium,AST-CSE-19-024,Phishing,TA0001,Closed,AN-CSE-19-01,120,5,False,
AL-000743,CSE-19,2026-08-23T06:02:00,High,AST-CSE-19-016,Exfiltration,TA0010,Closed,AN-CSE-19-08,8,0,False,
AL-000744,CSE-19,2026-09-07T01:15:00,Medium,AST-CSE-19-006,Policy Violation,TA0005,Closed,AN-CSE-19-07,229,3,False,
AL-000745,CSE-19,2026-09-06T16:14:00,Critical,AST-CSE-19-017,Suspicious Login,TA0001,Closed,AN-CSE-19-06,2,0,False,
AL-000746,CSE-19,2026-09-16T11:35:00,Low,AST-CSE-19-012,Policy Violation,TA0005,Closed,AN-CSE-19-04,100,7,False,
AL-000747,CSE-19,2026-08-28T15:12:00,High,AST-CSE-19-008,Brute Force,TA0006,Closed,AN-CSE-19-03,8,1,False,
AL-000748,CSE-19,2026-09-16T03:49:00,Low,AST-CSE-19-029,Policy Violation,TA0005,Closed,AN-CSE-19-06,70,3,False,
AL-000749,CSE-19,2026-09-07T17:46:00,Medium,AST-CSE-19-024,Brute Force,TA0006,Open,AN-CSE-19-01,162,8,False,
AL-000750,CSE-19,2026-08-29T06:57:00,High,AST-CSE-19-006,Policy Violation,TA0005,Closed,AN-CSE-19-07,6,0,False,
AL-000751,CSE-19,2026-09-02T09:00:00,High,AST-CSE-19-006,Privilege Escalation,TA0004,Closed,AN-CSE-19-07,9,1,False,
AL-000752,CSE-19,2026-09-14T03:42:00,Low,AST-CSE-19-008,Lateral Movement,TA0008,Closed,AN-CSE-19-08,130,9,False,
AL-000753,CSE-19,2026-09-10T12:17:00,Low,AST-CSE-19-039,Lateral Movement,TA0008,Closed,AN-CSE-19-04,124,9,False,
AL-000754,CSE-19,2026-09-06T04:37:00,High,AST-CSE-19-019,Exfiltration,TA0010,Closed,AN-CSE-19-08,135,4,False,
AL-000755,CSE-19,2026-08-28T22:13:00,Low,AST-CSE-19-026,Lateral Movement,TA0008,Closed,AN-CSE-19-05,162,3,False,
AL-000756,CSE-19,2026-09-08T16:18:00,Medium,AST-CSE-19-022,Lateral Movement,TA0008,Closed,AN-CSE-19-01,149,7,False,
AL-000757,CSE-19,2026-08-22T18:58:00,High,AST-CSE-19-026,Privilege Escalation,TA0004,Closed,AN-CSE-19-03,9,1,False,
AL-000758,CSE-03,2026-09-11T16:18:00,Medium,AST-CSE-03-031,Policy Violation,TA0005,Open,AN-CSE-03-01,31,8,False,
AL-000759,CSE-03,2026-08-27T17:52:00,Low,AST-CSE-03-029,Privilege Escalation,TA0004,Closed,AN-CSE-03-04,225,8,False,
AL-000760,CSE-03,2026-09-02T16:36:00,Low,AST-CSE-03-021,Malware,TA0002,Closed,AN-CSE-03-02,65,4,False,
AL-000761,CSE-03,2026-09-14T23:11:00,Low,AST-CSE-03-006,Malware,TA0002,Closed,AN-CSE-03-07,212,8,False,
AL-000762,CSE-03,2026-09-06T12:09:00,Medium,AST-CSE-03-008,Exfiltration,TA0010,Closed,AN-CSE-03-05,174,4,False,
AL-000763,CSE-03,2026-09-04T21:04:00,Medium,AST-CSE-03-007,Privilege Escalation,TA0004,Closed,AN-CSE-03-07,164,7,False,
AL-000764,CSE-03,2026-09-01T06:33:00,Low,AST-CSE-03-006,C2 Beacon,TA0011,Closed,AN-CSE-03-07,151,5,False,
AL-000765,CSE-03,2026-09-03T15:19:00,Low,AST-CSE-03-015,Brute Force,TA0006,Closed,AN-CSE-03-02,131,3,False,
AL-000766,CSE-03,2026-08-30T02:07:00,Low,AST-CSE-03-020,Brute Force,TA0006,Closed,AN-CSE-03-04,95,7,False,
AL-000767,CSE-03,2026-09-04T08:28:00,Low,AST-CSE-03-036,Phishing,TA0001,Open,AN-CSE-03-07,138,8,False,
AL-000768,CSE-03,2026-09-02T09:11:00,Medium,AST-CSE-03-037,Exfiltration,TA0010,Closed,AN-CSE-03-01,189,6,False,
AL-000769,CSE-03,2026-09-06T13:41:00,Critical,AST-CSE-03-012,C2 Beacon,TA0011,Closed,AN-CSE-03-06,9,1,False,
AL-000770,CSE-03,2026-08-22T06:47:00,Medium,AST-CSE-03-040,Exfiltration,TA0010,Open,AN-CSE-03-03,174,5,False,
AL-000771,CSE-03,2026-09-19T23:53:00,Medium,AST-CSE-03-007,C2 Beacon,TA0011,Open,AN-CSE-03-01,142,6,False,
AL-000772,CSE-03,2026-09-10T16:08:00,Low,AST-CSE-03-026,Data Access Anomaly,TA0009,Closed,AN-CSE-03-06,196,8,False,
AL-000773,CSE-03,2026-09-20T05:53:00,High,AST-CSE-03-020,Phishing,TA0001,Closed,AN-CSE-03-01,5,0,False,
AL-000774,CSE-03,2026-08-31T04:33:00,Medium,AST-CSE-03-014,Policy Violation,TA0005,Closed,AN-CSE-03-04,217,6,False,
AL-000775,CSE-03,2026-09-15T07:13:00,Critical,AST-CSE-03-031,C2 Beacon,TA0011,Closed,AN-CSE-03-08,9,0,False,
AL-000776,CSE-03,2026-09-10T17:07:00,High,AST-CSE-03-029,Data Access Anomaly,TA0009,Open,AN-CSE-03-07,17,3,False,
AL-000777,CSE-03,2026-08-27T17:22:00,Low,AST-CSE-03-028,C2 Beacon,TA0011,Open,AN-CSE-03-05,122,6,False,
AL-000778,CSE-03,2026-08-22T20:46:00,Low,AST-CSE-03-038,Data Access Anomaly,TA0009,Closed,AN-CSE-03-01,128,7,False,
AL-000779,CSE-03,2026-08-30T22:04:00,Medium,AST-CSE-03-036,Phishing,TA0001,Closed,AN-CSE-03-08,179,8,False,
AL-000780,CSE-03,2026-09-10T12:48:00,Critical,AST-CSE-03-029,C2 Beacon,TA0011,Escalated,AN-CSE-03-08,74,7,True,
AL-000781,CSE-03,2026-08-28T14:31:00,Low,AST-CSE-03-022,Data Access Anomaly,TA0009,Closed,AN-CSE-03-03,205,8,False,
AL-000782,CSE-03,2026-08-26T06:21:00,Low,AST-CSE-03-027,Privilege Escalation,TA0004,Open,AN-CSE-03-04,211,3,False,
AL-000783,CSE-03,2026-09-14T16:29:00,High,AST-CSE-03-031,Brute Force,TA0006,Closed,AN-CSE-03-02,9,1,False,
AL-000784,CSE-03,2026-09-20T00:04:00,Medium,AST-CSE-03-016,Phishing,TA0001,Open,AN-CSE-03-05,60,4,False,
AL-000785,CSE-03,2026-09-16T16:46:00,Medium,AST-CSE-03-003,Phishing,TA0001,Closed,AN-CSE-03-02,144,5,False,
AL-000786,CSE-03,2026-09-03T03:03:00,Low,AST-CSE-03-023,Malware,TA0002,Open,AN-CSE-03-03,151,7,False,
AL-000787,CSE-03,2026-09-05T21:07:00,Low,AST-CSE-03-007,Malware,TA0002,Open,AN-CSE-03-02,220,7,False,
AL-000788,CSE-03,2026-09-17T06:20:00,Critical,AST-CSE-03-007,Suspicious Login,TA0001,Closed,AN-CSE-03-02,7,0,False,
AL-000789,CSE-03,2026-09-04T12:05:00,Low,AST-CSE-03-019,Policy Violation,TA0005,Closed,AN-CSE-03-02,113,5,False,
AL-000790,CSE-03,2026-09-07T11:45:00,Medium,AST-CSE-03-008,Phishing,TA0001,Closed,AN-CSE-03-08,149,4,False,
AL-000791,CSE-03,2026-09-07T00:20:00,Low,AST-CSE-03-018,Privilege Escalation,TA0004,Closed,AN-CSE-03-04,212,7,False,
AL-000792,CSE-03,2026-09-06T22:03:00,Low,AST-CSE-03-015,Brute Force,TA0006,Open,AN-CSE-03-08,152,9,False,
AL-000793,CSE-03,2026-08-27T11:15:00,Medium,AST-CSE-03-024,Malware,TA0002,Closed,AN-CSE-03-02,100,6,False,
AL-000794,CSE-03,2026-09-18T14:01:00,Medium,AST-CSE-03-028,Malware,TA0002,Open,AN-CSE-03-03,34,8,False,
AL-000795,CSE-03,2026-08-22T14:16:00,Medium,AST-CSE-03-034,Exfiltration,TA0010,Closed,AN-CSE-03-05,100,5,False,
AL-000796,CSE-03,2026-09-15T13:35:00,Medium,AST-CSE-03-018,Suspicious Login,TA0001,Open,AN-CSE-03-08,159,7,False,
AL-000797,CSE-03,2026-08-25T15:35:00,Low,AST-CSE-03-029,Privilege Escalation,TA0004,Open,AN-CSE-03-04,41,3,False,
AL-000798,CSE-03,2026-08-28T07:27:00,Low,AST-CSE-03-022,C2 Beacon,TA0011,Closed,AN-CSE-03-05,150,7,False,
AL-000799,CSE-03,2026-09-15T11:59:00,Low,AST-CSE-03-034,Privilege Escalation,TA0004,Open,AN-CSE-03-05,218,5,False,
AL-000800,CSE-03,2026-09-19T00:44:00,High,AST-CSE-03-028,Suspicious Login,TA0001,Closed,AN-CSE-03-06,46,6,False,
AL-000801,CSE-03,2026-09-12T12:23:00,Medium,AST-CSE-03-037,Malware,TA0002,Open,AN-CSE-03-04,92,8,False,
AL-000802,CSE-03,2026-09-03T12:45:00,Low,AST-CSE-03-037,Brute Force,TA0006,Closed,AN-CSE-03-02,169,4,False,
AL-000803,CSE-03,2026-09-06T22:55:00,High,AST-CSE-03-030,Phishing,TA0001,Closed,AN-CSE-03-02,48,6,False,
AL-000804,CSE-03,2026-09-03T23:23:00,Medium,AST-CSE-03-029,Phishing,TA0001,Open,AN-CSE-03-07,169,6,False,
AL-000805,CSE-03,2026-09-04T12:34:00,Low,AST-CSE-03-028,Policy Violation,TA0005,Open,AN-CSE-03-03,52,6,False,
AL-000806,CSE-03,2026-09-03T19:53:00,Low,AST-CSE-03-030,Brute Force,TA0006,Closed,AN-CSE-03-04,28,8,False,
AL-000807,CSE-03,2026-09-16T16:06:00,Low,AST-CSE-03-036,Privilege Escalation,TA0004,Closed,AN-CSE-03-07,114,7,False,
AL-000808,CSE-03,2026-09-09T02:37:00,High,AST-CSE-03-003,Suspicious Login,TA0001,Closed,AN-CSE-03-05,22,9,False,
AL-000809,CSE-03,2026-08-22T02:04:00,Medium,AST-CSE-03-010,Data Access Anomaly,TA0009,Closed,AN-CSE-03-05,229,8,False,
AL-000810,CSE-03,2026-09-18T10:34:00,Medium,AST-CSE-03-001,Phishing,TA0001,Closed,AN-CSE-03-08,164,6,False,
AL-000811,CSE-03,2026-08-24T16:52:00,Low,AST-CSE-03-025,Policy Violation,TA0005,Closed,AN-CSE-03-03,137,9,False,
AL-000812,CSE-03,2026-09-10T09:09:00,Low,AST-CSE-03-029,Brute Force,TA0006,Open,AN-CSE-03-07,121,5,False,
AL-000813,CSE-03,2026-08-31T09:05:00,Low,AST-CSE-03-003,Policy Violation,TA0005,Open,AN-CSE-03-03,166,8,False,
AL-000814,CSE-03,2026-08-30T18:55:00,Medium,AST-CSE-03-020,Suspicious Login,TA0001,Closed,AN-CSE-03-04,158,7,False,
AL-000815,CSE-03,2026-09-04T19:03:00,High,AST-CSE-03-037,Suspicious Login,TA0001,Closed,AN-CSE-03-01,151,4,False,
AL-000816,CSE-03,2026-08-28T17:32:00,High,AST-CSE-03-018,Phishing,TA0001,Closed,AN-CSE-03-02,7,1,False,
AL-000817,CSE-03,2026-08-22T11:39:00,Medium,AST-CSE-03-038,Malware,TA0002,Open,AN-CSE-03-07,26,9,False,
AL-000818,CSE-03,2026-09-17T08:26:00,High,AST-CSE-03-021,C2 Beacon,TA0011,Closed,AN-CSE-03-03,61,5,False,
AL-000819,CSE-03,2026-08-30T06:57:00,Low,AST-CSE-03-010,Exfiltration,TA0010,Closed,AN-CSE-03-06,202,3,False,
AL-000820,CSE-03,2026-09-07T01:44:00,Medium,AST-CSE-03-025,Phishing,TA0001,Closed,AN-CSE-03-07,50,3,False,
AL-000821,CSE-03,2026-09-04T19:12:00,Medium,AST-CSE-03-016,Data Access Anomaly,TA0009,Closed,AN-CSE-03-07,88,3,False,
AL-000822,CSE-03,2026-09-05T11:34:00,Medium,AST-CSE-03-030,Suspicious Login,TA0001,Open,AN-CSE-03-04,24,5,False,
AL-000823,CSE-03,2026-09-02T15:10:00,High,AST-CSE-03-038,Phishing,TA0001,Closed,AN-CSE-03-03,119,6,False,
AL-000824,CSE-03,2026-09-16T00:26:00,Low,AST-CSE-03-033,Phishing,TA0001,Open,AN-CSE-03-03,157,6,False,
AL-000825,CSE-03,2026-09-05T16:42:00,Critical,AST-CSE-03-029,Malware,TA0002,Open,AN-CSE-03-03,138,5,False,
AL-000826,CSE-03,2026-09-13T17:07:00,Low,AST-CSE-03-025,Privilege Escalation,TA0004,Open,AN-CSE-03-05,209,7,False,
AL-000827,CSE-03,2026-08-29T08:07:00,High,AST-CSE-03-005,Exfiltration,TA0010,Closed,AN-CSE-03-03,6,1,False,
AL-000828,CSE-03,2026-08-26T01:04:00,Medium,AST-CSE-03-014,Data Access Anomaly,TA0009,Closed,AN-CSE-03-06,212,8,False,
AL-000829,CSE-03,2026-09-10T01:47:00,Medium,AST-CSE-03-018,Phishing,TA0001,Open,AN-CSE-03-08,104,3,False,
AL-000830,CSE-03,2026-09-20T11:17:00,Medium,AST-CSE-03-009,Malware,TA0002,Closed,AN-CSE-03-03,198,8,False,
AL-000831,CSE-03,2026-08-22T15:19:00,High,AST-CSE-03-026,Suspicious Login,TA0001,Closed,AN-CSE-03-02,9,0,False,
AL-000832,CSE-03,2026-09-08T23:49:00,Low,AST-CSE-03-023,C2 Beacon,TA0011,Closed,AN-CSE-03-01,114,4,False,
AL-000833,CSE-03,2026-08-27T03:17:00,Low,AST-CSE-03-001,Phishing,TA0001,Open,AN-CSE-03-06,228,7,False,
AL-000834,CSE-03,2026-09-05T00:58:00,High,AST-CSE-03-020,Phishing,TA0001,Closed,AN-CSE-03-05,5,0,False,
AL-000835,CSE-03,2026-09-11T17:28:00,High,AST-CSE-03-013,C2 Beacon,TA0011,Open,AN-CSE-03-08,64,8,False,
AL-000836,CSE-03,2026-09-17T17:52:00,Medium,AST-CSE-03-037,Data Access Anomaly,TA0009,Closed,AN-CSE-03-02,165,9,False,
AL-000837,CSE-03,2026-08-30T11:16:00,High,AST-CSE-03-034,Exfiltration,TA0010,Closed,AN-CSE-03-05,9,0,False,
AL-000838,CSE-03,2026-09-09T22:06:00,Low,AST-CSE-03-028,Malware,TA0002,Closed,AN-CSE-03-07,194,7,False,
AL-000839,CSE-03,2026-09-18T12:46:00,Medium,AST-CSE-03-032,Privilege Escalation,TA0004,Closed,AN-CSE-03-01,127,7,False,
AL-000840,CSE-03,2026-09-10T09:04:00,Medium,AST-CSE-03-021,Malware,TA0002,Closed,AN-CSE-03-01,77,8,False,
AL-000841,CSE-03,2026-09-10T02:56:00,High,AST-CSE-03-005,Phishing,TA0001,Closed,AN-CSE-03-02,125,9,False,
AL-000842,CSE-03,2026-09-13T08:30:00,Low,AST-CSE-03-038,Privilege Escalation,TA0004,Closed,AN-CSE-03-04,233,3,False,
AL-000843,CSE-03,2026-08-26T16:21:00,Low,AST-CSE-03-034,Phishing,TA0001,Open,AN-CSE-03-08,180,6,False,
AL-000844,CSE-03,2026-08-22T10:36:00,Low,AST-CSE-03-008,Phishing,TA0001,Closed,AN-CSE-03-06,197,3,False,
AL-000845,CSE-03,2026-08-31T15:33:00,Critical,AST-CSE-03-004,Policy Violation,TA0005,Escalated,AN-CSE-03-02,29,7,True,
AL-000846,CSE-03,2026-08-26T22:46:00,High,AST-CSE-03-025,C2 Beacon,TA0011,Closed,AN-CSE-03-01,9,1,False,
AL-000847,CSE-03,2026-08-30T14:10:00,High,AST-CSE-03-040,Data Access Anomaly,TA0009,Closed,AN-CSE-03-01,7,0,False,
AL-000848,CSE-03,2026-08-29T09:23:00,Critical,AST-CSE-03-007,Phishing,TA0001,Closed,AN-CSE-03-04,4,1,False,
AL-000849,CSE-03,2026-08-31T21:49:00,Medium,AST-CSE-03-023,C2 Beacon,TA0011,Closed,AN-CSE-03-04,31,3,False,
AL-000850,CSE-03,2026-08-31T00:41:00,Medium,AST-CSE-03-020,Data Access Anomaly,TA0009,Closed,AN-CSE-03-03,99,7,False,
AL-000851,CSE-03,2026-09-03T17:18:00,Low,AST-CSE-03-019,Privilege Escalation,TA0004,Open,AN-CSE-03-03,149,9,False,
AL-000852,CSE-03,2026-09-13T15:02:00,Medium,AST-CSE-03-004,C2 Beacon,TA0011,Open,AN-CSE-03-04,107,4,False,
AL-000853,CSE-03,2026-09-09T17:24:00,Medium,AST-CSE-03-031,Policy Violation,TA0005,Closed,AN-CSE-03-06,127,5,False,
AL-000854,CSE-03,2026-08-22T10:29:00,Low,AST-CSE-03-007,Policy Violation,TA0005,Open,AN-CSE-03-04,183,4,False,
AL-000855,CSE-03,2026-09-12T20:13:00,Medium,AST-CSE-03-015,Policy Violation,TA0005,Closed,AN-CSE-03-06,116,4,False,
AL-000856,CSE-03,2026-09-18T00:59:00,Medium,AST-CSE-03-012,Malware,TA0002,Open,AN-CSE-03-02,132,4,False,
AL-000857,CSE-03,2026-09-20T05:48:00,Critical,AST-CSE-03-038,Privilege Escalation,TA0004,Escalated,AN-CSE-03-05,82,8,True,
AL-000858,CSE-03,2026-09-20T06:07:00,High,AST-CSE-03-036,Phishing,TA0001,Closed,AN-CSE-03-05,2,0,False,
AL-000859,CSE-03,2026-09-14T02:31:00,Medium,AST-CSE-03-025,Phishing,TA0001,Closed,AN-CSE-03-04,115,8,False,
AL-000860,CSE-03,2026-08-22T13:56:00,Low,AST-CSE-03-034,Data Access Anomaly,TA0009,Closed,AN-CSE-03-02,53,9,False,
AL-000861,CSE-03,2026-09-09T01:22:00,Medium,AST-CSE-03-013,Suspicious Login,TA0001,Open,AN-CSE-03-07,82,3,False,
AL-000862,CSE-03,2026-09-11T07:40:00,Low,AST-CSE-03-038,Phishing,TA0001,Closed,AN-CSE-03-04,223,5,False,
AL-000863,CSE-03,2026-09-13T12:55:00,Low,AST-CSE-03-033,Data Access Anomaly,TA0009,Closed,AN-CSE-03-08,177,3,False,
AL-000864,CSE-03,2026-08-30T19:37:00,Low,AST-CSE-03-033,C2 Beacon,TA0011,Open,AN-CSE-03-08,65,5,False,
AL-000865,CSE-03,2026-08-28T20:30:00,Low,AST-CSE-03-024,Suspicious Login,TA0001,Open,AN-CSE-03-05,183,9,False,
AL-000866,CSE-03,2026-09-13T21:05:00,High,AST-CSE-03-003,Phishing,TA0001,Closed,AN-CSE-03-04,93,6,False,
AL-000867,CSE-03,2026-09-09T03:25:00,Low,AST-CSE-03-037,Brute Force,TA0006,Closed,AN-CSE-03-02,41,5,False,
AL-000868,CSE-03,2026-09-18T21:28:00,High,AST-CSE-03-034,Privilege Escalation,TA0004,Closed,AN-CSE-03-06,9,1,False,
AL-000869,CSE-03,2026-09-10T03:36:00,Low,AST-CSE-03-027,Privilege Escalation,TA0004,Open,AN-CSE-03-01,79,5,False,
AL-000870,CSE-03,2026-09-10T19:28:00,Low,AST-CSE-03-005,Privilege Escalation,TA0004,Closed,AN-CSE-03-02,78,3,False,
AL-000871,CSE-03,2026-09-14T01:48:00,Critical,AST-CSE-03-005,Privilege Escalation,TA0004,Closed,AN-CSE-03-06,85,4,False,
AL-000872,CSE-03,2026-09-11T02:08:00,Critical,AST-CSE-03-035,Exfiltration,TA0010,Closed,AN-CSE-03-06,8,1,False,
AL-000873,CSE-03,2026-09-04T07:05:00,Medium,AST-CSE-03-038,Malware,TA0002,Closed,AN-CSE-03-07,205,8,False,
AL-000874,CSE-03,2026-08-25T18:12:00,Medium,AST-CSE-03-031,Phishing,TA0001,Closed,AN-CSE-03-08,138,5,False,
AL-000875,CSE-03,2026-08-28T22:47:00,Medium,AST-CSE-03-021,Phishing,TA0001,Closed,AN-CSE-03-08,162,3,False,
AL-000876,CSE-03,2026-09-10T13:00:00,Low,AST-CSE-03-009,Data Access Anomaly,TA0009,Closed,AN-CSE-03-08,233,5,False,
AL-000877,CSE-03,2026-08-26T23:12:00,Medium,AST-CSE-03-015,C2 Beacon,TA0011,Closed,AN-CSE-03-05,25,7,False,
AL-000878,CSE-03,2026-09-09T17:20:00,Low,AST-CSE-03-009,Brute Force,TA0006,Closed,AN-CSE-03-07,72,6,False,
AL-000879,CSE-03,2026-09-17T01:24:00,High,AST-CSE-03-035,C2 Beacon,TA0011,Closed,AN-CSE-03-08,6,0,False,
AL-000880,CSE-03,2026-09-15T10:08:00,Medium,AST-CSE-03-011,Phishing,TA0001,Closed,AN-CSE-03-08,70,3,False,
AL-000881,CSE-03,2026-08-29T19:56:00,High,AST-CSE-03-019,Phishing,TA0001,Closed,AN-CSE-03-08,147,3,False,
AL-000882,CSE-03,2026-09-17T07:26:00,Medium,AST-CSE-03-021,C2 Beacon,TA0011,Closed,AN-CSE-03-07,37,6,False,
AL-000883,CSE-03,2026-08-24T13:18:00,Medium,AST-CSE-03-009,Phishing,TA0001,Open,AN-CSE-03-08,167,5,False,
AL-000884,CSE-03,2026-09-06T03:48:00,Low,AST-CSE-03-013,Suspicious Login,TA0001,Closed,AN-CSE-03-01,134,3,False,
AL-000885,CSE-03,2026-08-21T17:04:00,Medium,AST-CSE-03-039,Phishing,TA0001,Open,AN-CSE-03-08,167,3,False,
AL-000886,CSE-03,2026-08-21T21:38:00,Medium,AST-CSE-03-006,Exfiltration,TA0010,Closed,AN-CSE-03-05,230,9,False,
AL-000887,CSE-03,2026-08-31T12:33:00,High,AST-CSE-03-027,Phishing,TA0001,Open,AN-CSE-03-08,61,8,False,
AL-000888,CSE-03,2026-09-19T04:04:00,Low,AST-CSE-03-007,C2 Beacon,TA0011,Closed,AN-CSE-03-03,180,7,False,
AL-000889,CSE-03,2026-09-06T18:53:00,Low,AST-CSE-03-005,Phishing,TA0001,Closed,AN-CSE-03-06,46,7,False,
AL-000890,CSE-03,2026-09-13T19:58:00,High,AST-CSE-03-027,Policy Violation,TA0005,Open,AN-CSE-03-08,178,8,False,
AL-000891,CSE-03,2026-09-08T05:35:00,Medium,AST-CSE-03-030,C2 Beacon,TA0011,Closed,AN-CSE-03-01,49,8,False,
AL-000892,CSE-03,2026-09-18T09:25:00,Medium,AST-CSE-03-021,Policy Violation,TA0005,Closed,AN-CSE-03-04,132,4,False,
AL-000893,CSE-03,2026-09-19T16:54:00,High,AST-CSE-03-018,Brute Force,TA0006,Closed,AN-CSE-03-03,151,8,False,
AL-000894,CSE-03,2026-09-19T14:43:00,Medium,AST-CSE-03-011,Phishing,TA0001,Open,AN-CSE-03-03,65,4,False,
AL-000895,CSE-03,2026-08-29T10:07:00,High,AST-CSE-03-003,Suspicious Login,TA0001,Closed,AN-CSE-03-02,93,6,False,
AL-000896,CSE-03,2026-09-08T05:01:00,Critical,AST-CSE-03-039,Malware,TA0002,Escalated,AN-CSE-03-04,76,4,True,
AL-000897,CSE-03,2026-09-10T05:17:00,Low,AST-CSE-03-027,Malware,TA0002,Open,AN-CSE-03-02,44,9,False,
AL-000898,CSE-03,2026-09-04T08:08:00,Critical,AST-CSE-03-011,Brute Force,TA0006,Open,AN-CSE-03-06,175,4,False,
AL-000899,CSE-03,2026-09-14T08:38:00,High,AST-CSE-03-026,C2 Beacon,TA0011,Closed,AN-CSE-03-06,117,8,False,
AL-000900,CSE-03,2026-09-13T09:18:00,High,AST-CSE-03-001,C2 Beacon,TA0011,Closed,AN-CSE-03-05,7,0,False,
AL-000901,CSE-03,2026-08-26T16:29:00,Medium,AST-CSE-03-005,Phishing,TA0001,Open,AN-CSE-03-02,222,9,False,
AL-000902,CSE-03,2026-09-01T01:20:00,Low,AST-CSE-03-011,Exfiltration,TA0010,Closed,AN-CSE-03-07,217,8,False,
AL-000903,CSE-03,2026-08-22T13:40:00,Medium,AST-CSE-03-022,Brute Force,TA0006,Open,AN-CSE-03-08,24,7,False,
AL-000904,CSE-03,2026-08-28T04:28:00,Medium,AST-CSE-03-029,C2 Beacon,TA0011,Closed,AN-CSE-03-01,177,9,False,
AL-000905,CSE-03,2026-08-27T04:21:00,Low,AST-CSE-03-020,Phishing,TA0001,Closed,AN-CSE-03-02,115,6,False,
AL-000906,CSE-03,2026-08-31T10:45:00,Medium,AST-CSE-03-013,Brute Force,TA0006,Closed,AN-CSE-03-08,104,4,False,
AL-000907,CSE-03,2026-09-06T15:08:00,Medium,AST-CSE-03-021,Malware,TA0002,Open,AN-CSE-03-05,78,9,False,
AL-000908,CSE-03,2026-09-03T10:02:00,High,AST-CSE-03-022,Privilege Escalation,TA0004,Closed,AN-CSE-03-04,5,1,False,
AL-000909,CSE-03,2026-08-31T11:56:00,High,AST-CSE-03-034,Privilege Escalation,TA0004,Open,AN-CSE-03-08,64,3,False,
AL-000910,CSE-03,2026-09-14T17:25:00,High,AST-CSE-03-010,Phishing,TA0001,Open,AN-CSE-03-04,35,6,False,
AL-000911,CSE-03,2026-09-14T04:33:00,High,AST-CSE-03-030,Exfiltration,TA0010,Closed,AN-CSE-03-03,6,1,False,
AL-000912,CSE-03,2026-09-14T03:05:00,Low,AST-CSE-03-037,Policy Violation,TA0005,Closed,AN-CSE-03-08,112,6,False,
AL-000913,CSE-03,2026-09-03T16:13:00,Medium,AST-CSE-03-011,Policy Violation,TA0005,Closed,AN-CSE-03-07,229,9,False,
AL-000914,CSE-03,2026-09-18T02:22:00,Medium,AST-CSE-03-002,C2 Beacon,TA0011,Closed,AN-CSE-03-03,64,5,False,
AL-000915,CSE-03,2026-09-07T18:22:00,Medium,AST-CSE-03-030,Exfiltration,TA0010,Closed,AN-CSE-03-08,54,8,False,
AL-000916,CSE-03,2026-09-20T11:05:00,Low,AST-CSE-03-013,Brute Force,TA0006,Open,AN-CSE-03-06,126,6,False,
AL-000917,CSE-03,2026-08-30T17:56:00,Medium,AST-CSE-03-024,C2 Beacon,TA0011,Open,AN-CSE-03-07,51,6,False,
AL-000918,CSE-03,2026-09-11T12:38:00,Low,AST-CSE-03-011,Phishing,TA0001,Closed,AN-CSE-03-08,114,8,False,
AL-000919,CSE-03,2026-09-12T20:58:00,Low,AST-CSE-03-025,C2 Beacon,TA0011,Open,AN-CSE-03-06,193,3,False,
AL-000920,CSE-03,2026-08-30T07:44:00,Medium,AST-CSE-03-010,Exfiltration,TA0010,Closed,AN-CSE-03-04,189,9,False,
AL-000921,CSE-03,2026-08-30T13:02:00,Low,AST-CSE-03-001,Phishing,TA0001,Open,AN-CSE-03-07,170,3,False,
AL-000922,CSE-03,2026-09-07T03:16:00,High,AST-CSE-03-013,C2 Beacon,TA0011,Closed,AN-CSE-03-05,8,1,False,
AL-000923,CSE-03,2026-09-02T00:08:00,High,AST-CSE-03-027,Phishing,TA0001,Closed,AN-CSE-03-03,68,8,False,
AL-000924,CSE-03,2026-08-24T21:00:00,Low,AST-CSE-03-020,Malware,TA0002,Open,AN-CSE-03-02,198,6,False,
AL-000925,CSE-03,2026-09-15T06:37:00,Low,AST-CSE-03-027,Exfiltration,TA0010,Closed,AN-CSE-03-03,70,6,False,
AL-000926,CSE-03,2026-08-25T05:49:00,Medium,AST-CSE-03-033,Phishing,TA0001,Closed,AN-CSE-03-04,66,9,False,
AL-000927,CSE-03,2026-08-21T16:54:00,Medium,AST-CSE-03-017,C2 Beacon,TA0011,Closed,AN-CSE-03-03,41,6,False,
AL-000928,CSE-03,2026-09-02T04:30:00,Medium,AST-CSE-03-018,Phishing,TA0001,Closed,AN-CSE-03-08,45,3,False,
AL-000929,CSE-03,2026-08-26T10:54:00,Medium,AST-CSE-03-018,Malware,TA0002,Open,AN-CSE-03-04,21,6,False,
AL-000930,CSE-03,2026-09-05T01:22:00,Low,AST-CSE-03-034,Exfiltration,TA0010,Closed,AN-CSE-03-07,194,5,False,
AL-000931,CSE-03,2026-09-07T16:57:00,Medium,AST-CSE-03-016,Privilege Escalation,TA0004,Closed,AN-CSE-03-06,226,3,False,
AL-000932,CSE-03,2026-08-23T07:59:00,Low,AST-CSE-03-030,C2 Beacon,TA0011,Closed,AN-CSE-03-02,91,8,False,
AL-000933,CSE-03,2026-08-29T20:28:00,Medium,AST-CSE-03-024,Policy Violation,TA0005,Closed,AN-CSE-03-07,20,8,False,
AL-000934,CSE-03,2026-08-25T12:40:00,Low,AST-CSE-03-002,Privilege Escalation,TA0004,Open,AN-CSE-03-08,144,6,False,
AL-000935,CSE-03,2026-08-21T20:18:00,Medium,AST-CSE-03-040,Phishing,TA0001,Closed,AN-CSE-03-02,95,7,False,
AL-000936,CSE-03,2026-08-25T13:28:00,Low,AST-CSE-03-010,Suspicious Login,TA0001,Closed,AN-CSE-03-01,223,3,False,
AL-000937,CSE-03,2026-09-06T08:30:00,High,AST-CSE-03-036,Policy Violation,TA0005,Open,AN-CSE-03-04,58,9,False,
AL-000938,CSE-03,2026-08-29T11:50:00,Medium,AST-CSE-03-006,Phishing,TA0001,Closed,AN-CSE-03-06,216,5,False,
AL-000939,CSE-03,2026-08-30T08:18:00,Low,AST-CSE-03-017,Policy Violation,TA0005,Closed,AN-CSE-03-03,182,8,False,
AL-000940,CSE-03,2026-08-21T17:11:00,Low,AST-CSE-03-006,Privilege Escalation,TA0004,Open,AN-CSE-03-02,116,8,False,
AL-000941,CSE-03,2026-09-07T04:46:00,Low,AST-CSE-03-025,Suspicious Login,TA0001,Closed,AN-CSE-03-05,42,3,False,
AL-000942,CSE-03,2026-08-28T08:24:00,Low,AST-CSE-03-022,Data Access Anomaly,TA0009,Open,AN-CSE-03-06,100,6,False,
AL-000943,CSE-03,2026-09-03T05:06:00,Critical,AST-CSE-03-001,Exfiltration,TA0010,Closed,AN-CSE-03-07,7,1,False,
AL-000944,CSE-03,2026-09-02T04:54:00,Medium,AST-CSE-03-009,Suspicious Login,TA0001,Closed,AN-CSE-03-07,238,6,False,
AL-000945,CSE-03,2026-09-04T14:31:00,Low,AST-CSE-03-010,Exfiltration,TA0010,Open,AN-CSE-03-03,57,8,False,
AL-000946,CSE-03,2026-09-03T13:53:00,Medium,AST-CSE-03-003,Data Access Anomaly,TA0009,Closed,AN-CSE-03-05,200,7,False,
AL-000947,CSE-03,2026-09-08T10:09:00,Medium,AST-CSE-03-014,Policy Violation,TA0005,Open,AN-CSE-03-06,203,4,False,
AL-000948,CSE-03,2026-08-27T06:06:00,Low,AST-CSE-03-015,Malware,TA0002,Open,AN-CSE-03-08,96,9,False,
AL-000949,CSE-03,2026-09-09T22:17:00,Medium,AST-CSE-03-011,Malware,TA0002,Closed,AN-CSE-03-08,213,6,False,
AL-000950,CSE-03,2026-09-10T13:01:00,Low,AST-CSE-03-005,Suspicious Login,TA0001,Closed,AN-CSE-03-04,160,6,False,
AL-000951,CSE-03,2026-09-02T10:06:00,Low,AST-CSE-03-009,Privilege Escalation,TA0004,Closed,AN-CSE-03-05,61,7,False,
AL-000952,CSE-03,2026-09-16T05:47:00,Medium,AST-CSE-03-029,Policy Violation,TA0005,Open,AN-CSE-03-04,22,5,False,
AL-000953,CSE-03,2026-08-24T07:36:00,Medium,AST-CSE-03-037,Phishing,TA0001,Closed,AN-CSE-03-07,63,3,False,
AL-000954,CSE-03,2026-09-19T08:28:00,High,AST-CSE-03-023,Policy Violation,TA0005,Closed,AN-CSE-03-06,4,1,False,
AL-000955,CSE-03,2026-09-07T20:41:00,High,AST-CSE-03-016,Malware,TA0002,Closed,AN-CSE-03-03,8,0,False,
AL-000956,CSE-03,2026-08-30T21:37:00,Medium,AST-CSE-03-030,C2 Beacon,TA0011,Closed,AN-CSE-03-01,41,3,False,
AL-000957,CSE-03,2026-09-01T17:30:00,Critical,AST-CSE-03-033,Phishing,TA0001,Closed,AN-CSE-03-05,3,0,False,
AL-000958,CSE-03,2026-08-28T22:41:00,Low,AST-CSE-03-025,Policy Violation,TA0005,Open,AN-CSE-03-03,36,8,False,
AL-000959,CSE-03,2026-09-19T23:25:00,Low,AST-CSE-03-012,C2 Beacon,TA0011,Open,AN-CSE-03-08,234,7,False,
AL-000960,CSE-03,2026-08-23T08:49:00,Low,AST-CSE-03-008,Phishing,TA0001,Closed,AN-CSE-03-03,134,9,False,
AL-000961,CSE-03,2026-09-13T15:50:00,High,AST-CSE-03-008,Malware,TA0002,Closed,AN-CSE-03-02,2,0,False,
AL-000962,CSE-03,2026-09-03T06:33:00,Medium,AST-CSE-03-008,Suspicious Login,TA0001,Closed,AN-CSE-03-01,31,7,False,
AL-000963,CSE-03,2026-09-04T13:40:00,High,AST-CSE-03-035,Policy Violation,TA0005,Closed,AN-CSE-03-06,5,0,False,
AL-000964,CSE-03,2026-09-16T02:06:00,Critical,AST-CSE-03-003,Phishing,TA0001,Closed,AN-CSE-03-04,5,1,False,
AL-000965,CSE-03,2026-09-07T09:25:00,Low,AST-CSE-03-018,Brute Force,TA0006,Closed,AN-CSE-03-05,186,4,False,
AL-000966,CSE-03,2026-08-29T22:16:00,Low,AST-CSE-03-030,Phishing,TA0001,Open,AN-CSE-03-03,38,8,False,
AL-000967,CSE-03,2026-09-01T14:19:00,Low,AST-CSE-03-018,Phishing,TA0001,Closed,AN-CSE-03-03,59,5,False,
AL-000968,CSE-03,2026-09-13T09:43:00,Low,AST-CSE-03-025,Malware,TA0002,Closed,AN-CSE-03-02,195,7,False,
AL-000969,CSE-03,2026-09-09T01:11:00,Medium,AST-CSE-03-005,Privilege Escalation,TA0004,Closed,AN-CSE-03-05,224,4,False,
AL-000970,CSE-03,2026-09-12T23:54:00,Medium,AST-CSE-03-001,Phishing,TA0001,Open,AN-CSE-03-02,206,5,False,
AL-000971,CSE-03,2026-08-28T17:05:00,Medium,AST-CSE-03-032,Phishing,TA0001,Closed,AN-CSE-03-05,175,3,False,
AL-000972,CSE-03,2026-09-08T06:38:00,Low,AST-CSE-03-011,Privilege Escalation,TA0004,Closed,AN-CSE-03-07,52,5,False,
AL-000973,CSE-03,2026-09-15T23:24:00,Medium,AST-CSE-03-033,Brute Force,TA0006,Closed,AN-CSE-03-05,205,8,False,
AL-000974,CSE-03,2026-09-06T06:32:00,Medium,AST-CSE-03-016,Data Access Anomaly,TA0009,Closed,AN-CSE-03-06,148,5,False,
AL-000975,CSE-03,2026-08-23T04:41:00,Low,AST-CSE-03-028,Suspicious Login,TA0001,Closed,AN-CSE-03-02,124,9,False,
AL-000976,CSE-03,2026-09-13T09:50:00,Critical,AST-CSE-03-006,Phishing,TA0001,Closed,AN-CSE-03-01,88,7,False,
AL-000977,CSE-03,2026-09-15T20:29:00,Low,AST-CSE-03-028,Suspicious Login,TA0001,Open,AN-CSE-03-02,177,4,False,
AL-000978,CSE-03,2026-08-28T00:45:00,Low,AST-CSE-03-001,C2 Beacon,TA0011,Open,AN-CSE-03-01,63,8,False,
AL-000979,CSE-03,2026-08-25T07:28:00,Critical,AST-CSE-03-015,Brute Force,TA0006,Closed,AN-CSE-03-06,8,1,False,
AL-000980,CSE-03,2026-09-17T01:02:00,Medium,AST-CSE-03-025,Brute Force,TA0006,Closed,AN-CSE-03-04,237,9,False,
AL-000981,CSE-03,2026-09-12T06:00:00,Medium,AST-CSE-03-019,Exfiltration,TA0010,Open,AN-CSE-03-07,98,8,False,
AL-000982,CSE-03,2026-08-23T20:57:00,Low,AST-CSE-03-003,Policy Violation,TA0005,Closed,AN-CSE-03-06,137,5,False,
AL-000983,CSE-03,2026-08-22T12:49:00,Critical,AST-CSE-03-023,Phishing,TA0001,Closed,AN-CSE-03-07,40,6,False,
AL-000984,CSE-03,2026-09-07T08:02:00,Low,AST-CSE-03-034,Suspicious Login,TA0001,Closed,AN-CSE-03-08,216,8,False,
AL-000985,CSE-03,2026-09-11T00:33:00,Medium,AST-CSE-03-015,Policy Violation,TA0005,Closed,AN-CSE-03-03,88,3,False,
AL-000986,CSE-03,2026-08-27T23:00:00,High,AST-CSE-03-029,Brute Force,TA0006,Closed,AN-CSE-03-06,5,0,False,
AL-000987,CSE-03,2026-09-07T22:13:00,Critical,AST-CSE-03-013,Exfiltration,TA0010,Closed,AN-CSE-03-06,4,0,False,
AL-000988,CSE-03,2026-09-04T18:29:00,High,AST-CSE-03-031,Exfiltration,TA0010,Open,AN-CSE-03-03,117,7,False,
AL-000989,CSE-03,2026-09-17T11:52:00,High,AST-CSE-03-025,Brute Force,TA0006,Open,AN-CSE-03-03,18,9,False,
AL-000990,CSE-03,2026-09-09T22:22:00,Medium,AST-CSE-03-016,Malware,TA0002,Closed,AN-CSE-03-01,94,5,False,
AL-000991,CSE-03,2026-09-15T12:28:00,High,AST-CSE-03-006,C2 Beacon,TA0011,Closed,AN-CSE-03-03,44,9,False,
AL-000992,CSE-03,2026-08-29T08:16:00,High,AST-CSE-03-016,C2 Beacon,TA0011,Open,AN-CSE-03-03,166,8,False,
AL-000993,CSE-03,2026-09-08T10:43:00,High,AST-CSE-03-010,Phishing,TA0001,Closed,AN-CSE-03-04,8,0,False,
AL-000994,CSE-03,2026-09-18T23:34:00,High,AST-CSE-03-040,Phishing,TA0001,Closed,AN-CSE-03-05,5,0,False,
AL-000995,CSE-03,2026-09-03T22:19:00,Medium,AST-CSE-03-022,C2 Beacon,TA0011,Closed,AN-CSE-03-01,88,5,False,
AL-000996,CSE-03,2026-08-23T10:49:00,High,AST-CSE-03-023,C2 Beacon,TA0011,Closed,AN-CSE-03-01,97,4,False,
AL-000997,CSE-03,2026-09-16T22:49:00,Low,AST-CSE-03-031,Exfiltration,TA0010,Closed,AN-CSE-03-05,113,5,False,
AL-000998,CSE-03,2026-08-29T18:11:00,Medium,AST-CSE-03-008,Phishing,TA0001,Closed,AN-CSE-03-03,209,9,False,
AL-000999,CSE-03,2026-09-12T15:43:00,Medium,AST-CSE-03-038,Suspicious Login,TA0001,Closed,AN-CSE-03-04,42,3,False,
AL-001000,CSE-03,2026-08-21T15:08:00,Critical,AST-CSE-03-039,Phishing,TA0001,Escalated,AN-CSE-03-04,129,3,True,
AL-001001,CSE-03,2026-08-27T20:12:00,Medium,AST-CSE-03-035,Data Access Anomaly,TA0009,Closed,AN-CSE-03-04,59,3,False,
AL-001002,CSE-03,2026-09-11T18:38:00,Medium,AST-CSE-03-013,C2 Beacon,TA0011,Closed,AN-CSE-03-06,203,3,False,
AL-001003,CSE-03,2026-08-21T19:10:00,Medium,AST-CSE-03-005,Policy Violation,TA0005,Closed,AN-CSE-03-01,90,8,False,
AL-001004,CSE-03,2026-09-18T13:48:00,Low,AST-CSE-03-019,Malware,TA0002,Open,AN-CSE-03-07,156,9,False,
AL-001005,CSE-03,2026-09-03T23:25:00,Medium,AST-CSE-03-005,Brute Force,TA0006,Closed,AN-CSE-03-07,89,4,False,
AL-001006,CSE-03,2026-09-01T14:00:00,Medium,AST-CSE-03-001,Brute Force,TA0006,Closed,AN-CSE-03-08,204,7,False,
AL-001007,CSE-03,2026-09-11T18:53:00,Medium,AST-CSE-03-020,Phishing,TA0001,Closed,AN-CSE-03-03,156,4,False,
AL-001008,CSE-03,2026-09-12T07:43:00,Low,AST-CSE-03-003,Brute Force,TA0006,Closed,AN-CSE-03-01,83,9,False,
AL-001009,CSE-03,2026-09-08T15:22:00,Critical,AST-CSE-03-035,Phishing,TA0001,Closed,AN-CSE-03-06,155,5,False,
AL-001010,CSE-03,2026-09-18T15:08:00,Medium,AST-CSE-03-040,Exfiltration,TA0010,Closed,AN-CSE-03-01,76,8,False,
AL-001011,CSE-03,2026-09-02T14:05:00,Low,AST-CSE-03-012,Exfiltration,TA0010,Open,AN-CSE-03-02,196,6,False,
AL-001012,CSE-03,2026-08-24T21:46:00,Medium,AST-CSE-03-017,Data Access Anomaly,TA0009,Closed,AN-CSE-03-06,168,8,False,
AL-001013,CSE-03,2026-08-27T22:37:00,High,AST-CSE-03-010,Policy Violation,TA0005,Closed,AN-CSE-03-03,3,1,False,
AL-001014,CSE-03,2026-08-24T06:48:00,High,AST-CSE-03-012,Policy Violation,TA0005,Closed,AN-CSE-03-08,4,1,False,
AL-001015,CSE-03,2026-09-14T23:17:00,High,AST-CSE-03-002,Exfiltration,TA0010,Closed,AN-CSE-03-04,33,6,False,
AL-001016,CSE-03,2026-09-04T07:14:00,High,AST-CSE-03-030,C2 Beacon,TA0011,Closed,AN-CSE-03-01,8,1,False,
AL-001017,CSE-03,2026-08-26T15:01:00,Low,AST-CSE-03-002,Phishing,TA0001,Closed,AN-CSE-03-01,217,3,False,
AL-001018,CSE-03,2026-09-20T08:26:00,Critical,AST-CSE-03-010,Data Access Anomaly,TA0009,Closed,AN-CSE-03-06,3,0,False,
AL-001019,CSE-03,2026-08-22T21:08:00,Low,AST-CSE-03-009,Policy Violation,TA0005,Closed,AN-CSE-03-03,142,4,False,
AL-001020,CSE-03,2026-08-30T18:53:00,Low,AST-CSE-03-004,Suspicious Login,TA0001,Closed,AN-CSE-03-01,46,7,False,
AL-001021,CSE-03,2026-09-07T08:00:00,Low,AST-CSE-03-007,Suspicious Login,TA0001,Closed,AN-CSE-03-04,129,6,False,
AL-001022,CSE-03,2026-08-22T14:36:00,High,AST-CSE-03-023,Exfiltration,TA0010,Closed,AN-CSE-03-02,3,0,False,
AL-001023,CSE-03,2026-09-01T01:53:00,Medium,AST-CSE-03-007,Exfiltration,TA0010,Open,AN-CSE-03-06,41,3,False,
AL-001024,CSE-03,2026-09-09T16:49:00,Medium,AST-CSE-03-010,Brute Force,TA0006,Closed,AN-CSE-03-07,190,8,False,
AL-001025,CSE-03,2026-09-17T03:02:00,Medium,AST-CSE-03-040,Exfiltration,TA0010,Open,AN-CSE-03-08,87,9,False,
AL-001026,CSE-03,2026-09-15T15:51:00,Low,AST-CSE-03-005,Malware,TA0002,Closed,AN-CSE-03-06,134,8,False,
AL-001027,CSE-03,2026-08-28T03:51:00,Medium,AST-CSE-03-005,Phishing,TA0001,Closed,AN-CSE-03-02,52,4,False,
AL-001028,CSE-03,2026-09-04T13:34:00,Medium,AST-CSE-03-023,Privilege Escalation,TA0004,Closed,AN-CSE-03-06,187,4,False,
AL-001029,CSE-03,2026-09-02T20:26:00,Medium,AST-CSE-03-027,Suspicious Login,TA0001,Closed,AN-CSE-03-04,168,8,False,
AL-001030,CSE-03,2026-08-25T12:46:00,Low,AST-CSE-03-034,Data Access Anomaly,TA0009,Closed,AN-CSE-03-02,20,4,False,
AL-001031,CSE-03,2026-09-16T08:57:00,Medium,AST-CSE-03-024,Suspicious Login,TA0001,Closed,AN-CSE-03-06,237,9,False,
AL-001032,CSE-03,2026-08-23T18:01:00,High,AST-CSE-03-019,Policy Violation,TA0005,Open,AN-CSE-03-07,72,3,False,
AL-001033,CSE-03,2026-08-29T07:36:00,Low,AST-CSE-03-009,Phishing,TA0001,Closed,AN-CSE-03-01,128,5,False,
AL-001034,CSE-03,2026-08-24T16:05:00,Critical,AST-CSE-03-007,Data Access Anomaly,TA0009,Escalated,AN-CSE-03-03,108,4,True,
AL-001035,CSE-03,2026-08-24T22:51:00,Medium,AST-CSE-03-005,Malware,TA0002,Open,AN-CSE-03-03,55,8,False,
AL-001036,CSE-03,2026-09-09T21:10:00,Medium,AST-CSE-03-020,Policy Violation,TA0005,Open,AN-CSE-03-01,59,3,False,
AL-001037,CSE-03,2026-09-04T07:00:00,Low,AST-CSE-03-003,Data Access Anomaly,TA0009,Open,AN-CSE-03-07,194,6,False,
AL-001038,CSE-03,2026-08-29T04:33:00,Medium,AST-CSE-03-017,Data Access Anomaly,TA0009,Closed,AN-CSE-03-03,43,7,False,
AL-001039,CSE-03,2026-09-19T04:35:00,Medium,AST-CSE-03-009,Phishing,TA0001,Closed,AN-CSE-03-03,163,7,False,
AL-001040,CSE-03,2026-08-30T23:08:00,Medium,AST-CSE-03-030,Policy Violation,TA0005,Open,AN-CSE-03-07,225,5,False,
AL-001041,CSE-03,2026-09-17T09:37:00,Medium,AST-CSE-03-028,Phishing,TA0001,Open,AN-CSE-03-06,92,4,False,
AL-001042,CSE-03,2026-09-20T02:48:00,High,AST-CSE-03-007,Phishing,TA0001,Closed,AN-CSE-03-04,2,0,False,
AL-001043,CSE-03,2026-09-02T10:24:00,Low,AST-CSE-03-018,Phishing,TA0001,Closed,AN-CSE-03-08,100,3,False,
AL-001044,CSE-03,2026-09-07T19:48:00,Low,AST-CSE-03-001,Privilege Escalation,TA0004,Closed,AN-CSE-03-06,205,5,False,
AL-001045,CSE-03,2026-08-27T19:54:00,Medium,AST-CSE-03-007,Privilege Escalation,TA0004,Closed,AN-CSE-03-03,223,6,False,
AL-001046,CSE-03,2026-09-15T14:31:00,Medium,AST-CSE-03-038,Malware,TA0002,Closed,AN-CSE-03-02,43,8,False,
AL-001047,CSE-03,2026-09-14T19:27:00,Low,AST-CSE-03-014,Brute Force,TA0006,Closed,AN-CSE-03-06,53,5,False,
AL-001048,CSE-03,2026-09-07T10:03:00,Low,AST-CSE-03-024,Data Access Anomaly,TA0009,Closed,AN-CSE-03-07,176,7,False,
AL-001049,CSE-03,2026-09-05T08:09:00,Medium,AST-CSE-03-010,Data Access Anomaly,TA0009,Closed,AN-CSE-03-01,99,7,False,
AL-001050,CSE-03,2026-09-15T02:50:00,Medium,AST-CSE-03-032,Phishing,TA0001,Closed,AN-CSE-03-02,113,5,False,
AL-001051,CSE-03,2026-09-06T03:30:00,Low,AST-CSE-03-005,Brute Force,TA0006,Closed,AN-CSE-03-05,133,8,False,
AL-001052,CSE-03,2026-09-09T02:35:00,Medium,AST-CSE-03-008,Data Access Anomaly,TA0009,Closed,AN-CSE-03-07,194,4,False,
AL-001053,CSE-03,2026-09-10T00:55:00,Low,AST-CSE-03-024,Suspicious Login,TA0001,Closed,AN-CSE-03-07,87,8,False,
AL-001054,CSE-03,2026-09-12T13:08:00,Low,AST-CSE-03-040,Malware,TA0002,Closed,AN-CSE-03-01,46,5,False,
AL-001055,CSE-03,2026-09-18T04:36:00,Medium,AST-CSE-03-011,Data Access Anomaly,TA0009,Closed,AN-CSE-03-08,109,6,False,
AL-001056,CSE-03,2026-09-14T12:54:00,High,AST-CSE-03-035,Policy Violation,TA0005,Closed,AN-CSE-03-07,5,1,False,
AL-001057,CSE-03,2026-08-31T20:47:00,Medium,AST-CSE-03-022,Phishing,TA0001,Open,AN-CSE-03-08,136,3,False,
AL-001058,CSE-03,2026-09-14T01:24:00,High,AST-CSE-03-010,Policy Violation,TA0005,Closed,AN-CSE-03-01,8,0,False,
AL-001059,CSE-03,2026-09-14T10:47:00,Low,AST-CSE-03-024,C2 Beacon,TA0011,Closed,AN-CSE-03-01,195,6,False,
AL-001060,CSE-03,2026-09-18T03:35:00,High,AST-CSE-03-017,Brute Force,TA0006,Closed,AN-CSE-03-02,130,9,False,
AL-001061,CSE-03,2026-09-12T06:07:00,Medium,AST-CSE-03-034,Phishing,TA0001,Closed,AN-CSE-03-01,129,5,False,
AL-001062,CSE-03,2026-09-06T20:30:00,Medium,AST-CSE-03-011,Phishing,TA0001,Open,AN-CSE-03-03,131,5,False,
AL-001063,CSE-03,2026-09-02T16:48:00,Low,AST-CSE-03-037,C2 Beacon,TA0011,Closed,AN-CSE-03-02,168,7,False,
AL-001064,CSE-03,2026-08-22T21:01:00,Critical,AST-CSE-03-021,Privilege Escalation,TA0004,Closed,AN-CSE-03-03,7,0,False,
AL-001065,CSE-03,2026-09-19T21:07:00,Medium,AST-CSE-03-027,Exfiltration,TA0010,Closed,AN-CSE-03-03,183,7,False,
AL-001066,CSE-03,2026-09-13T22:16:00,Low,AST-CSE-03-003,Phishing,TA0001,Closed,AN-CSE-03-03,75,5,False,
AL-001067,CSE-03,2026-09-09T00:59:00,Low,AST-CSE-03-013,Data Access Anomaly,TA0009,Closed,AN-CSE-03-05,148,9,False,
AL-001068,CSE-03,2026-09-09T00:07:00,Medium,AST-CSE-03-032,Policy Violation,TA0005,Closed,AN-CSE-03-07,215,5,False,
AL-001069,CSE-03,2026-09-14T18:22:00,Medium,AST-CSE-03-012,Policy Violation,TA0005,Open,AN-CSE-03-03,117,5,False,
AL-001070,CSE-03,2026-08-22T08:55:00,Low,AST-CSE-03-028,Exfiltration,TA0010,Closed,AN-CSE-03-02,24,7,False,
AL-001071,CSE-03,2026-08-31T18:54:00,Low,AST-CSE-03-007,Policy Violation,TA0005,Open,AN-CSE-03-08,226,3,False,
AL-001072,CSE-03,2026-08-26T21:25:00,High,AST-CSE-03-019,C2 Beacon,TA0011,Closed,AN-CSE-03-07,135,3,False,
AL-001073,CSE-03,2026-08-30T13:10:00,Low,AST-CSE-03-030,C2 Beacon,TA0011,Closed,AN-CSE-03-07,115,9,False,
AL-001074,CSE-03,2026-08-30T03:41:00,Medium,AST-CSE-03-033,Exfiltration,TA0010,Closed,AN-CSE-03-07,21,6,False,
AL-001075,CSE-03,2026-09-08T19:08:00,High,AST-CSE-03-001,Malware,TA0002,Closed,AN-CSE-03-06,161,6,False,
AL-001076,CSE-03,2026-08-30T23:07:00,High,AST-CSE-03-036,C2 Beacon,TA0011,Closed,AN-CSE-03-01,8,0,False,
AL-001077,CSE-03,2026-09-09T19:50:00,Medium,AST-CSE-03-025,Brute Force,TA0006,Closed,AN-CSE-03-07,201,9,False,
AL-001078,CSE-03,2026-08-25T23:07:00,Medium,AST-CSE-03-033,Phishing,TA0001,Closed,AN-CSE-03-05,60,5,False,
AL-001079,CSE-03,2026-09-19T15:11:00,Critical,AST-CSE-03-006,Phishing,TA0001,Closed,AN-CSE-03-03,154,3,False,
AL-001080,CSE-03,2026-08-27T00:49:00,Medium,AST-CSE-03-009,Policy Violation,TA0005,Closed,AN-CSE-03-04,76,5,False,
AL-001081,CSE-03,2026-08-25T23:11:00,Low,AST-CSE-03-035,Phishing,TA0001,Closed,AN-CSE-03-05,90,3,False,
AL-001082,CSE-03,2026-09-16T21:01:00,Low,AST-CSE-03-002,Data Access Anomaly,TA0009,Closed,AN-CSE-03-02,92,5,False,
AL-001083,CSE-03,2026-09-09T05:35:00,Medium,AST-CSE-03-006,Phishing,TA0001,Closed,AN-CSE-03-02,25,6,False,
AL-001084,CSE-03,2026-09-06T23:04:00,High,AST-CSE-03-032,Phishing,TA0001,Closed,AN-CSE-03-06,9,0,False,
AL-001085,CSE-03,2026-09-14T14:24:00,Critical,AST-CSE-03-012,Exfiltration,TA0010,Open,AN-CSE-03-01,102,5,False,
AL-001086,CSE-03,2026-09-03T12:44:00,Critical,AST-CSE-03-039,Suspicious Login,TA0001,Escalated,AN-CSE-03-02,22,7,True,
AL-001087,CSE-03,2026-09-09T08:03:00,High,AST-CSE-03-033,Brute Force,TA0006,Closed,AN-CSE-03-04,50,4,False,
AL-001088,CSE-03,2026-09-14T09:38:00,Medium,AST-CSE-03-009,Exfiltration,TA0010,Closed,AN-CSE-03-05,227,6,False,
AL-001089,CSE-03,2026-09-12T06:48:00,Low,AST-CSE-03-033,C2 Beacon,TA0011,Open,AN-CSE-03-05,46,7,False,
AL-001090,CSE-03,2026-08-27T20:33:00,Low,AST-CSE-03-020,Brute Force,TA0006,Closed,AN-CSE-03-08,211,5,False,
AL-001091,CSE-03,2026-09-07T05:24:00,Medium,AST-CSE-03-040,Phishing,TA0001,Closed,AN-CSE-03-06,181,9,False,
AL-001092,CSE-03,2026-09-04T03:23:00,Low,AST-CSE-03-029,Brute Force,TA0006,Open,AN-CSE-03-07,231,8,False,
AL-001093,CSE-03,2026-09-15T01:33:00,Critical,AST-CSE-03-023,C2 Beacon,TA0011,Closed,AN-CSE-03-03,33,4,False,
AL-001094,CSE-03,2026-09-09T14:00:00,High,AST-CSE-03-010,Privilege Escalation,TA0004,Closed,AN-CSE-03-06,160,9,False,
AL-001095,CSE-03,2026-09-10T16:47:00,Critical,AST-CSE-03-015,Suspicious Login,TA0001,Open,AN-CSE-03-04,86,8,False,
AL-001096,CSE-03,2026-09-06T14:12:00,Low,AST-CSE-03-005,Data Access Anomaly,TA0009,Closed,AN-CSE-03-07,101,4,False,
AL-001097,CSE-03,2026-09-11T22:53:00,Medium,AST-CSE-03-004,Policy Violation,TA0005,Open,AN-CSE-03-02,173,5,False,
AL-001098,CSE-03,2026-09-11T11:19:00,Medium,AST-CSE-03-025,Phishing,TA0001,Closed,AN-CSE-03-01,92,4,False,
AL-001099,CSE-03,2026-09-19T01:19:00,Low,AST-CSE-03-003,Suspicious Login,TA0001,Closed,AN-CSE-03-01,44,9,False,
AL-001100,CSE-03,2026-09-08T23:55:00,Medium,AST-CSE-03-020,Exfiltration,TA0010,Closed,AN-CSE-03-06,32,6,False,
AL-001101,CSE-03,2026-08-22T08:07:00,Low,AST-CSE-03-030,Policy Violation,TA0005,Closed,AN-CSE-03-06,46,3,False,
AL-001102,CSE-03,2026-09-09T13:14:00,High,AST-CSE-03-004,Malware,TA0002,Open,AN-CSE-03-07,37,4,False,
AL-001103,CSE-03,2026-08-21T13:05:00,Low,AST-CSE-03-024,Suspicious Login,TA0001,Closed,AN-CSE-03-01,220,3,False,
AL-001104,CSE-03,2026-09-09T13:21:00,Critical,AST-CSE-03-004,Exfiltration,TA0010,Closed,AN-CSE-03-07,58,4,False,
AL-001105,CSE-03,2026-08-26T17:04:00,Low,AST-CSE-03-009,Privilege Escalation,TA0004,Open,AN-CSE-03-07,191,3,False,
AL-001106,CSE-03,2026-08-29T20:43:00,Medium,AST-CSE-03-034,Phishing,TA0001,Closed,AN-CSE-03-06,143,4,False,
AL-001107,CSE-03,2026-09-08T18:07:00,Low,AST-CSE-03-017,Exfiltration,TA0010,Closed,AN-CSE-03-04,208,9,False,
AL-001108,CSE-03,2026-09-19T06:00:00,Low,AST-CSE-03-005,Phishing,TA0001,Closed,AN-CSE-03-04,118,4,False,
AL-001109,CSE-03,2026-09-01T19:28:00,High,AST-CSE-03-007,Privilege Escalation,TA0004,Closed,AN-CSE-03-06,6,1,False,
AL-001110,CSE-03,2026-09-16T04:02:00,High,AST-CSE-03-010,Suspicious Login,TA0001,Open,AN-CSE-03-06,130,9,False,
AL-001111,CSE-03,2026-09-14T09:43:00,Low,AST-CSE-03-033,Phishing,TA0001,Open,AN-CSE-03-07,98,9,False,
AL-001112,CSE-03,2026-09-16T12:53:00,Medium,AST-CSE-03-007,Brute Force,TA0006,Closed,AN-CSE-03-04,137,4,False,
AL-001113,CSE-03,2026-09-06T00:44:00,Medium,AST-CSE-03-002,Policy Violation,TA0005,Closed,AN-CSE-03-02,41,5,False,
AL-001114,CSE-03,2026-09-06T19:39:00,Medium,AST-CSE-03-014,Brute Force,TA0006,Closed,AN-CSE-03-01,114,3,False,
AL-001115,CSE-03,2026-09-13T23:49:00,High,AST-CSE-03-025,C2 Beacon,TA0011,Closed,AN-CSE-03-05,9,1,False,
AL-001116,CSE-03,2026-09-17T04:53:00,Medium,AST-CSE-03-007,Malware,TA0002,Closed,AN-CSE-03-01,167,5,False,
AL-001117,CSE-03,2026-09-12T16:16:00,High,AST-CSE-03-005,Suspicious Login,TA0001,Open,AN-CSE-03-07,40,4,False,
AL-001118,CSE-03,2026-08-26T05:38:00,High,AST-CSE-03-018,Policy Violation,TA0005,Closed,AN-CSE-03-05,6,0,False,
AL-001119,CSE-03,2026-08-28T16:30:00,Medium,AST-CSE-03-007,Brute Force,TA0006,Closed,AN-CSE-03-05,196,4,False,
AL-001120,CSE-03,2026-09-09T21:51:00,High,AST-CSE-03-021,Phishing,TA0001,Closed,AN-CSE-03-01,8,1,False,
AL-001121,CSE-03,2026-08-23T09:50:00,Low,AST-CSE-03-002,Brute Force,TA0006,Closed,AN-CSE-03-01,141,7,False,
AL-001122,CSE-03,2026-09-19T11:24:00,Medium,AST-CSE-03-032,Phishing,TA0001,Closed,AN-CSE-03-05,154,7,False,
AL-001123,CSE-03,2026-08-25T12:39:00,High,AST-CSE-03-010,Phishing,TA0001,Closed,AN-CSE-03-08,7,1,False,
AL-001124,CSE-03,2026-09-20T00:41:00,Medium,AST-CSE-03-032,Exfiltration,TA0010,Open,AN-CSE-03-06,218,8,False,
AL-001125,CSE-03,2026-09-03T12:20:00,Medium,AST-CSE-03-031,Phishing,TA0001,Closed,AN-CSE-03-01,125,9,False,
AL-001126,CSE-03,2026-09-12T17:13:00,Medium,AST-CSE-03-010,Privilege Escalation,TA0004,Closed,AN-CSE-03-07,210,3,False,
AL-001127,CSE-03,2026-08-22T15:17:00,Low,AST-CSE-03-025,Phishing,TA0001,Closed,AN-CSE-03-08,154,4,False,
AL-001128,CSE-03,2026-09-07T03:41:00,Medium,AST-CSE-03-023,Privilege Escalation,TA0004,Closed,AN-CSE-03-04,153,8,False,
AL-001129,CSE-03,2026-09-05T17:10:00,Medium,AST-CSE-03-040,Phishing,TA0001,Open,AN-CSE-03-06,22,6,False,
AL-001130,CSE-03,2026-09-04T02:21:00,Low,AST-CSE-03-010,Policy Violation,TA0005,Closed,AN-CSE-03-03,93,3,False,
AL-001131,CSE-03,2026-09-10T17:53:00,Critical,AST-CSE-03-001,Policy Violation,TA0005,Closed,AN-CSE-03-01,2,1,False,
AL-001132,CSE-03,2026-09-16T00:04:00,Critical,AST-CSE-03-023,Malware,TA0002,Closed,AN-CSE-03-05,4,0,False,
AL-001133,CSE-03,2026-09-13T22:23:00,Low,AST-CSE-03-018,Brute Force,TA0006,Closed,AN-CSE-03-02,28,6,False,
AL-001134,CSE-03,2026-08-23T08:03:00,Medium,AST-CSE-03-016,C2 Beacon,TA0011,Closed,AN-CSE-03-05,172,5,False,
AL-001135,CSE-03,2026-09-09T17:52:00,Medium,AST-CSE-03-037,C2 Beacon,TA0011,Closed,AN-CSE-03-04,126,7,False,
AL-001136,CSE-03,2026-09-01T15:31:00,High,AST-CSE-03-020,Exfiltration,TA0010,Closed,AN-CSE-03-03,126,3,False,
AL-001137,CSE-03,2026-09-03T14:15:00,Low,AST-CSE-03-034,Policy Violation,TA0005,Closed,AN-CSE-03-06,129,6,False,
AL-001138,CSE-03,2026-09-03T11:11:00,Critical,AST-CSE-03-027,Policy Violation,TA0005,Closed,AN-CSE-03-07,50,7,False,
AL-001139,CSE-03,2026-08-31T18:03:00,Medium,AST-CSE-03-038,Suspicious Login,TA0001,Closed,AN-CSE-03-05,236,6,False,
AL-001140,CSE-03,2026-08-26T19:31:00,Medium,AST-CSE-03-026,Malware,TA0002,Open,AN-CSE-03-01,89,9,False,
AL-001141,CSE-03,2026-08-25T02:24:00,Medium,AST-CSE-03-007,Privilege Escalation,TA0004,Open,AN-CSE-03-08,35,3,False,
AL-001142,CSE-03,2026-09-18T13:47:00,Low,AST-CSE-03-038,Suspicious Login,TA0001,Closed,AN-CSE-03-03,146,4,False,
AL-001143,CSE-03,2026-08-28T11:09:00,Medium,AST-CSE-03-010,Exfiltration,TA0010,Closed,AN-CSE-03-08,71,3,False,
AL-001144,CSE-03,2026-09-16T19:54:00,Medium,AST-CSE-03-001,Brute Force,TA0006,Open,AN-CSE-03-04,141,3,False,
AL-001145,CSE-03,2026-09-17T02:35:00,Critical,AST-CSE-03-029,C2 Beacon,TA0011,Closed,AN-CSE-03-08,5,1,False,
AL-001146,CSE-03,2026-09-01T08:33:00,Low,AST-CSE-03-040,Policy Violation,TA0005,Open,AN-CSE-03-03,67,4,False,
AL-001147,CSE-03,2026-08-28T18:48:00,Medium,AST-CSE-03-016,Brute Force,TA0006,Closed,AN-CSE-03-08,94,8,False,
AL-001148,CSE-03,2026-09-11T23:36:00,Medium,AST-CSE-03-038,Policy Violation,TA0005,Closed,AN-CSE-03-02,228,6,False,
AL-001149,CSE-03,2026-09-02T00:00:00,Medium,AST-CSE-03-002,Exfiltration,TA0010,Open,AN-CSE-03-05,186,8,False,
AL-001150,CSE-03,2026-09-09T07:31:00,Low,AST-CSE-03-029,Malware,TA0002,Open,AN-CSE-03-08,60,5,False,
AL-001151,CSE-03,2026-08-28T19:36:00,Medium,AST-CSE-03-033,Phishing,TA0001,Open,AN-CSE-03-02,58,5,False,
AL-001152,CSE-03,2026-08-24T07:43:00,Medium,AST-CSE-03-037,Privilege Escalation,TA0004,Open,AN-CSE-03-05,37,9,False,
AL-001153,CSE-03,2026-08-31T14:49:00,Low,AST-CSE-03-031,C2 Beacon,TA0011,Open,AN-CSE-03-05,102,7,False,
AL-001154,CSE-03,2026-09-08T09:58:00,Medium,AST-CSE-03-023,Data Access Anomaly,TA0009,Closed,AN-CSE-03-01,60,4,False,
AL-001155,CSE-03,2026-09-05T01:12:00,Low,AST-CSE-03-007,Policy Violation,TA0005,Closed,AN-CSE-03-04,226,8,False,
AL-001156,CSE-03,2026-09-07T22:01:00,Low,AST-CSE-03-007,Brute Force,TA0006,Closed,AN-CSE-03-02,84,3,False,
AL-001157,CSE-03,2026-08-31T15:07:00,Low,AST-CSE-03-005,Policy Violation,TA0005,Open,AN-CSE-03-01,102,3,False,
AL-001158,CSE-03,2026-08-30T17:25:00,High,AST-CSE-03-029,C2 Beacon,TA0011,Open,AN-CSE-03-04,140,6,False,
AL-001159,CSE-03,2026-09-14T22:08:00,High,AST-CSE-03-019,Phishing,TA0001,Open,AN-CSE-03-04,21,8,False,
AL-001160,CSE-03,2026-09-16T11:37:00,Critical,AST-CSE-03-007,Phishing,TA0001,Closed,AN-CSE-03-07,3,1,False,
AL-001161,CSE-03,2026-08-25T05:24:00,Medium,AST-CSE-03-012,Suspicious Login,TA0001,Open,AN-CSE-03-08,111,7,False,
AL-001162,CSE-03,2026-08-30T23:05:00,Medium,AST-CSE-03-009,Phishing,TA0001,Open,AN-CSE-03-02,52,9,False,
AL-001163,CSE-03,2026-09-13T10:22:00,High,AST-CSE-03-020,Phishing,TA0001,Closed,AN-CSE-03-06,89,9,False,
AL-001164,CSE-03,2026-08-24T06:42:00,Critical,AST-CSE-03-025,Privilege Escalation,TA0004,Closed,AN-CSE-03-02,5,1,False,
AL-001165,CSE-03,2026-08-29T08:23:00,Critical,AST-CSE-03-026,Data Access Anomaly,TA0009,Closed,AN-CSE-03-08,6,0,False,
AL-001166,CSE-03,2026-09-14T01:04:00,Medium,AST-CSE-03-003,Privilege Escalation,TA0004,Open,AN-CSE-03-01,160,9,False,
AL-001167,CSE-03,2026-09-17T17:03:00,High,AST-CSE-03-022,Malware,TA0002,Open,AN-CSE-03-01,33,6,False,
AL-001168,CSE-03,2026-09-05T07:43:00,Low,AST-CSE-03-040,Phishing,TA0001,Closed,AN-CSE-03-01,147,7,False,
AL-001169,CSE-03,2026-08-26T04:59:00,Medium,AST-CSE-03-023,C2 Beacon,TA0011,Closed,AN-CSE-03-01,220,9,False,
AL-001170,CSE-03,2026-08-29T14:13:00,Low,AST-CSE-03-035,Data Access Anomaly,TA0009,Closed,AN-CSE-03-01,33,6,False,
AL-001171,CSE-03,2026-09-03T07:53:00,Low,AST-CSE-03-009,C2 Beacon,TA0011,Closed,AN-CSE-03-08,177,5,False,
AL-001172,CSE-03,2026-09-19T04:46:00,Medium,AST-CSE-03-013,Privilege Escalation,TA0004,Open,AN-CSE-03-02,78,6,False,
AL-001173,CSE-03,2026-08-26T11:05:00,Critical,AST-CSE-03-035,Data Access Anomaly,TA0009,Closed,AN-CSE-03-04,3,0,False,
AL-001174,CSE-03,2026-09-19T01:38:00,High,AST-CSE-03-009,Policy Violation,TA0005,Closed,AN-CSE-03-04,4,1,False,
AL-001175,CSE-03,2026-09-18T03:26:00,Medium,AST-CSE-03-031,Phishing,TA0001,Closed,AN-CSE-03-04,208,9,False,
AL-001176,CSE-03,2026-09-08T18:42:00,Low,AST-CSE-03-015,Policy Violation,TA0005,Open,AN-CSE-03-04,88,5,False,
AL-001177,CSE-03,2026-09-08T22:15:00,High,AST-CSE-03-035,Suspicious Login,TA0001,Open,AN-CSE-03-08,67,4,False,
AL-001178,CSE-22,2026-09-01T19:44:00,Medium,AST-CSE-22-015,C2 Beacon,TA0011,Closed,AN-CSE-22-02,139,8,False,
AL-001179,CSE-22,2026-08-30T03:55:00,Medium,AST-CSE-22-005,Malware,TA0002,Open,AN-CSE-22-02,95,5,False,
AL-001180,CSE-22,2026-09-09T03:18:00,Medium,AST-CSE-22-013,Malware,TA0002,Open,AN-CSE-22-03,227,9,False,
AL-001181,CSE-22,2026-08-30T01:07:00,Medium,AST-CSE-22-001,Phishing,TA0001,Closed,AN-CSE-22-03,133,6,False,
AL-001182,CSE-22,2026-09-08T20:20:00,Medium,AST-CSE-22-015,Malware,TA0002,Closed,AN-CSE-22-05,34,7,False,
AL-001183,CSE-22,2026-09-17T21:49:00,Medium,AST-CSE-22-009,Data Access Anomaly,TA0009,Closed,AN-CSE-22-03,90,5,False,
AL-001184,CSE-22,2026-09-15T16:19:00,Medium,AST-CSE-22-005,Lateral Movement,TA0008,Closed,AN-CSE-22-01,187,3,False,
AL-001185,CSE-22,2026-09-02T01:58:00,Low,AST-CSE-22-022,Suspicious Login,TA0001,Closed,AN-CSE-22-05,35,8,False,
AL-001186,CSE-22,2026-08-24T00:26:00,Medium,AST-CSE-22-009,Malware,TA0002,Closed,AN-CSE-22-01,109,3,False,
AL-001187,CSE-22,2026-09-18T04:47:00,High,AST-CSE-22-017,Policy Violation,TA0005,Closed,AN-CSE-22-03,8,0,False,
AL-001188,CSE-22,2026-09-16T11:40:00,Low,AST-CSE-22-021,C2 Beacon,TA0011,Open,AN-CSE-22-05,105,6,False,
AL-001189,CSE-22,2026-09-10T16:59:00,Low,AST-CSE-22-012,Policy Violation,TA0005,Open,AN-CSE-22-02,94,4,False,
AL-001190,CSE-22,2026-08-26T01:28:00,Medium,AST-CSE-22-001,Phishing,TA0001,Closed,AN-CSE-22-05,202,5,False,
AL-001191,CSE-22,2026-08-28T07:36:00,Critical,AST-CSE-22-013,Data Access Anomaly,TA0009,Closed,AN-CSE-22-01,5,1,False,
AL-001192,CSE-22,2026-09-04T10:22:00,Low,AST-CSE-22-018,Phishing,TA0001,Closed,AN-CSE-22-04,153,6,False,
AL-001193,CSE-22,2026-09-11T04:39:00,Low,AST-CSE-22-009,Lateral Movement,TA0008,Closed,AN-CSE-22-02,112,4,False,
AL-001194,CSE-22,2026-09-05T12:04:00,Low,AST-CSE-22-011,Phishing,TA0001,Open,AN-CSE-22-04,110,7,False,
AL-001195,CSE-22,2026-09-01T04:32:00,Medium,AST-CSE-22-003,Privilege Escalation,TA0004,Closed,AN-CSE-22-04,231,9,False,
AL-001196,CSE-22,2026-09-06T14:23:00,Low,AST-CSE-22-018,Lateral Movement,TA0008,Closed,AN-CSE-22-02,223,5,False,
AL-001197,CSE-22,2026-09-06T19:51:00,High,AST-CSE-22-011,Phishing,TA0001,Closed,AN-CSE-22-05,5,0,False,
AL-001198,CSE-22,2026-09-07T03:12:00,High,AST-CSE-22-015,Malware,TA0002,Closed,AN-CSE-22-05,9,0,False,
AL-001199,CSE-22,2026-09-19T13:50:00,Low,AST-CSE-22-005,Malware,TA0002,Closed,AN-CSE-22-01,155,6,False,
AL-001200,CSE-22,2026-09-03T04:15:00,Medium,AST-CSE-22-012,Brute Force,TA0006,Open,AN-CSE-22-03,231,5,False,
AL-001201,CSE-22,2026-08-28T10:56:00,High,AST-CSE-22-020,Data Access Anomaly,TA0009,Closed,AN-CSE-22-03,8,1,False,
AL-001202,CSE-22,2026-09-04T13:52:00,Medium,AST-CSE-22-024,C2 Beacon,TA0011,Open,AN-CSE-22-02,170,9,False,
AL-001203,CSE-22,2026-09-01T17:37:00,Low,AST-CSE-22-003,Brute Force,TA0006,Open,AN-CSE-22-04,132,4,False,
AL-001204,CSE-22,2026-08-27T08:46:00,Medium,AST-CSE-22-024,Data Access Anomaly,TA0009,Open,AN-CSE-22-03,32,7,False,
AL-001205,CSE-22,2026-08-21T22:42:00,Medium,AST-CSE-22-017,Data Access Anomaly,TA0009,Closed,AN-CSE-22-03,213,4,False,
AL-001206,CSE-22,2026-09-11T17:04:00,Medium,AST-CSE-22-002,Lateral Movement,TA0008,Closed,AN-CSE-22-05,108,5,False,
AL-001207,CSE-22,2026-09-06T04:04:00,Medium,AST-CSE-22-004,Exfiltration,TA0010,Closed,AN-CSE-22-02,86,7,False,
AL-001208,CSE-22,2026-09-13T18:07:00,High,AST-CSE-22-008,Exfiltration,TA0010,Closed,AN-CSE-22-05,2,0,False,
AL-001209,CSE-22,2026-09-19T20:07:00,Low,AST-CSE-22-018,Suspicious Login,TA0001,Closed,AN-CSE-22-01,92,7,False,
AL-001210,CSE-22,2026-08-24T21:42:00,Medium,AST-CSE-22-024,Policy Violation,TA0005,Closed,AN-CSE-22-01,236,3,False,
AL-001211,CSE-22,2026-08-24T07:43:00,Medium,AST-CSE-22-014,Policy Violation,TA0005,Open,AN-CSE-22-01,225,3,False,
AL-001212,CSE-22,2026-09-10T06:28:00,Low,AST-CSE-22-026,Lateral Movement,TA0008,Open,AN-CSE-22-03,181,8,False,
AL-001213,CSE-22,2026-09-10T10:33:00,Low,AST-CSE-22-022,Phishing,TA0001,Closed,AN-CSE-22-01,223,7,False,
AL-001214,CSE-22,2026-08-22T15:58:00,Medium,AST-CSE-22-007,Suspicious Login,TA0001,Closed,AN-CSE-22-01,170,6,False,
AL-001215,CSE-22,2026-09-15T20:08:00,Medium,AST-CSE-22-022,Lateral Movement,TA0008,Closed,AN-CSE-22-02,92,4,False,
AL-001216,CSE-22,2026-08-23T12:13:00,Low,AST-CSE-22-021,Phishing,TA0001,Open,AN-CSE-22-02,37,6,False,
AL-001217,CSE-22,2026-09-18T22:16:00,Low,AST-CSE-22-020,Lateral Movement,TA0008,Closed,AN-CSE-22-03,181,7,False,
AL-001218,CSE-22,2026-08-30T06:04:00,Medium,AST-CSE-22-021,Privilege Escalation,TA0004,Closed,AN-CSE-22-03,94,8,False,
AL-001219,CSE-22,2026-09-02T20:42:00,Medium,AST-CSE-22-016,C2 Beacon,TA0011,Closed,AN-CSE-22-01,213,9,False,
AL-001220,CSE-22,2026-08-29T22:53:00,Medium,AST-CSE-22-014,Policy Violation,TA0005,Closed,AN-CSE-22-02,101,8,False,
AL-001221,CSE-22,2026-08-26T20:07:00,Low,AST-CSE-22-012,C2 Beacon,TA0011,Closed,AN-CSE-22-04,195,4,False,
AL-001222,CSE-22,2026-08-22T22:57:00,Medium,AST-CSE-22-010,Exfiltration,TA0010,Closed,AN-CSE-22-05,86,8,False,
AL-001223,CSE-22,2026-09-06T23:44:00,Low,AST-CSE-22-014,C2 Beacon,TA0011,Closed,AN-CSE-22-01,206,4,False,
AL-001224,CSE-22,2026-09-07T04:24:00,Medium,AST-CSE-22-021,Malware,TA0002,Closed,AN-CSE-22-02,219,8,False,
AL-001225,CSE-22,2026-08-31T18:59:00,Medium,AST-CSE-22-020,Data Access Anomaly,TA0009,Open,AN-CSE-22-01,43,9,False,
AL-001226,CSE-22,2026-09-03T09:19:00,Low,AST-CSE-22-011,Privilege Escalation,TA0004,Closed,AN-CSE-22-01,112,7,False,
AL-001227,CSE-22,2026-08-29T04:42:00,Medium,AST-CSE-22-006,Suspicious Login,TA0001,Closed,AN-CSE-22-02,104,6,False,
AL-001228,CSE-22,2026-09-19T11:12:00,Low,AST-CSE-22-018,Lateral Movement,TA0008,Closed,AN-CSE-22-05,121,9,False,
AL-001229,CSE-22,2026-09-20T04:20:00,Medium,AST-CSE-22-002,Brute Force,TA0006,Closed,AN-CSE-22-02,211,3,False,
AL-001230,CSE-22,2026-08-28T03:05:00,High,AST-CSE-22-021,C2 Beacon,TA0011,Open,AN-CSE-22-01,144,8,False,
AL-001231,CSE-22,2026-08-27T18:22:00,Critical,AST-CSE-22-025,C2 Beacon,TA0011,Open,AN-CSE-22-02,165,9,False,
AL-001232,CSE-22,2026-09-06T19:13:00,Low,AST-CSE-22-028,Exfiltration,TA0010,Closed,AN-CSE-22-01,137,4,False,
AL-001233,CSE-22,2026-09-10T22:55:00,Medium,AST-CSE-22-009,Data Access Anomaly,TA0009,Closed,AN-CSE-22-02,163,5,False,
AL-001234,CSE-22,2026-09-08T11:29:00,Medium,AST-CSE-22-010,Suspicious Login,TA0001,Open,AN-CSE-22-04,215,7,False,
AL-001235,CSE-22,2026-09-19T23:11:00,High,AST-CSE-22-004,Policy Violation,TA0005,Closed,AN-CSE-22-02,137,7,False,
AL-001236,CSE-22,2026-08-25T15:55:00,Medium,AST-CSE-22-021,Exfiltration,TA0010,Closed,AN-CSE-22-01,73,9,False,
AL-001237,CSE-22,2026-09-07T16:07:00,High,AST-CSE-22-019,Lateral Movement,TA0008,Closed,AN-CSE-22-04,5,0,False,
AL-001238,CSE-22,2026-09-10T12:39:00,High,AST-CSE-22-025,Policy Violation,TA0005,Closed,AN-CSE-22-02,159,7,False,
AL-001239,CSE-22,2026-09-13T18:10:00,Medium,AST-CSE-22-028,Malware,TA0002,Closed,AN-CSE-22-04,100,8,False,
AL-001240,CSE-22,2026-09-03T18:06:00,Low,AST-CSE-22-011,Policy Violation,TA0005,Closed,AN-CSE-22-01,128,8,False,
AL-001241,CSE-22,2026-09-14T19:13:00,Low,AST-CSE-22-013,Brute Force,TA0006,Closed,AN-CSE-22-01,132,9,False,
AL-001242,CSE-22,2026-08-30T19:29:00,Medium,AST-CSE-22-002,C2 Beacon,TA0011,Closed,AN-CSE-22-02,160,6,False,
AL-001243,CSE-22,2026-09-10T12:01:00,High,AST-CSE-22-001,Exfiltration,TA0010,Closed,AN-CSE-22-03,7,0,False,
AL-001244,CSE-22,2026-09-13T16:15:00,Medium,AST-CSE-22-005,Exfiltration,TA0010,Closed,AN-CSE-22-03,84,6,False,
AL-001245,CSE-22,2026-08-28T07:50:00,Low,AST-CSE-22-007,Privilege Escalation,TA0004,Closed,AN-CSE-22-05,141,3,False,
AL-001246,CSE-22,2026-09-18T11:41:00,High,AST-CSE-22-014,Brute Force,TA0006,Closed,AN-CSE-22-02,39,7,False,
AL-001247,CSE-22,2026-09-05T16:50:00,Critical,AST-CSE-22-011,Phishing,TA0001,Closed,AN-CSE-22-01,158,4,False,
AL-001248,CSE-22,2026-08-21T22:23:00,Medium,AST-CSE-22-007,Exfiltration,TA0010,Closed,AN-CSE-22-03,216,6,False,
AL-001249,CSE-22,2026-09-14T09:23:00,Medium,AST-CSE-22-018,Suspicious Login,TA0001,Closed,AN-CSE-22-02,75,5,False,
AL-001250,CSE-22,2026-08-25T19:23:00,High,AST-CSE-22-009,Data Access Anomaly,TA0009,Closed,AN-CSE-22-04,166,7,False,
AL-001251,CSE-22,2026-09-05T05:50:00,Medium,AST-CSE-22-026,Data Access Anomaly,TA0009,Open,AN-CSE-22-01,75,3,False,
AL-001252,CSE-22,2026-08-24T11:40:00,High,AST-CSE-22-005,Brute Force,TA0006,Closed,AN-CSE-22-01,2,0,False,
AL-001253,CSE-22,2026-09-05T01:41:00,Medium,AST-CSE-22-017,Policy Violation,TA0005,Closed,AN-CSE-22-05,81,7,False,
AL-001254,CSE-22,2026-09-09T02:07:00,Low,AST-CSE-22-013,C2 Beacon,TA0011,Closed,AN-CSE-22-05,40,7,False,
AL-001255,CSE-22,2026-08-24T22:25:00,Low,AST-CSE-22-006,Exfiltration,TA0010,Open,AN-CSE-22-04,221,5,False,
AL-001256,CSE-22,2026-08-31T00:49:00,Low,AST-CSE-22-004,Suspicious Login,TA0001,Open,AN-CSE-22-01,238,6,False,
AL-001257,CSE-22,2026-09-03T05:36:00,High,AST-CSE-22-012,C2 Beacon,TA0011,Closed,AN-CSE-22-03,17,4,False,
AL-001258,CSE-22,2026-09-02T02:39:00,High,AST-CSE-22-012,Suspicious Login,TA0001,Closed,AN-CSE-22-01,6,0,False,
AL-001259,CSE-22,2026-09-11T15:30:00,Critical,AST-CSE-22-020,Exfiltration,TA0010,Open,AN-CSE-22-04,79,5,False,
AL-001260,CSE-22,2026-08-21T20:22:00,Low,AST-CSE-22-027,Malware,TA0002,Open,AN-CSE-22-04,141,8,False,
AL-001261,CSE-22,2026-09-19T00:59:00,Low,AST-CSE-22-025,Suspicious Login,TA0001,Open,AN-CSE-22-05,59,8,False,
AL-001262,CSE-22,2026-08-25T08:57:00,High,AST-CSE-22-006,Brute Force,TA0006,Closed,AN-CSE-22-04,2,1,False,
AL-001263,CSE-22,2026-08-24T05:19:00,Medium,AST-CSE-22-004,Suspicious Login,TA0001,Open,AN-CSE-22-05,105,9,False,
AL-001264,CSE-22,2026-09-14T17:14:00,Low,AST-CSE-22-028,Privilege Escalation,TA0004,Closed,AN-CSE-22-03,190,6,False,
AL-001265,CSE-22,2026-08-24T19:51:00,Critical,AST-CSE-22-027,Malware,TA0002,Closed,AN-CSE-22-03,128,3,False,
AL-001266,CSE-22,2026-08-30T12:07:00,Medium,AST-CSE-22-023,Suspicious Login,TA0001,Closed,AN-CSE-22-01,163,5,False,
AL-001267,CSE-22,2026-08-29T09:24:00,Medium,AST-CSE-22-011,Policy Violation,TA0005,Open,AN-CSE-22-04,43,4,False,
AL-001268,CSE-22,2026-08-31T11:11:00,Medium,AST-CSE-22-003,Brute Force,TA0006,Closed,AN-CSE-22-02,75,8,False,
AL-001269,CSE-22,2026-09-13T02:07:00,Low,AST-CSE-22-015,Phishing,TA0001,Closed,AN-CSE-22-02,208,4,False,
AL-001270,CSE-22,2026-09-15T03:52:00,Low,AST-CSE-22-002,C2 Beacon,TA0011,Closed,AN-CSE-22-05,77,9,False,
AL-001271,CSE-22,2026-09-11T03:16:00,High,AST-CSE-22-009,Lateral Movement,TA0008,Open,AN-CSE-22-04,140,5,False,
AL-001272,CSE-22,2026-09-03T21:07:00,Low,AST-CSE-22-012,Privilege Escalation,TA0004,Closed,AN-CSE-22-02,233,7,False,
AL-001273,CSE-22,2026-08-28T22:38:00,Medium,AST-CSE-22-005,Suspicious Login,TA0001,Open,AN-CSE-22-03,199,7,False,
AL-001274,CSE-22,2026-08-27T05:44:00,High,AST-CSE-22-027,Exfiltration,TA0010,Closed,AN-CSE-22-02,2,0,False,
AL-001275,CSE-22,2026-09-05T17:40:00,Medium,AST-CSE-22-017,Brute Force,TA0006,Closed,AN-CSE-22-03,188,7,False,
AL-001276,CSE-22,2026-08-24T11:50:00,Medium,AST-CSE-22-011,Phishing,TA0001,Closed,AN-CSE-22-04,106,8,False,
AL-001277,CSE-22,2026-09-05T18:49:00,Medium,AST-CSE-22-006,Privilege Escalation,TA0004,Open,AN-CSE-22-01,177,6,False,
AL-001278,CSE-22,2026-09-05T04:44:00,Low,AST-CSE-22-019,C2 Beacon,TA0011,Closed,AN-CSE-22-03,143,8,False,
AL-001279,CSE-22,2026-08-23T04:12:00,Low,AST-CSE-22-010,Malware,TA0002,Closed,AN-CSE-22-05,129,9,False,
AL-001280,CSE-22,2026-09-14T19:50:00,Medium,AST-CSE-22-019,C2 Beacon,TA0011,Closed,AN-CSE-22-03,198,7,False,
AL-001281,CSE-22,2026-09-10T10:55:00,High,AST-CSE-22-019,Brute Force,TA0006,Closed,AN-CSE-22-03,4,1,False,
AL-001282,CSE-22,2026-09-19T14:51:00,High,AST-CSE-22-015,C2 Beacon,TA0011,Closed,AN-CSE-22-02,6,1,False,
AL-001283,CSE-22,2026-09-13T22:55:00,High,AST-CSE-22-003,Brute Force,TA0006,Closed,AN-CSE-22-02,157,9,False,
AL-001284,CSE-22,2026-09-16T20:25:00,High,AST-CSE-22-001,Policy Violation,TA0005,Closed,AN-CSE-22-04,9,1,False,
AL-001285,CSE-22,2026-08-27T08:36:00,Low,AST-CSE-22-027,Policy Violation,TA0005,Closed,AN-CSE-22-02,54,6,False,
AL-001286,CSE-22,2026-09-03T09:38:00,Medium,AST-CSE-22-010,C2 Beacon,TA0011,Closed,AN-CSE-22-04,170,3,False,
AL-001287,CSE-22,2026-09-09T00:39:00,Low,AST-CSE-22-020,Brute Force,TA0006,Closed,AN-CSE-22-05,176,7,False,
AL-001288,CSE-22,2026-09-14T10:47:00,High,AST-CSE-22-003,Lateral Movement,TA0008,Open,AN-CSE-22-03,101,6,False,
AL-001289,CSE-22,2026-09-10T23:17:00,High,AST-CSE-22-006,C2 Beacon,TA0011,Closed,AN-CSE-22-04,122,4,False,
AL-001290,CSE-22,2026-09-06T09:38:00,Low,AST-CSE-22-013,Suspicious Login,TA0001,Closed,AN-CSE-22-01,123,9,False,
AL-001291,CSE-22,2026-09-03T23:17:00,High,AST-CSE-22-006,Privilege Escalation,TA0004,Closed,AN-CSE-22-04,117,6,False,
AL-001292,CSE-22,2026-08-31T08:22:00,High,AST-CSE-22-010,C2 Beacon,TA0011,Closed,AN-CSE-22-04,9,1,False,
AL-001293,CSE-22,2026-09-17T06:33:00,Low,AST-CSE-22-028,Suspicious Login,TA0001,Closed,AN-CSE-22-05,192,3,False,
AL-001294,CSE-22,2026-08-28T17:44:00,Low,AST-CSE-22-001,Privilege Escalation,TA0004,Closed,AN-CSE-22-02,177,8,False,
AL-001295,CSE-22,2026-09-19T08:05:00,Medium,AST-CSE-22-014,Malware,TA0002,Open,AN-CSE-22-04,32,7,False,
AL-001296,CSE-22,2026-08-30T02:11:00,Medium,AST-CSE-22-012,Exfiltration,TA0010,Closed,AN-CSE-22-01,65,5,False,
AL-001297,CSE-22,2026-09-10T15:58:00,Medium,AST-CSE-22-014,Malware,TA0002,Open,AN-CSE-22-05,207,3,False,
AL-001298,CSE-22,2026-09-17T18:54:00,High,AST-CSE-22-024,C2 Beacon,TA0011,Closed,AN-CSE-22-02,9,1,False,
AL-001299,CSE-22,2026-08-28T16:45:00,Low,AST-CSE-22-009,Privilege Escalation,TA0004,Closed,AN-CSE-22-05,30,3,False,
AL-001300,CSE-22,2026-08-27T15:09:00,High,AST-CSE-22-012,Malware,TA0002,Open,AN-CSE-22-01,35,5,False,
AL-001301,CSE-22,2026-09-20T06:13:00,Medium,AST-CSE-22-024,Exfiltration,TA0010,Closed,AN-CSE-22-03,210,3,False,
AL-001302,CSE-22,2026-09-10T16:28:00,Medium,AST-CSE-22-004,Lateral Movement,TA0008,Closed,AN-CSE-22-05,82,8,False,
AL-001303,CSE-22,2026-08-26T22:43:00,Medium,AST-CSE-22-012,Data Access Anomaly,TA0009,Open,AN-CSE-22-02,191,3,False,
AL-001304,CSE-22,2026-09-12T11:34:00,Medium,AST-CSE-22-013,Brute Force,TA0006,Closed,AN-CSE-22-02,126,8,False,
AL-001305,CSE-22,2026-08-25T15:40:00,Medium,AST-CSE-22-009,Exfiltration,TA0010,Closed,AN-CSE-22-01,24,8,False,
AL-001306,CSE-22,2026-08-27T13:22:00,Medium,AST-CSE-22-008,Phishing,TA0001,Closed,AN-CSE-22-04,182,7,False,
AL-001307,CSE-22,2026-09-03T11:39:00,Medium,AST-CSE-22-018,C2 Beacon,TA0011,Closed,AN-CSE-22-03,230,6,False,
AL-001308,CSE-22,2026-08-29T06:17:00,High,AST-CSE-22-015,Policy Violation,TA0005,Open,AN-CSE-22-04,23,8,False,
AL-001309,CSE-22,2026-09-09T09:47:00,Medium,AST-CSE-22-003,Policy Violation,TA0005,Closed,AN-CSE-22-05,94,9,False,
AL-001310,CSE-22,2026-08-31T17:50:00,Critical,AST-CSE-22-015,Policy Violation,TA0005,Closed,AN-CSE-22-05,125,6,False,
AL-001311,CSE-22,2026-09-05T04:36:00,Medium,AST-CSE-22-025,Exfiltration,TA0010,Closed,AN-CSE-22-05,175,9,False,
AL-001312,CSE-22,2026-09-16T17:42:00,High,AST-CSE-22-004,C2 Beacon,TA0011,Closed,AN-CSE-22-02,8,1,False,
AL-001313,CSE-22,2026-09-01T03:40:00,Medium,AST-CSE-22-012,Lateral Movement,TA0008,Open,AN-CSE-22-03,190,8,False,
AL-001314,CSE-22,2026-09-02T23:46:00,Medium,AST-CSE-22-025,Privilege Escalation,TA0004,Closed,AN-CSE-22-04,138,5,False,
AL-001315,CSE-22,2026-09-19T18:07:00,Medium,AST-CSE-22-006,Brute Force,TA0006,Open,AN-CSE-22-03,187,4,False,
AL-001316,CSE-22,2026-09-06T22:34:00,Medium,AST-CSE-22-004,C2 Beacon,TA0011,Closed,AN-CSE-22-02,178,4,False,
AL-001317,CSE-22,2026-09-17T16:24:00,Medium,AST-CSE-22-020,Data Access Anomaly,TA0009,Closed,AN-CSE-22-04,103,7,False,
AL-001318,CSE-22,2026-08-30T09:37:00,Medium,AST-CSE-22-006,Data Access Anomaly,TA0009,Closed,AN-CSE-22-01,222,8,False,
AL-001319,CSE-22,2026-08-24T06:31:00,Low,AST-CSE-22-018,Suspicious Login,TA0001,Closed,AN-CSE-22-03,81,4,False,
AL-001320,CSE-22,2026-09-11T09:03:00,Medium,AST-CSE-22-023,Lateral Movement,TA0008,Closed,AN-CSE-22-01,138,6,False,
AL-001321,CSE-22,2026-09-13T06:31:00,Medium,AST-CSE-22-022,Data Access Anomaly,TA0009,Closed,AN-CSE-22-05,225,7,False,
AL-001322,CSE-22,2026-08-28T10:00:00,High,AST-CSE-22-028,Brute Force,TA0006,Closed,AN-CSE-22-01,8,1,False,
AL-001323,CSE-22,2026-09-07T03:04:00,Critical,AST-CSE-22-028,C2 Beacon,TA0011,Open,AN-CSE-22-05,170,8,False,
AL-001324,CSE-22,2026-08-28T10:42:00,Medium,AST-CSE-22-001,Policy Violation,TA0005,Closed,AN-CSE-22-04,205,9,False,
AL-001325,CSE-22,2026-09-03T15:19:00,Low,AST-CSE-22-012,C2 Beacon,TA0011,Closed,AN-CSE-22-04,51,3,False,
AL-001326,CSE-22,2026-09-02T08:14:00,Low,AST-CSE-22-028,Exfiltration,TA0010,Closed,AN-CSE-22-02,188,5,False,
AL-001327,CSE-22,2026-09-17T01:19:00,High,AST-CSE-22-008,Policy Violation,TA0005,Closed,AN-CSE-22-01,9,0,False,
AL-001328,CSE-22,2026-08-28T21:39:00,Medium,AST-CSE-22-025,Exfiltration,TA0010,Open,AN-CSE-22-04,165,5,False,
AL-001329,CSE-22,2026-09-11T11:46:00,High,AST-CSE-22-002,Brute Force,TA0006,Closed,AN-CSE-22-03,6,1,False,
AL-001330,CSE-22,2026-09-10T20:15:00,Medium,AST-CSE-22-023,Brute Force,TA0006,Open,AN-CSE-22-04,59,8,False,
AL-001331,CSE-22,2026-08-23T23:44:00,Medium,AST-CSE-22-005,Brute Force,TA0006,Closed,AN-CSE-22-02,74,7,False,
AL-001332,CSE-22,2026-09-08T12:28:00,Critical,AST-CSE-22-005,Data Access Anomaly,TA0009,Open,AN-CSE-22-05,173,4,False,
AL-001333,CSE-22,2026-09-09T19:37:00,Low,AST-CSE-22-005,Data Access Anomaly,TA0009,Closed,AN-CSE-22-04,144,8,False,
AL-001334,CSE-22,2026-09-05T00:00:00,Medium,AST-CSE-22-028,Suspicious Login,TA0001,Closed,AN-CSE-22-01,99,4,False,
AL-001335,CSE-22,2026-08-28T08:19:00,Medium,AST-CSE-22-005,Exfiltration,TA0010,Open,AN-CSE-22-02,137,7,False,
AL-001336,CSE-22,2026-08-28T05:37:00,Low,AST-CSE-22-001,Suspicious Login,TA0001,Open,AN-CSE-22-01,45,5,False,
AL-001337,CSE-22,2026-09-02T12:26:00,Medium,AST-CSE-22-003,Exfiltration,TA0010,Open,AN-CSE-22-01,34,6,False,
AL-001338,CSE-22,2026-08-25T12:49:00,High,AST-CSE-22-017,Lateral Movement,TA0008,Closed,AN-CSE-22-02,131,4,False,
AL-001339,CSE-22,2026-09-17T12:48:00,Medium,AST-CSE-22-020,Exfiltration,TA0010,Closed,AN-CSE-22-01,53,7,False,
AL-001340,CSE-22,2026-09-01T17:30:00,High,AST-CSE-22-002,Lateral Movement,TA0008,Open,AN-CSE-22-04,28,5,False,
AL-001341,CSE-22,2026-09-06T09:30:00,Medium,AST-CSE-22-003,Lateral Movement,TA0008,Open,AN-CSE-22-02,170,4,False,
AL-001342,CSE-22,2026-09-01T22:05:00,Medium,AST-CSE-22-016,Exfiltration,TA0010,Open,AN-CSE-22-01,133,9,False,
AL-001343,CSE-22,2026-08-31T22:00:00,Low,AST-CSE-22-007,Data Access Anomaly,TA0009,Closed,AN-CSE-22-03,173,5,False,
AL-001344,CSE-22,2026-09-04T19:42:00,Medium,AST-CSE-22-021,Brute Force,TA0006,Closed,AN-CSE-22-03,156,4,False,
AL-001345,CSE-22,2026-08-30T21:53:00,Medium,AST-CSE-22-009,Suspicious Login,TA0001,Closed,AN-CSE-22-02,101,7,False,
AL-001346,CSE-22,2026-08-26T22:17:00,High,AST-CSE-22-016,Brute Force,TA0006,Open,AN-CSE-22-03,128,5,False,
AL-001347,CSE-22,2026-09-14T08:12:00,Low,AST-CSE-22-022,Suspicious Login,TA0001,Closed,AN-CSE-22-02,148,5,False,
AL-001348,CSE-22,2026-08-30T02:01:00,Medium,AST-CSE-22-025,Suspicious Login,TA0001,Closed,AN-CSE-22-05,192,4,False,
AL-001349,CSE-22,2026-08-26T06:06:00,Low,AST-CSE-22-006,Lateral Movement,TA0008,Open,AN-CSE-22-02,60,5,False,
AL-001350,CSE-22,2026-08-26T12:43:00,Low,AST-CSE-22-016,Data Access Anomaly,TA0009,Closed,AN-CSE-22-02,140,9,False,
AL-001351,CSE-22,2026-08-28T00:07:00,Medium,AST-CSE-22-012,Brute Force,TA0006,Closed,AN-CSE-22-03,128,7,False,
AL-001352,CSE-22,2026-09-08T10:34:00,Critical,AST-CSE-22-025,C2 Beacon,TA0011,Closed,AN-CSE-22-03,4,1,False,
AL-001353,CSE-22,2026-08-29T05:47:00,Critical,AST-CSE-22-025,Exfiltration,TA0010,Closed,AN-CSE-22-03,110,3,False,
AL-001354,CSE-22,2026-09-14T05:21:00,Medium,AST-CSE-22-011,Suspicious Login,TA0001,Closed,AN-CSE-22-05,90,3,False,
AL-001355,CSE-22,2026-09-04T12:23:00,Medium,AST-CSE-22-008,Brute Force,TA0006,Open,AN-CSE-22-04,31,9,False,
AL-001356,CSE-22,2026-08-31T17:36:00,High,AST-CSE-22-013,Policy Violation,TA0005,Closed,AN-CSE-22-01,178,5,False,
AL-001357,CSE-22,2026-09-11T08:30:00,Medium,AST-CSE-22-018,Privilege Escalation,TA0004,Open,AN-CSE-22-02,38,5,False,
AL-001358,CSE-22,2026-09-02T02:24:00,Low,AST-CSE-22-014,Brute Force,TA0006,Closed,AN-CSE-22-02,132,4,False,
AL-001359,CSE-22,2026-09-11T18:27:00,Low,AST-CSE-22-019,Suspicious Login,TA0001,Closed,AN-CSE-22-03,55,9,False,
AL-001360,CSE-22,2026-09-08T21:13:00,Low,AST-CSE-22-028,Privilege Escalation,TA0004,Closed,AN-CSE-22-02,139,4,False,
AL-001361,CSE-22,2026-08-29T03:44:00,High,AST-CSE-22-012,Privilege Escalation,TA0004,Closed,AN-CSE-22-05,2,0,False,
AL-001362,CSE-22,2026-08-25T20:09:00,Medium,AST-CSE-22-004,C2 Beacon,TA0011,Closed,AN-CSE-22-01,35,7,False,
AL-001363,CSE-22,2026-09-18T19:05:00,Medium,AST-CSE-22-001,Data Access Anomaly,TA0009,Open,AN-CSE-22-03,145,5,False,
AL-001364,CSE-22,2026-09-02T09:25:00,Low,AST-CSE-22-011,Phishing,TA0001,Closed,AN-CSE-22-01,224,7,False,
AL-001365,CSE-22,2026-09-14T09:11:00,Medium,AST-CSE-22-019,Policy Violation,TA0005,Open,AN-CSE-22-04,139,6,False,
AL-001366,CSE-22,2026-08-30T17:39:00,Critical,AST-CSE-22-005,Privilege Escalation,TA0004,Closed,AN-CSE-22-04,8,0,False,
AL-001367,CSE-22,2026-08-31T23:59:00,Medium,AST-CSE-22-013,Data Access Anomaly,TA0009,Closed,AN-CSE-22-01,129,4,False,
AL-001368,CSE-22,2026-08-27T01:26:00,Medium,AST-CSE-22-028,Lateral Movement,TA0008,Open,AN-CSE-22-04,71,9,False,
AL-001369,CSE-22,2026-08-27T07:47:00,High,AST-CSE-22-012,Data Access Anomaly,TA0009,Open,AN-CSE-22-03,21,7,False,
AL-001370,CSE-22,2026-09-03T00:56:00,Low,AST-CSE-22-028,Malware,TA0002,Closed,AN-CSE-22-03,78,8,False,
AL-001371,CSE-22,2026-09-12T04:01:00,High,AST-CSE-22-007,Exfiltration,TA0010,Closed,AN-CSE-22-02,2,0,False,
AL-001372,CSE-22,2026-09-08T11:32:00,Low,AST-CSE-22-015,Phishing,TA0001,Closed,AN-CSE-22-02,134,6,False,
AL-001373,CSE-22,2026-09-02T08:55:00,Low,AST-CSE-22-007,Lateral Movement,TA0008,Open,AN-CSE-22-02,168,8,False,
AL-001374,CSE-22,2026-09-16T20:13:00,Low,AST-CSE-22-004,Brute Force,TA0006,Closed,AN-CSE-22-05,101,6,False,
AL-001375,CSE-22,2026-09-08T20:44:00,Low,AST-CSE-22-007,Phishing,TA0001,Closed,AN-CSE-22-05,136,3,False,
AL-001376,CSE-22,2026-08-24T08:38:00,Medium,AST-CSE-22-013,C2 Beacon,TA0011,Closed,AN-CSE-22-03,234,3,False,
AL-001377,CSE-22,2026-08-29T09:19:00,High,AST-CSE-22-028,Exfiltration,TA0010,Closed,AN-CSE-22-04,2,1,False,
AL-001378,CSE-22,2026-08-24T04:49:00,Critical,AST-CSE-22-024,Privilege Escalation,TA0004,Escalated,AN-CSE-22-05,147,4,True,
AL-001379,CSE-22,2026-08-26T05:05:00,Critical,AST-CSE-22-016,Malware,TA0002,Escalated,AN-CSE-22-03,121,9,True,
AL-001380,CSE-22,2026-09-15T12:09:00,Low,AST-CSE-22-006,Brute Force,TA0006,Closed,AN-CSE-22-02,48,9,False,
AL-001381,CSE-22,2026-09-07T15:37:00,High,AST-CSE-22-001,Policy Violation,TA0005,Closed,AN-CSE-22-03,2,0,False,
AL-001382,CSE-22,2026-09-18T12:05:00,Low,AST-CSE-22-011,Malware,TA0002,Closed,AN-CSE-22-02,31,7,False,
AL-001383,CSE-22,2026-09-15T06:54:00,Low,AST-CSE-22-025,Data Access Anomaly,TA0009,Closed,AN-CSE-22-01,77,3,False,
AL-001384,CSE-22,2026-09-05T22:06:00,Low,AST-CSE-22-003,Phishing,TA0001,Open,AN-CSE-22-05,239,7,False,
AL-001385,CSE-22,2026-08-23T03:52:00,Medium,AST-CSE-22-001,Exfiltration,TA0010,Open,AN-CSE-22-03,113,7,False,
AL-001386,CSE-22,2026-08-27T17:48:00,Medium,AST-CSE-22-023,Phishing,TA0001,Closed,AN-CSE-22-02,53,9,False,
AL-001387,CSE-22,2026-08-28T23:42:00,Low,AST-CSE-22-008,Phishing,TA0001,Closed,AN-CSE-22-05,77,5,False,
AL-001388,CSE-22,2026-09-05T14:23:00,Medium,AST-CSE-22-024,Exfiltration,TA0010,Closed,AN-CSE-22-05,88,9,False,
AL-001389,CSE-22,2026-09-15T17:13:00,Medium,AST-CSE-22-011,C2 Beacon,TA0011,Open,AN-CSE-22-01,224,6,False,
AL-001390,CSE-22,2026-09-20T07:20:00,Low,AST-CSE-22-002,Lateral Movement,TA0008,Closed,AN-CSE-22-01,80,4,False,
AL-001391,CSE-22,2026-09-05T00:48:00,Medium,AST-CSE-22-011,Malware,TA0002,Open,AN-CSE-22-05,74,6,False,
AL-001392,CSE-22,2026-08-28T03:19:00,Medium,AST-CSE-22-009,Suspicious Login,TA0001,Closed,AN-CSE-22-05,106,4,False,
AL-001393,CSE-22,2026-09-05T14:54:00,Low,AST-CSE-22-011,Policy Violation,TA0005,Closed,AN-CSE-22-03,87,3,False,
AL-001394,CSE-22,2026-09-16T08:46:00,Low,AST-CSE-22-014,Malware,TA0002,Open,AN-CSE-22-04,50,7,False,
AL-001395,CSE-22,2026-09-10T21:33:00,Low,AST-CSE-22-010,Brute Force,TA0006,Open,AN-CSE-22-05,41,9,False,
AL-001396,CSE-22,2026-08-22T19:48:00,Low,AST-CSE-22-006,C2 Beacon,TA0011,Closed,AN-CSE-22-02,76,9,False,
AL-001397,CSE-22,2026-08-27T07:24:00,Medium,AST-CSE-22-007,Privilege Escalation,TA0004,Closed,AN-CSE-22-05,224,7,False,
AL-001398,CSE-22,2026-09-04T06:37:00,Low,AST-CSE-22-018,Lateral Movement,TA0008,Open,AN-CSE-22-02,62,8,False,
AL-001399,CSE-22,2026-08-21T13:51:00,High,AST-CSE-22-028,Data Access Anomaly,TA0009,Closed,AN-CSE-22-05,8,0,False,
AL-001400,CSE-22,2026-09-08T02:36:00,Low,AST-CSE-22-009,Malware,TA0002,Closed,AN-CSE-22-05,141,6,False,
AL-001401,CSE-22,2026-09-11T13:25:00,Critical,AST-CSE-22-005,Exfiltration,TA0010,Closed,AN-CSE-22-03,171,7,False,
AL-001402,CSE-22,2026-09-05T06:12:00,High,AST-CSE-22-025,C2 Beacon,TA0011,Closed,AN-CSE-22-02,55,8,False,
AL-001403,CSE-22,2026-08-25T00:56:00,High,AST-CSE-22-013,Data Access Anomaly,TA0009,Closed,AN-CSE-22-02,6,0,False,
AL-001404,CSE-22,2026-09-01T14:51:00,Low,AST-CSE-22-013,Phishing,TA0001,Closed,AN-CSE-22-02,192,5,False,
AL-001405,CSE-22,2026-09-04T08:11:00,Medium,AST-CSE-22-001,Phishing,TA0001,Closed,AN-CSE-22-05,189,6,False,
AL-001406,CSE-22,2026-08-31T21:51:00,Medium,AST-CSE-22-027,Phishing,TA0001,Closed,AN-CSE-22-01,213,8,False,
AL-001407,CSE-22,2026-08-23T03:53:00,Medium,AST-CSE-22-009,Malware,TA0002,Open,AN-CSE-22-04,63,8,False,
AL-001408,CSE-22,2026-09-12T19:54:00,Low,AST-CSE-22-028,Policy Violation,TA0005,Closed,AN-CSE-22-01,174,7,False,
AL-001409,CSE-22,2026-09-06T22:57:00,Low,AST-CSE-22-008,Policy Violation,TA0005,Open,AN-CSE-22-01,91,9,False,
AL-001410,CSE-22,2026-08-30T19:39:00,Low,AST-CSE-22-024,Exfiltration,TA0010,Closed,AN-CSE-22-04,84,5,False,
AL-001411,CSE-22,2026-09-05T04:23:00,Low,AST-CSE-22-001,Phishing,TA0001,Closed,AN-CSE-22-04,131,8,False,
AL-001412,CSE-22,2026-08-24T17:36:00,Medium,AST-CSE-22-004,Policy Violation,TA0005,Closed,AN-CSE-22-05,190,6,False,
AL-001413,CSE-22,2026-08-25T15:54:00,Medium,AST-CSE-22-020,Phishing,TA0001,Closed,AN-CSE-22-05,215,4,False,
AL-001414,CSE-22,2026-09-07T13:13:00,Medium,AST-CSE-22-019,Data Access Anomaly,TA0009,Closed,AN-CSE-22-01,221,6,False,
AL-001415,CSE-22,2026-09-07T15:13:00,Critical,AST-CSE-22-019,Suspicious Login,TA0001,Closed,AN-CSE-22-04,2,0,False,
AL-001416,CSE-22,2026-09-10T08:42:00,Critical,AST-CSE-22-019,Brute Force,TA0006,Closed,AN-CSE-22-04,9,1,False,
AL-001417,CSE-22,2026-09-13T03:32:00,Medium,AST-CSE-22-012,Privilege Escalation,TA0004,Closed,AN-CSE-22-01,198,8,False,
AL-001418,CSE-22,2026-08-26T18:19:00,High,AST-CSE-22-025,Brute Force,TA0006,Closed,AN-CSE-22-03,7,0,False,
AL-001419,CSE-22,2026-09-10T00:21:00,Low,AST-CSE-22-028,Policy Violation,TA0005,Closed,AN-CSE-22-05,234,4,False,
AL-001420,CSE-22,2026-08-28T09:20:00,High,AST-CSE-22-027,Exfiltration,TA0010,Closed,AN-CSE-22-04,142,8,False,
AL-001421,CSE-22,2026-08-23T13:29:00,High,AST-CSE-22-025,C2 Beacon,TA0011,Closed,AN-CSE-22-03,127,5,False,
AL-001422,CSE-22,2026-09-13T17:41:00,Critical,AST-CSE-22-006,Privilege Escalation,TA0004,Closed,AN-CSE-22-05,6,0,False,
AL-001423,CSE-22,2026-09-14T09:55:00,Low,AST-CSE-22-013,Data Access Anomaly,TA0009,Closed,AN-CSE-22-05,189,6,False,
AL-001424,CSE-22,2026-09-08T07:02:00,Medium,AST-CSE-22-005,Privilege Escalation,TA0004,Closed,AN-CSE-22-04,208,9,False,
AL-001425,CSE-22,2026-09-10T04:32:00,Low,AST-CSE-22-020,Data Access Anomaly,TA0009,Closed,AN-CSE-22-01,59,8,False,
AL-001426,CSE-22,2026-08-29T04:45:00,High,AST-CSE-22-001,Policy Violation,TA0005,Closed,AN-CSE-22-02,70,4,False,
AL-001427,CSE-22,2026-08-23T16:30:00,Low,AST-CSE-22-010,Lateral Movement,TA0008,Closed,AN-CSE-22-04,161,7,False,
AL-001428,CSE-22,2026-09-01T23:20:00,Low,AST-CSE-22-014,Brute Force,TA0006,Closed,AN-CSE-22-05,119,8,False,
AL-001429,CSE-22,2026-09-11T22:37:00,Low,AST-CSE-22-023,Privilege Escalation,TA0004,Open,AN-CSE-22-03,80,5,False,
AL-001430,CSE-22,2026-09-16T01:05:00,Low,AST-CSE-22-012,Phishing,TA0001,Closed,AN-CSE-22-02,168,4,False,
AL-001431,CSE-22,2026-09-03T01:54:00,Low,AST-CSE-22-026,Suspicious Login,TA0001,Open,AN-CSE-22-05,109,8,False,
AL-001432,CSE-22,2026-09-12T21:43:00,Low,AST-CSE-22-021,Suspicious Login,TA0001,Closed,AN-CSE-22-05,137,7,False,
AL-001433,CSE-22,2026-09-15T11:25:00,Medium,AST-CSE-22-016,Data Access Anomaly,TA0009,Closed,AN-CSE-22-04,34,5,False,
AL-001434,CSE-22,2026-09-09T09:14:00,Critical,AST-CSE-22-028,Brute Force,TA0006,Closed,AN-CSE-22-03,2,1,False,
AL-001435,CSE-22,2026-09-13T14:32:00,Low,AST-CSE-22-014,Brute Force,TA0006,Closed,AN-CSE-22-03,192,5,False,
AL-001436,CSE-22,2026-09-03T22:51:00,Low,AST-CSE-22-008,Data Access Anomaly,TA0009,Closed,AN-CSE-22-05,170,5,False,
AL-001437,CSE-22,2026-09-08T17:53:00,Low,AST-CSE-22-020,Malware,TA0002,Open,AN-CSE-22-01,155,6,False,
AL-001438,CSE-11,2026-09-09T00:22:00,High,AST-CSE-11-006,Suspicious Login,TA0001,Closed,AN-CSE-11-03,9,0,False,
AL-001439,CSE-11,2026-09-06T02:01:00,Low,AST-CSE-11-017,Brute Force,TA0006,Closed,AN-CSE-11-05,223,3,False,
AL-001440,CSE-11,2026-09-14T18:50:00,Medium,AST-CSE-11-010,Phishing,TA0001,Open,AN-CSE-11-01,174,4,False,
AL-001441,CSE-11,2026-09-02T19:53:00,Low,AST-CSE-11-011,Policy Violation,TA0005,Closed,AN-CSE-11-05,83,5,False,
AL-001442,CSE-11,2026-09-07T21:57:00,High,AST-CSE-11-008,Policy Violation,TA0005,Closed,AN-CSE-11-04,3,0,False,
AL-001443,CSE-11,2026-09-01T18:27:00,Low,AST-CSE-11-022,Privilege Escalation,TA0004,Closed,AN-CSE-11-04,184,4,False,
AL-001444,CSE-11,2026-09-13T20:35:00,Medium,AST-CSE-11-011,Brute Force,TA0006,Closed,AN-CSE-11-04,145,3,False,
AL-001445,CSE-11,2026-08-31T22:29:00,Medium,AST-CSE-11-004,Privilege Escalation,TA0004,Open,AN-CSE-11-03,198,3,False,
AL-001446,CSE-11,2026-09-17T18:49:00,High,AST-CSE-11-027,Malware,TA0002,Closed,AN-CSE-11-03,2,0,False,
AL-001447,CSE-11,2026-09-02T20:13:00,High,AST-CSE-11-010,C2 Beacon,TA0011,Closed,AN-CSE-11-05,4,1,False,
AL-001448,CSE-11,2026-09-17T00:03:00,Low,AST-CSE-11-022,Malware,TA0002,Closed,AN-CSE-11-02,38,8,False,
AL-001449,CSE-11,2026-09-01T02:01:00,Medium,AST-CSE-11-016,Lateral Movement,TA0008,Closed,AN-CSE-11-04,196,3,False,
AL-001450,CSE-11,2026-08-22T00:36:00,Medium,AST-CSE-11-001,Lateral Movement,TA0008,Closed,AN-CSE-11-02,234,6,False,
AL-001451,CSE-11,2026-08-31T22:04:00,Medium,AST-CSE-11-005,Brute Force,TA0006,Open,AN-CSE-11-04,201,9,False,
AL-001452,CSE-11,2026-08-30T22:34:00,Low,AST-CSE-11-010,Lateral Movement,TA0008,Closed,AN-CSE-11-01,125,6,False,
AL-001453,CSE-11,2026-09-05T02:20:00,Low,AST-CSE-11-027,Lateral Movement,TA0008,Closed,AN-CSE-11-04,216,6,False,
AL-001454,CSE-11,2026-09-17T00:03:00,Critical,AST-CSE-11-022,Lateral Movement,TA0008,Escalated,AN-CSE-11-04,152,5,True,
AL-001455,CSE-11,2026-08-28T20:42:00,Low,AST-CSE-11-024,Exfiltration,TA0010,Closed,AN-CSE-11-05,239,7,False,
AL-001456,CSE-11,2026-08-23T01:25:00,Medium,AST-CSE-11-004,Phishing,TA0001,Closed,AN-CSE-11-04,152,3,False,
AL-001457,CSE-11,2026-09-19T00:55:00,High,AST-CSE-11-016,Phishing,TA0001,Closed,AN-CSE-11-01,172,5,False,
AL-001458,CSE-11,2026-08-26T18:11:00,Medium,AST-CSE-11-024,Brute Force,TA0006,Closed,AN-CSE-11-02,205,5,False,
AL-001459,CSE-11,2026-09-10T00:38:00,Low,AST-CSE-11-019,Malware,TA0002,Closed,AN-CSE-11-04,184,3,False,
AL-001460,CSE-11,2026-09-03T23:49:00,Low,AST-CSE-11-013,Brute Force,TA0006,Closed,AN-CSE-11-02,204,6,False,
AL-001461,CSE-11,2026-09-12T18:42:00,Critical,AST-CSE-11-028,Policy Violation,TA0005,Escalated,AN-CSE-11-05,155,5,True,
AL-001462,CSE-11,2026-09-03T00:14:00,Medium,AST-CSE-11-022,Phishing,TA0001,Open,AN-CSE-11-03,56,3,False,
AL-001463,CSE-11,2026-09-01T20:11:00,Medium,AST-CSE-11-008,Malware,TA0002,Open,AN-CSE-11-05,77,9,False,
AL-001464,CSE-11,2026-09-19T19:01:00,Medium,AST-CSE-11-002,Data Access Anomaly,TA0009,Open,AN-CSE-11-05,92,8,False,
AL-001465,CSE-11,2026-09-12T19:21:00,Low,AST-CSE-11-013,Policy Violation,TA0005,Closed,AN-CSE-11-03,182,6,False,
AL-001466,CSE-11,2026-09-09T00:42:00,Medium,AST-CSE-11-005,Policy Violation,TA0005,Closed,AN-CSE-11-02,119,5,False,
AL-001467,CSE-11,2026-09-11T02:31:00,Medium,AST-CSE-11-012,Malware,TA0002,Closed,AN-CSE-11-04,158,9,False,
AL-001468,CSE-11,2026-09-08T20:34:00,Low,AST-CSE-11-013,Brute Force,TA0006,Closed,AN-CSE-11-04,135,6,False,
AL-001469,CSE-11,2026-08-30T00:14:00,Medium,AST-CSE-11-015,Privilege Escalation,TA0004,Closed,AN-CSE-11-05,75,8,False,
AL-001470,CSE-11,2026-08-27T21:03:00,Low,AST-CSE-11-019,Lateral Movement,TA0008,Closed,AN-CSE-11-04,215,9,False,
AL-001471,CSE-11,2026-09-16T01:26:00,High,AST-CSE-11-012,Exfiltration,TA0010,Closed,AN-CSE-11-04,174,6,False,
AL-001472,CSE-11,2026-08-22T20:01:00,Medium,AST-CSE-11-007,Lateral Movement,TA0008,Open,AN-CSE-11-05,133,3,False,
AL-001473,CSE-14,2026-08-23T04:53:00,Low,AST-CSE-14-023,Exfiltration,TA0010,Closed,AN-CSE-14-02,44,9,False,
AL-001474,CSE-14,2026-09-05T06:11:00,Medium,AST-CSE-14-005,C2 Beacon,TA0011,Closed,AN-CSE-14-01,229,5,False,
AL-001475,CSE-14,2026-08-23T11:29:00,High,AST-CSE-14-019,Data Access Anomaly,TA0009,Closed,AN-CSE-14-05,101,3,False,
AL-001476,CSE-14,2026-09-10T14:35:00,High,AST-CSE-14-003,Brute Force,TA0006,Closed,AN-CSE-14-02,65,8,False,
AL-001477,CSE-14,2026-08-25T20:59:00,Medium,AST-CSE-14-010,Phishing,TA0001,Closed,AN-CSE-14-05,126,4,False,
AL-001478,CSE-14,2026-09-11T19:03:00,High,AST-CSE-14-028,Exfiltration,TA0010,Open,AN-CSE-14-01,57,3,False,
AL-001479,CSE-14,2026-09-07T01:58:00,Medium,AST-CSE-14-008,Exfiltration,TA0010,Closed,AN-CSE-14-03,214,8,False,
AL-001480,CSE-14,2026-09-19T07:05:00,Medium,AST-CSE-14-022,Phishing,TA0001,Closed,AN-CSE-14-05,166,3,False,
AL-001481,CSE-14,2026-09-07T23:58:00,Low,AST-CSE-14-013,Lateral Movement,TA0008,Open,AN-CSE-14-03,105,5,False,
AL-001482,CSE-14,2026-09-10T07:38:00,Medium,AST-CSE-14-028,C2 Beacon,TA0011,Closed,AN-CSE-14-03,145,5,False,
AL-001483,CSE-14,2026-09-17T14:02:00,Low,AST-CSE-14-003,Policy Violation,TA0005,Closed,AN-CSE-14-03,49,3,False,
AL-001484,CSE-14,2026-09-15T00:56:00,High,AST-CSE-14-026,Phishing,TA0001,Closed,AN-CSE-14-02,5,0,False,
AL-001485,CSE-14,2026-09-19T12:09:00,Critical,AST-CSE-14-028,Phishing,TA0001,Closed,AN-CSE-14-03,3,0,False,
AL-001486,CSE-14,2026-09-09T14:54:00,Medium,AST-CSE-14-019,Policy Violation,TA0005,Closed,AN-CSE-14-05,200,4,False,
AL-001487,CSE-14,2026-08-29T10:00:00,High,AST-CSE-14-024,Phishing,TA0001,Closed,AN-CSE-14-04,5,0,False,
AL-001488,CSE-14,2026-08-30T19:48:00,Medium,AST-CSE-14-002,Phishing,TA0001,Open,AN-CSE-14-04,201,6,False,
AL-001489,CSE-14,2026-08-27T14:23:00,Medium,AST-CSE-14-023,Brute Force,TA0006,Closed,AN-CSE-14-01,149,3,False,
AL-001490,CSE-14,2026-08-22T18:24:00,Medium,AST-CSE-14-006,Lateral Movement,TA0008,Closed,AN-CSE-14-02,199,9,False,
AL-001491,CSE-14,2026-08-27T04:50:00,Low,AST-CSE-14-007,Brute Force,TA0006,Open,AN-CSE-14-04,171,5,False,
AL-001492,CSE-14,2026-09-13T22:44:00,Medium,AST-CSE-14-014,Suspicious Login,TA0001,Open,AN-CSE-14-03,155,3,False,
AL-001493,CSE-14,2026-09-15T09:57:00,Medium,AST-CSE-14-022,Exfiltration,TA0010,Open,AN-CSE-14-01,207,3,False,
AL-001494,CSE-14,2026-08-26T13:32:00,Critical,AST-CSE-14-025,C2 Beacon,TA0011,Closed,AN-CSE-14-01,3,1,False,
AL-001495,CSE-14,2026-08-31T14:56:00,Low,AST-CSE-14-019,Privilege Escalation,TA0004,Closed,AN-CSE-14-05,234,5,False,
AL-001496,CSE-14,2026-09-10T20:40:00,Medium,AST-CSE-14-012,Policy Violation,TA0005,Open,AN-CSE-14-05,68,4,False,
AL-001497,CSE-14,2026-09-06T21:04:00,Low,AST-CSE-14-006,Malware,TA0002,Closed,AN-CSE-14-04,223,9,False,
AL-001498,CSE-14,2026-09-15T12:12:00,Medium,AST-CSE-14-015,Policy Violation,TA0005,Closed,AN-CSE-14-04,26,9,False,
AL-001499,CSE-14,2026-08-23T15:51:00,Medium,AST-CSE-14-026,Privilege Escalation,TA0004,Open,AN-CSE-14-04,131,9,False,
AL-001500,CSE-14,2026-09-15T05:54:00,Medium,AST-CSE-14-006,Brute Force,TA0006,Closed,AN-CSE-14-01,58,5,False,
AL-001501,CSE-14,2026-09-15T02:07:00,Medium,AST-CSE-14-007,Malware,TA0002,Open,AN-CSE-14-05,68,6,False,
AL-001502,CSE-14,2026-08-24T06:29:00,Medium,AST-CSE-14-024,Policy Violation,TA0005,Closed,AN-CSE-14-01,47,3,False,
AL-001503,CSE-14,2026-09-16T04:27:00,Medium,AST-CSE-14-023,Policy Violation,TA0005,Closed,AN-CSE-14-04,126,6,False,
AL-001504,CSE-14,2026-09-10T14:21:00,Medium,AST-CSE-14-010,Brute Force,TA0006,Open,AN-CSE-14-04,173,4,False,
AL-001505,CSE-14,2026-08-25T13:05:00,Low,AST-CSE-14-010,Privilege Escalation,TA0004,Closed,AN-CSE-14-02,141,3,False,
AL-001506,CSE-14,2026-09-14T01:16:00,Medium,AST-CSE-14-015,Privilege Escalation,TA0004,Closed,AN-CSE-14-02,100,8,False,
AL-001507,CSE-14,2026-09-02T01:16:00,Medium,AST-CSE-14-026,Exfiltration,TA0010,Open,AN-CSE-14-02,102,9,False,
AL-001508,CSE-14,2026-09-01T04:08:00,Low,AST-CSE-14-019,Lateral Movement,TA0008,Closed,AN-CSE-14-02,140,3,False,
AL-001509,CSE-14,2026-09-15T16:40:00,Medium,AST-CSE-14-017,Phishing,TA0001,Open,AN-CSE-14-01,138,7,False,
AL-001510,CSE-14,2026-08-27T05:10:00,Medium,AST-CSE-14-009,Phishing,TA0001,Closed,AN-CSE-14-03,113,9,False,
AL-001511,CSE-14,2026-09-20T01:38:00,High,AST-CSE-14-016,Lateral Movement,TA0008,Closed,AN-CSE-14-05,52,9,False,
AL-001512,CSE-14,2026-08-31T18:48:00,Low,AST-CSE-14-011,Policy Violation,TA0005,Closed,AN-CSE-14-02,172,7,False,
AL-001513,CSE-14,2026-09-13T19:09:00,Low,AST-CSE-14-010,Malware,TA0002,Closed,AN-CSE-14-05,222,6,False,
AL-001514,CSE-14,2026-09-14T07:42:00,Medium,AST-CSE-14-023,Malware,TA0002,Closed,AN-CSE-14-01,184,9,False,
AL-001515,CSE-14,2026-08-22T07:32:00,Medium,AST-CSE-14-003,Privilege Escalation,TA0004,Closed,AN-CSE-14-04,172,6,False,
AL-001516,CSE-14,2026-09-13T13:22:00,Medium,AST-CSE-14-004,Exfiltration,TA0010,Closed,AN-CSE-14-04,170,4,False,
AL-001517,CSE-14,2026-09-09T18:30:00,Critical,AST-CSE-14-001,Phishing,TA0001,Escalated,AN-CSE-14-03,111,7,True,
AL-001518,CSE-14,2026-09-09T16:07:00,Medium,AST-CSE-14-014,Privilege Escalation,TA0004,Open,AN-CSE-14-01,102,7,False,
AL-001519,CSE-14,2026-08-28T13:52:00,Critical,AST-CSE-14-002,Suspicious Login,TA0001,Escalated,AN-CSE-14-04,32,4,True,
AL-001520,CSE-14,2026-09-13T09:12:00,Low,AST-CSE-14-017,Brute Force,TA0006,Closed,AN-CSE-14-03,106,3,False,
AL-001521,CSE-14,2026-09-03T10:27:00,Medium,AST-CSE-14-011,Phishing,TA0001,Closed,AN-CSE-14-04,121,8,False,
AL-001522,CSE-14,2026-09-06T06:53:00,Low,AST-CSE-14-018,Phishing,TA0001,Open,AN-CSE-14-03,34,8,False,
AL-001523,CSE-14,2026-08-24T13:46:00,Critical,AST-CSE-14-018,Malware,TA0002,Escalated,AN-CSE-14-04,71,9,True,
AL-001524,CSE-14,2026-09-09T23:12:00,Medium,AST-CSE-14-005,Brute Force,TA0006,Closed,AN-CSE-14-04,215,5,False,
AL-001525,CSE-14,2026-09-19T05:23:00,Medium,AST-CSE-14-001,C2 Beacon,TA0011,Closed,AN-CSE-14-01,169,6,False,
AL-001526,CSE-14,2026-09-08T19:03:00,Medium,AST-CSE-14-012,Phishing,TA0001,Closed,AN-CSE-14-02,58,7,False,
AL-001527,CSE-14,2026-09-03T00:28:00,Medium,AST-CSE-14-021,Data Access Anomaly,TA0009,Open,AN-CSE-14-04,71,9,False,
AL-001528,CSE-14,2026-08-23T03:35:00,High,AST-CSE-14-009,Privilege Escalation,TA0004,Closed,AN-CSE-14-01,9,0,False,
AL-001529,CSE-14,2026-08-29T19:11:00,Low,AST-CSE-14-015,Data Access Anomaly,TA0009,Closed,AN-CSE-14-04,48,3,False,
AL-001530,CSE-14,2026-08-24T05:48:00,Low,AST-CSE-14-026,Phishing,TA0001,Open,AN-CSE-14-05,96,9,False,
AL-001531,CSE-14,2026-08-25T02:37:00,Low,AST-CSE-14-022,Lateral Movement,TA0008,Open,AN-CSE-14-04,180,4,False,
AL-001532,CSE-14,2026-09-20T03:00:00,High,AST-CSE-14-027,Exfiltration,TA0010,Closed,AN-CSE-14-02,7,0,False,
AL-001533,CSE-14,2026-09-05T23:22:00,Low,AST-CSE-14-016,C2 Beacon,TA0011,Open,AN-CSE-14-02,142,7,False,
AL-001534,CSE-14,2026-09-17T11:06:00,Critical,AST-CSE-14-010,Lateral Movement,TA0008,Closed,AN-CSE-14-01,2,1,False,
AL-001535,CSE-14,2026-08-27T17:50:00,Medium,AST-CSE-14-001,Exfiltration,TA0010,Closed,AN-CSE-14-01,75,8,False,
AL-001536,CSE-14,2026-09-06T15:59:00,Critical,AST-CSE-14-014,Privilege Escalation,TA0004,Closed,AN-CSE-14-03,3,1,False,
AL-001537,CSE-14,2026-08-22T05:53:00,Medium,AST-CSE-14-005,Exfiltration,TA0010,Closed,AN-CSE-14-01,141,4,False,
AL-001538,CSE-14,2026-09-05T17:16:00,Low,AST-CSE-14-004,Phishing,TA0001,Open,AN-CSE-14-05,25,8,False,
AL-001539,CSE-14,2026-09-16T05:56:00,Low,AST-CSE-14-016,Phishing,TA0001,Closed,AN-CSE-14-04,27,3,False,
AL-001540,CSE-14,2026-09-19T17:03:00,Medium,AST-CSE-14-014,Policy Violation,TA0005,Open,AN-CSE-14-01,217,5,False,
AL-001541,CSE-14,2026-09-12T11:18:00,High,AST-CSE-14-010,Policy Violation,TA0005,Closed,AN-CSE-14-03,5,0,False,
AL-001542,CSE-14,2026-08-31T10:05:00,Low,AST-CSE-14-023,Policy Violation,TA0005,Open,AN-CSE-14-05,131,7,False,
AL-001543,CSE-14,2026-08-28T10:42:00,Low,AST-CSE-14-016,Lateral Movement,TA0008,Closed,AN-CSE-14-03,114,6,False,
AL-001544,CSE-14,2026-08-23T00:14:00,Medium,AST-CSE-14-018,Brute Force,TA0006,Open,AN-CSE-14-05,102,8,False,
AL-001545,CSE-14,2026-09-08T00:31:00,High,AST-CSE-14-012,C2 Beacon,TA0011,Closed,AN-CSE-14-03,4,1,False,
AL-001546,CSE-14,2026-09-07T09:22:00,Medium,AST-CSE-14-022,Suspicious Login,TA0001,Open,AN-CSE-14-03,105,5,False,
AL-001547,CSE-14,2026-08-23T14:50:00,Low,AST-CSE-14-015,Policy Violation,TA0005,Closed,AN-CSE-14-01,240,8,False,
AL-001548,CSE-14,2026-08-24T12:50:00,Medium,AST-CSE-14-020,Privilege Escalation,TA0004,Closed,AN-CSE-14-05,228,9,False,
AL-001549,CSE-14,2026-09-07T08:28:00,High,AST-CSE-14-027,C2 Beacon,TA0011,Closed,AN-CSE-14-05,41,7,False,
AL-001550,CSE-14,2026-09-14T12:46:00,Medium,AST-CSE-14-009,Suspicious Login,TA0001,Closed,AN-CSE-14-03,103,8,False,
AL-001551,CSE-14,2026-08-24T23:46:00,Medium,AST-CSE-14-018,C2 Beacon,TA0011,Closed,AN-CSE-14-05,124,8,False,
AL-001552,CSE-14,2026-08-29T05:15:00,High,AST-CSE-14-008,Policy Violation,TA0005,Closed,AN-CSE-14-01,3,1,False,
AL-001553,CSE-14,2026-09-11T04:12:00,Low,AST-CSE-14-005,Phishing,TA0001,Open,AN-CSE-14-04,73,7,False,
AL-001554,CSE-14,2026-09-20T02:53:00,Critical,AST-CSE-14-004,Lateral Movement,TA0008,Escalated,AN-CSE-14-02,33,3,True,
AL-001555,CSE-14,2026-08-30T00:00:00,Low,AST-CSE-14-004,C2 Beacon,TA0011,Closed,AN-CSE-14-05,119,5,False,
AL-001556,CSE-14,2026-08-21T20:20:00,Medium,AST-CSE-14-010,C2 Beacon,TA0011,Closed,AN-CSE-14-05,193,6,False,
AL-001557,CSE-14,2026-09-11T13:30:00,Medium,AST-CSE-14-016,Privilege Escalation,TA0004,Closed,AN-CSE-14-04,217,3,False,
AL-001558,CSE-14,2026-09-08T14:29:00,Medium,AST-CSE-14-023,Data Access Anomaly,TA0009,Closed,AN-CSE-14-01,144,9,False,
AL-001559,CSE-14,2026-09-18T04:14:00,Medium,AST-CSE-14-016,Exfiltration,TA0010,Closed,AN-CSE-14-01,211,5,False,
AL-001560,CSE-14,2026-09-10T18:11:00,Critical,AST-CSE-14-020,Policy Violation,TA0005,Escalated,AN-CSE-14-04,120,3,True,
AL-001561,CSE-14,2026-08-27T11:01:00,Low,AST-CSE-14-005,Data Access Anomaly,TA0009,Closed,AN-CSE-14-05,148,4,False,
AL-001562,CSE-14,2026-08-21T18:19:00,Medium,AST-CSE-14-009,Data Access Anomaly,TA0009,Open,AN-CSE-14-01,50,8,False,
AL-001563,CSE-14,2026-09-11T06:58:00,Low,AST-CSE-14-016,Brute Force,TA0006,Open,AN-CSE-14-03,129,3,False,
AL-001564,CSE-14,2026-09-05T05:00:00,High,AST-CSE-14-005,Phishing,TA0001,Closed,AN-CSE-14-04,4,1,False,
AL-001565,CSE-14,2026-09-09T14:23:00,High,AST-CSE-14-002,Exfiltration,TA0010,Open,AN-CSE-14-04,128,9,False,
AL-001566,CSE-14,2026-09-15T12:22:00,High,AST-CSE-14-004,Phishing,TA0001,Open,AN-CSE-14-05,142,5,False,
AL-001567,CSE-14,2026-08-22T13:37:00,Low,AST-CSE-14-014,Malware,TA0002,Closed,AN-CSE-14-05,141,3,False,
AL-001568,CSE-14,2026-09-18T09:55:00,Low,AST-CSE-14-014,Suspicious Login,TA0001,Closed,AN-CSE-14-03,190,5,False,
AL-001569,CSE-14,2026-08-22T07:53:00,Low,AST-CSE-14-013,Suspicious Login,TA0001,Open,AN-CSE-14-01,166,4,False,
AL-001570,CSE-14,2026-09-03T00:25:00,Medium,AST-CSE-14-007,Policy Violation,TA0005,Closed,AN-CSE-14-03,222,8,False,
AL-001571,CSE-14,2026-09-19T04:48:00,High,AST-CSE-14-019,C2 Beacon,TA0011,Closed,AN-CSE-14-02,115,3,False,
AL-001572,CSE-14,2026-09-16T19:18:00,Low,AST-CSE-14-002,Suspicious Login,TA0001,Closed,AN-CSE-14-03,22,5,False,
AL-001573,CSE-14,2026-08-26T05:48:00,Low,AST-CSE-14-011,Lateral Movement,TA0008,Closed,AN-CSE-14-04,74,3,False,
AL-001574,CSE-14,2026-09-03T09:51:00,Medium,AST-CSE-14-013,Suspicious Login,TA0001,Closed,AN-CSE-14-02,57,9,False,
AL-001575,CSE-14,2026-09-17T17:50:00,Low,AST-CSE-14-016,Suspicious Login,TA0001,Open,AN-CSE-14-02,125,9,False,
AL-001576,CSE-14,2026-09-07T10:12:00,Low,AST-CSE-14-012,Lateral Movement,TA0008,Closed,AN-CSE-14-04,102,9,False,
AL-001577,CSE-14,2026-08-22T00:35:00,Medium,AST-CSE-14-001,Lateral Movement,TA0008,Closed,AN-CSE-14-04,77,8,False,
AL-001578,CSE-14,2026-09-03T22:19:00,Low,AST-CSE-14-016,Data Access Anomaly,TA0009,Closed,AN-CSE-14-02,153,5,False,
AL-001579,CSE-14,2026-09-19T22:56:00,Medium,AST-CSE-14-025,Phishing,TA0001,Open,AN-CSE-14-05,218,4,False,
AL-001580,CSE-14,2026-09-11T21:19:00,Medium,AST-CSE-14-002,Privilege Escalation,TA0004,Closed,AN-CSE-14-03,157,7,False,
AL-001581,CSE-14,2026-09-07T13:23:00,Medium,AST-CSE-14-010,Policy Violation,TA0005,Open,AN-CSE-14-05,174,7,False,
AL-001582,CSE-14,2026-09-10T09:16:00,High,AST-CSE-14-026,Data Access Anomaly,TA0009,Closed,AN-CSE-14-04,3,1,False,
AL-001583,CSE-14,2026-08-24T02:22:00,Low,AST-CSE-14-021,Exfiltration,TA0010,Open,AN-CSE-14-05,102,4,False,
AL-001584,CSE-14,2026-09-14T01:27:00,Low,AST-CSE-14-007,Privilege Escalation,TA0004,Open,AN-CSE-14-04,173,6,False,
AL-001585,CSE-14,2026-08-23T07:09:00,Low,AST-CSE-14-022,Lateral Movement,TA0008,Open,AN-CSE-14-03,195,5,False,
AL-001586,CSE-14,2026-08-25T21:23:00,Medium,AST-CSE-14-018,Suspicious Login,TA0001,Closed,AN-CSE-14-05,205,8,False,
AL-001587,CSE-14,2026-08-25T15:07:00,High,AST-CSE-14-021,Lateral Movement,TA0008,Closed,AN-CSE-14-03,180,9,False,
AL-001588,CSE-14,2026-08-29T03:01:00,Medium,AST-CSE-14-012,Lateral Movement,TA0008,Closed,AN-CSE-14-05,107,4,False,
AL-001589,CSE-14,2026-09-07T18:35:00,High,AST-CSE-14-020,Phishing,TA0001,Closed,AN-CSE-14-01,80,6,False,
AL-001590,CSE-14,2026-09-03T17:34:00,Low,AST-CSE-14-018,Data Access Anomaly,TA0009,Closed,AN-CSE-14-02,129,8,False,
AL-001591,CSE-14,2026-09-08T01:53:00,Medium,AST-CSE-14-020,Phishing,TA0001,Closed,AN-CSE-14-02,112,9,False,
AL-001592,CSE-14,2026-09-02T18:43:00,Medium,AST-CSE-14-002,Phishing,TA0001,Closed,AN-CSE-14-02,210,8,False,
AL-001593,CSE-14,2026-09-02T11:00:00,Low,AST-CSE-14-007,Malware,TA0002,Closed,AN-CSE-14-01,179,8,False,
AL-001594,CSE-14,2026-09-12T16:22:00,High,AST-CSE-14-010,C2 Beacon,TA0011,Closed,AN-CSE-14-05,7,0,False,
AL-001595,CSE-14,2026-09-10T04:50:00,Medium,AST-CSE-14-005,Malware,TA0002,Closed,AN-CSE-14-04,177,3,False,
AL-001596,CSE-14,2026-09-11T20:53:00,Low,AST-CSE-14-003,Data Access Anomaly,TA0009,Closed,AN-CSE-14-01,124,4,False,
AL-001597,CSE-14,2026-09-15T04:43:00,High,AST-CSE-14-015,Data Access Anomaly,TA0009,Open,AN-CSE-14-01,93,6,False,
AL-001598,CSE-14,2026-09-06T05:46:00,Low,AST-CSE-14-028,Data Access Anomaly,TA0009,Closed,AN-CSE-14-01,124,8,False,
AL-001599,CSE-14,2026-09-07T16:12:00,Low,AST-CSE-14-015,Brute Force,TA0006,Closed,AN-CSE-14-04,215,5,False,
AL-001600,CSE-14,2026-08-22T19:39:00,Medium,AST-CSE-14-022,Policy Violation,TA0005,Closed,AN-CSE-14-03,149,7,False,
AL-001601,CSE-14,2026-09-09T07:15:00,Medium,AST-CSE-14-027,Policy Violation,TA0005,Closed,AN-CSE-14-01,198,8,False,
AL-001602,CSE-14,2026-09-10T00:35:00,High,AST-CSE-14-006,C2 Beacon,TA0011,Closed,AN-CSE-14-03,89,4,False,
AL-001603,CSE-14,2026-08-29T17:45:00,Low,AST-CSE-14-020,Policy Violation,TA0005,Closed,AN-CSE-14-01,224,3,False,
AL-001604,CSE-14,2026-09-19T20:33:00,Medium,AST-CSE-14-019,Privilege Escalation,TA0004,Closed,AN-CSE-14-04,42,6,False,
AL-001605,CSE-14,2026-08-22T03:30:00,Medium,AST-CSE-14-012,Lateral Movement,TA0008,Open,AN-CSE-14-02,238,7,False,
AL-001606,CSE-14,2026-09-14T10:36:00,Medium,AST-CSE-14-017,Data Access Anomaly,TA0009,Open,AN-CSE-14-03,78,3,False,
AL-001607,CSE-14,2026-09-03T10:44:00,Medium,AST-CSE-14-006,Phishing,TA0001,Closed,AN-CSE-14-01,85,6,False,
AL-001608,CSE-14,2026-09-12T06:46:00,Low,AST-CSE-14-010,Brute Force,TA0006,Closed,AN-CSE-14-04,153,3,False,
AL-001609,CSE-14,2026-09-01T15:10:00,Medium,AST-CSE-14-028,Phishing,TA0001,Closed,AN-CSE-14-02,140,6,False,
AL-001610,CSE-14,2026-09-13T16:15:00,Low,AST-CSE-14-008,Malware,TA0002,Closed,AN-CSE-14-01,45,5,False,
AL-001611,CSE-14,2026-09-03T00:14:00,Low,AST-CSE-14-018,Phishing,TA0001,Closed,AN-CSE-14-02,67,4,False,
AL-001612,CSE-14,2026-09-04T11:28:00,Low,AST-CSE-14-011,Brute Force,TA0006,Closed,AN-CSE-14-05,120,4,False,
AL-001613,CSE-14,2026-09-16T04:05:00,High,AST-CSE-14-002,Policy Violation,TA0005,Closed,AN-CSE-14-05,6,1,False,
AL-001614,CSE-14,2026-09-16T13:45:00,High,AST-CSE-14-008,Policy Violation,TA0005,Closed,AN-CSE-14-02,2,0,False,
AL-001615,CSE-14,2026-09-05T19:09:00,Critical,AST-CSE-14-013,Brute Force,TA0006,Closed,AN-CSE-14-04,8,1,False,
AL-001616,CSE-14,2026-09-04T00:10:00,Low,AST-CSE-14-017,Policy Violation,TA0005,Closed,AN-CSE-14-05,234,8,False,
AL-001617,CSE-14,2026-09-07T06:28:00,Medium,AST-CSE-14-025,Exfiltration,TA0010,Closed,AN-CSE-14-04,29,4,False,
AL-001618,CSE-14,2026-09-16T16:03:00,Low,AST-CSE-14-020,Privilege Escalation,TA0004,Closed,AN-CSE-14-04,96,5,False,
AL-001619,CSE-14,2026-09-20T05:33:00,High,AST-CSE-14-011,Policy Violation,TA0005,Open,AN-CSE-14-02,166,9,False,
AL-001620,CSE-14,2026-09-16T11:03:00,Medium,AST-CSE-14-005,Exfiltration,TA0010,Closed,AN-CSE-14-02,84,6,False,
AL-001621,CSE-14,2026-09-13T21:52:00,Medium,AST-CSE-14-015,Policy Violation,TA0005,Open,AN-CSE-14-04,82,4,False,
AL-001622,CSE-14,2026-09-08T21:02:00,Medium,AST-CSE-14-004,Exfiltration,TA0010,Open,AN-CSE-14-04,130,3,False,
AL-001623,CSE-14,2026-09-02T20:58:00,Low,AST-CSE-14-010,Privilege Escalation,TA0004,Closed,AN-CSE-14-04,104,4,False,
AL-001624,CSE-14,2026-09-17T07:13:00,Critical,AST-CSE-14-017,Brute Force,TA0006,Escalated,AN-CSE-14-05,21,7,True,
AL-001625,CSE-14,2026-09-08T01:09:00,Critical,AST-CSE-14-017,Privilege Escalation,TA0004,Escalated,AN-CSE-14-05,174,5,True,
AL-001626,CSE-14,2026-08-22T21:12:00,Medium,AST-CSE-14-002,Suspicious Login,TA0001,Open,AN-CSE-14-04,151,3,False,
AL-001627,CSE-14,2026-09-01T19:56:00,Low,AST-CSE-14-025,Suspicious Login,TA0001,Open,AN-CSE-14-02,116,5,False,
AL-001628,CSE-14,2026-08-31T03:51:00,Low,AST-CSE-14-023,Policy Violation,TA0005,Open,AN-CSE-14-02,70,3,False,
AL-001629,CSE-14,2026-09-19T10:41:00,Medium,AST-CSE-14-013,Exfiltration,TA0010,Open,AN-CSE-14-01,69,6,False,
AL-001630,CSE-14,2026-08-23T07:33:00,Low,AST-CSE-14-007,C2 Beacon,TA0011,Closed,AN-CSE-14-05,73,3,False,
AL-001631,CSE-14,2026-09-05T09:46:00,Medium,AST-CSE-14-006,Malware,TA0002,Closed,AN-CSE-14-04,62,8,False,
AL-001632,CSE-14,2026-08-26T01:21:00,Medium,AST-CSE-14-004,Phishing,TA0001,Open,AN-CSE-14-03,86,7,False,
AL-001633,CSE-14,2026-09-09T19:51:00,Medium,AST-CSE-14-018,Privilege Escalation,TA0004,Open,AN-CSE-14-05,91,9,False,
AL-001634,CSE-14,2026-09-19T22:30:00,High,AST-CSE-14-025,Lateral Movement,TA0008,Closed,AN-CSE-14-03,145,5,False,
AL-001635,CSE-14,2026-09-02T02:09:00,Critical,AST-CSE-14-024,C2 Beacon,TA0011,Escalated,AN-CSE-14-03,52,7,True,
AL-001636,CSE-14,2026-09-12T21:03:00,Low,AST-CSE-14-026,Lateral Movement,TA0008,Open,AN-CSE-14-02,198,7,False,
AL-001637,CSE-14,2026-09-06T17:39:00,Low,AST-CSE-14-012,C2 Beacon,TA0011,Closed,AN-CSE-14-03,61,7,False,
AL-001638,CSE-14,2026-08-22T10:33:00,Low,AST-CSE-14-022,Phishing,TA0001,Closed,AN-CSE-14-04,59,6,False,
AL-001639,CSE-14,2026-09-17T02:45:00,Low,AST-CSE-14-001,Privilege Escalation,TA0004,Open,AN-CSE-14-04,145,6,False,
AL-001640,CSE-14,2026-09-13T02:45:00,Medium,AST-CSE-14-007,C2 Beacon,TA0011,Open,AN-CSE-14-05,106,4,False,
AL-001641,CSE-14,2026-09-18T08:55:00,Medium,AST-CSE-14-011,Data Access Anomaly,TA0009,Open,AN-CSE-14-01,22,4,False,
AL-001642,CSE-14,2026-08-21T13:19:00,Low,AST-CSE-14-014,Policy Violation,TA0005,Closed,AN-CSE-14-02,20,6,False,
AL-001643,CSE-14,2026-08-25T00:17:00,Medium,AST-CSE-14-002,Brute Force,TA0006,Closed,AN-CSE-14-03,42,3,False,
AL-001644,CSE-14,2026-09-02T09:58:00,High,AST-CSE-14-010,Privilege Escalation,TA0004,Closed,AN-CSE-14-05,64,9,False,
AL-001645,CSE-14,2026-09-02T02:21:00,High,AST-CSE-14-013,Policy Violation,TA0005,Closed,AN-CSE-14-05,171,5,False,
AL-001646,CSE-14,2026-09-12T06:19:00,Medium,AST-CSE-14-003,Policy Violation,TA0005,Open,AN-CSE-14-05,175,4,False,
AL-001647,CSE-14,2026-09-09T14:50:00,Medium,AST-CSE-14-010,Malware,TA0002,Closed,AN-CSE-14-04,111,7,False,
AL-001648,CSE-14,2026-08-22T04:10:00,Medium,AST-CSE-14-010,C2 Beacon,TA0011,Closed,AN-CSE-14-03,73,4,False,
AL-001649,CSE-14,2026-09-18T17:04:00,Critical,AST-CSE-14-005,Brute Force,TA0006,Escalated,AN-CSE-14-01,129,4,True,
AL-001650,CSE-14,2026-08-29T01:23:00,Low,AST-CSE-14-003,Exfiltration,TA0010,Closed,AN-CSE-14-02,131,6,False,
AL-001651,CSE-14,2026-09-10T13:47:00,Low,AST-CSE-14-021,Suspicious Login,TA0001,Closed,AN-CSE-14-04,113,4,False,
AL-001652,CSE-14,2026-09-19T03:36:00,Critical,AST-CSE-14-007,Privilege Escalation,TA0004,Closed,AN-CSE-14-02,9,1,False,
AL-001653,CSE-14,2026-08-25T01:13:00,Medium,AST-CSE-14-026,Privilege Escalation,TA0004,Open,AN-CSE-14-04,212,7,False,
AL-001654,CSE-14,2026-09-15T03:34:00,Low,AST-CSE-14-006,Malware,TA0002,Closed,AN-CSE-14-01,105,4,False,
AL-001655,CSE-14,2026-09-05T03:02:00,Medium,AST-CSE-14-005,Lateral Movement,TA0008,Closed,AN-CSE-14-02,126,3,False,
AL-001656,CSE-14,2026-08-25T16:37:00,Low,AST-CSE-14-021,Privilege Escalation,TA0004,Open,AN-CSE-14-03,143,9,False,
AL-001657,CSE-14,2026-08-29T14:06:00,High,AST-CSE-14-007,Lateral Movement,TA0008,Open,AN-CSE-14-05,115,7,False,
AL-001658,CSE-14,2026-08-26T12:09:00,High,AST-CSE-14-020,Data Access Anomaly,TA0009,Closed,AN-CSE-14-01,166,7,False,
AL-001659,CSE-14,2026-09-10T11:34:00,Critical,AST-CSE-14-018,Policy Violation,TA0005,Closed,AN-CSE-14-05,3,1,False,
AL-001660,CSE-14,2026-08-21T16:24:00,Low,AST-CSE-14-027,C2 Beacon,TA0011,Closed,AN-CSE-14-02,233,7,False,
AL-001661,CSE-14,2026-08-31T10:08:00,Medium,AST-CSE-14-015,Exfiltration,TA0010,Closed,AN-CSE-14-02,168,5,False,
AL-001662,CSE-14,2026-09-19T04:08:00,Medium,AST-CSE-14-009,Malware,TA0002,Closed,AN-CSE-14-04,20,6,False,
AL-001663,CSE-14,2026-08-22T18:34:00,Medium,AST-CSE-14-003,Exfiltration,TA0010,Open,AN-CSE-14-01,207,9,False,
AL-001664,CSE-14,2026-08-30T10:29:00,Low,AST-CSE-14-026,Exfiltration,TA0010,Closed,AN-CSE-14-05,189,7,False,
AL-001665,CSE-14,2026-08-21T23:25:00,Low,AST-CSE-14-025,Phishing,TA0001,Closed,AN-CSE-14-03,187,4,False,
AL-001666,CSE-14,2026-08-31T04:30:00,Critical,AST-CSE-14-022,C2 Beacon,TA0011,Escalated,AN-CSE-14-01,81,4,True,
AL-001667,CSE-14,2026-08-22T22:47:00,Medium,AST-CSE-14-022,Exfiltration,TA0010,Closed,AN-CSE-14-02,215,5,False,
AL-001668,CSE-14,2026-09-18T07:05:00,Medium,AST-CSE-14-018,Suspicious Login,TA0001,Closed,AN-CSE-14-01,20,4,False,
AL-001669,CSE-14,2026-09-16T21:39:00,Low,AST-CSE-14-025,Exfiltration,TA0010,Open,AN-CSE-14-01,233,9,False,
AL-001670,CSE-14,2026-08-29T16:43:00,High,AST-CSE-14-015,Suspicious Login,TA0001,Closed,AN-CSE-14-01,38,5,False,
AL-001671,CSE-14,2026-09-11T12:59:00,Medium,AST-CSE-14-013,Lateral Movement,TA0008,Closed,AN-CSE-14-05,223,9,False,
AL-001672,CSE-14,2026-09-14T19:08:00,High,AST-CSE-14-003,Brute Force,TA0006,Closed,AN-CSE-14-05,176,5,False,
AL-001673,CSE-14,2026-09-07T08:09:00,Low,AST-CSE-14-011,C2 Beacon,TA0011,Closed,AN-CSE-14-05,123,4,False,
AL-001674,CSE-14,2026-08-26T17:13:00,Medium,AST-CSE-14-007,Data Access Anomaly,TA0009,Open,AN-CSE-14-01,210,4,False,
AL-001675,CSE-14,2026-09-05T23:40:00,Medium,AST-CSE-14-025,Policy Violation,TA0005,Closed,AN-CSE-14-03,30,3,False,
AL-001676,CSE-14,2026-09-19T14:01:00,Medium,AST-CSE-14-007,Malware,TA0002,Closed,AN-CSE-14-03,126,8,False,
AL-001677,CSE-14,2026-08-25T08:22:00,High,AST-CSE-14-011,Policy Violation,TA0005,Closed,AN-CSE-14-05,3,0,False,
AL-001678,CSE-14,2026-09-02T12:12:00,Medium,AST-CSE-14-016,Policy Violation,TA0005,Open,AN-CSE-14-03,227,3,False,
AL-001679,CSE-14,2026-08-24T22:42:00,Medium,AST-CSE-14-011,Lateral Movement,TA0008,Open,AN-CSE-14-01,34,5,False,
AL-001680,CSE-14,2026-09-16T03:39:00,Low,AST-CSE-14-005,Exfiltration,TA0010,Closed,AN-CSE-14-04,155,5,False,
AL-001681,CSE-14,2026-09-07T11:59:00,Low,AST-CSE-14-016,Exfiltration,TA0010,Closed,AN-CSE-14-03,202,3,False,
AL-001682,CSE-14,2026-09-17T00:53:00,Medium,AST-CSE-14-017,Data Access Anomaly,TA0009,Closed,AN-CSE-14-01,216,5,False,
AL-001683,CSE-14,2026-09-02T09:46:00,Medium,AST-CSE-14-004,Brute Force,TA0006,Open,AN-CSE-14-01,235,9,False,
AL-001684,CSE-14,2026-09-17T13:25:00,Low,AST-CSE-14-025,Suspicious Login,TA0001,Open,AN-CSE-14-05,159,5,False,
AL-001685,CSE-14,2026-09-08T10:41:00,High,AST-CSE-14-022,Exfiltration,TA0010,Open,AN-CSE-14-04,100,5,False,
AL-001686,CSE-14,2026-09-02T11:54:00,Critical,AST-CSE-14-002,Brute Force,TA0006,Escalated,AN-CSE-14-04,107,6,True,
AL-001687,CSE-14,2026-09-03T04:55:00,Medium,AST-CSE-14-009,Brute Force,TA0006,Open,AN-CSE-14-03,186,7,False,
AL-001688,CSE-14,2026-09-19T20:47:00,Medium,AST-CSE-14-028,Phishing,TA0001,Open,AN-CSE-14-02,230,9,False,
AL-001689,CSE-14,2026-09-19T14:27:00,Low,AST-CSE-14-017,Lateral Movement,TA0008,Closed,AN-CSE-14-03,206,9,False,
AL-001690,CSE-14,2026-09-07T05:21:00,High,AST-CSE-14-016,Suspicious Login,TA0001,Closed,AN-CSE-14-04,150,5,False,
AL-001691,CSE-14,2026-09-06T17:42:00,Low,AST-CSE-14-005,C2 Beacon,TA0011,Open,AN-CSE-14-03,239,3,False,
AL-001692,CSE-14,2026-09-05T11:53:00,Medium,AST-CSE-14-014,Exfiltration,TA0010,Open,AN-CSE-14-04,211,5,False,
AL-001693,CSE-14,2026-08-30T17:53:00,High,AST-CSE-14-005,Data Access Anomaly,TA0009,Closed,AN-CSE-14-02,25,4,False,
AL-001694,CSE-14,2026-08-29T23:52:00,Low,AST-CSE-14-024,Malware,TA0002,Closed,AN-CSE-14-02,48,7,False,
AL-001695,CSE-14,2026-08-24T14:00:00,Low,AST-CSE-14-021,Lateral Movement,TA0008,Closed,AN-CSE-14-04,72,6,False,
AL-001696,CSE-14,2026-09-09T22:36:00,Low,AST-CSE-14-005,Phishing,TA0001,Closed,AN-CSE-14-05,133,8,False,
AL-001697,CSE-14,2026-09-09T05:05:00,High,AST-CSE-14-028,Brute Force,TA0006,Closed,AN-CSE-14-02,85,6,False,
AL-001698,CSE-14,2026-09-15T10:10:00,Medium,AST-CSE-14-009,Malware,TA0002,Closed,AN-CSE-14-01,154,5,False,
AL-001699,CSE-14,2026-09-16T02:43:00,Low,AST-CSE-14-014,Phishing,TA0001,Open,AN-CSE-14-02,23,6,False,
AL-001700,CSE-14,2026-09-10T15:46:00,Medium,AST-CSE-14-003,Data Access Anomaly,TA0009,Closed,AN-CSE-14-04,90,9,False,
AL-001701,CSE-14,2026-09-12T21:03:00,High,AST-CSE-14-013,Exfiltration,TA0010,Closed,AN-CSE-14-02,75,8,False,
AL-001702,CSE-14,2026-09-02T19:19:00,Low,AST-CSE-14-013,Lateral Movement,TA0008,Open,AN-CSE-14-02,204,5,False,
AL-001703,CSE-14,2026-08-29T19:09:00,Medium,AST-CSE-14-009,Phishing,TA0001,Open,AN-CSE-14-03,25,3,False,
AL-001704,CSE-14,2026-09-12T04:12:00,Low,AST-CSE-14-004,Lateral Movement,TA0008,Open,AN-CSE-14-05,167,9,False,
AL-001705,CSE-14,2026-09-20T07:59:00,Low,AST-CSE-14-006,Policy Violation,TA0005,Closed,AN-CSE-14-03,217,7,False,
AL-001706,CSE-14,2026-09-14T06:54:00,Critical,AST-CSE-14-019,Privilege Escalation,TA0004,Closed,AN-CSE-14-03,8,1,False,
AL-001707,CSE-14,2026-08-30T23:18:00,Medium,AST-CSE-14-023,Exfiltration,TA0010,Closed,AN-CSE-14-05,111,3,False,
AL-001708,CSE-14,2026-09-13T01:58:00,High,AST-CSE-14-016,Data Access Anomaly,TA0009,Closed,AN-CSE-14-03,76,7,False,
AL-001709,CSE-14,2026-09-03T11:16:00,Medium,AST-CSE-14-016,Lateral Movement,TA0008,Closed,AN-CSE-14-01,55,4,False,
AL-001710,CSE-14,2026-09-06T18:13:00,High,AST-CSE-14-028,Malware,TA0002,Open,AN-CSE-14-01,155,6,False,
AL-001711,CSE-14,2026-09-14T00:54:00,Low,AST-CSE-14-005,Lateral Movement,TA0008,Closed,AN-CSE-14-01,170,6,False,
AL-001712,CSE-14,2026-08-23T05:55:00,Low,AST-CSE-14-009,Data Access Anomaly,TA0009,Closed,AN-CSE-14-03,176,3,False,
AL-001713,CSE-14,2026-09-02T12:20:00,Low,AST-CSE-14-026,Exfiltration,TA0010,Open,AN-CSE-14-02,196,5,False,
AL-001714,CSE-14,2026-09-05T05:10:00,Low,AST-CSE-14-006,Malware,TA0002,Open,AN-CSE-14-04,45,3,False,
AL-001715,CSE-14,2026-09-12T11:33:00,Low,AST-CSE-14-019,Lateral Movement,TA0008,Open,AN-CSE-14-03,212,6,False,
AL-001716,CSE-14,2026-09-16T15:24:00,Critical,AST-CSE-14-023,Brute Force,TA0006,Closed,AN-CSE-14-01,5,0,False,
AL-001717,CSE-14,2026-09-18T12:49:00,High,AST-CSE-14-027,Brute Force,TA0006,Closed,AN-CSE-14-02,5,0,False,
AL-001718,CSE-14,2026-09-06T04:21:00,Critical,AST-CSE-14-010,Policy Violation,TA0005,Escalated,AN-CSE-14-02,67,5,True,
AL-001719,CSE-14,2026-09-07T07:16:00,Low,AST-CSE-14-025,Exfiltration,TA0010,Closed,AN-CSE-14-01,60,6,False,
AL-001720,CSE-14,2026-09-03T06:17:00,Medium,AST-CSE-14-001,Brute Force,TA0006,Closed,AN-CSE-14-04,215,4,False,
AL-001721,CSE-14,2026-09-07T04:16:00,Medium,AST-CSE-14-003,Brute Force,TA0006,Open,AN-CSE-14-02,153,8,False,
AL-001722,CSE-14,2026-08-21T17:03:00,Low,AST-CSE-14-022,Suspicious Login,TA0001,Open,AN-CSE-14-05,135,4,False,
AL-001723,CSE-14,2026-09-05T22:49:00,High,AST-CSE-14-018,Data Access Anomaly,TA0009,Closed,AN-CSE-14-05,9,1,False,
AL-001724,CSE-14,2026-08-21T12:09:00,Medium,AST-CSE-14-011,Exfiltration,TA0010,Open,AN-CSE-14-01,95,6,False,
AL-001725,CSE-14,2026-09-16T13:52:00,Low,AST-CSE-14-015,Phishing,TA0001,Closed,AN-CSE-14-01,199,7,False,
AL-001726,CSE-14,2026-08-30T17:15:00,Medium,AST-CSE-14-018,Policy Violation,TA0005,Closed,AN-CSE-14-02,66,7,False,
AL-001727,CSE-14,2026-09-18T19:06:00,High,AST-CSE-14-026,Brute Force,TA0006,Open,AN-CSE-14-05,33,4,False,
AL-001728,CSE-14,2026-09-03T09:44:00,Medium,AST-CSE-14-018,Phishing,TA0001,Closed,AN-CSE-14-03,54,9,False,
AL-001729,CSE-14,2026-08-25T05:52:00,Medium,AST-CSE-14-002,C2 Beacon,TA0011,Closed,AN-CSE-14-02,42,7,False,
AL-001730,CSE-14,2026-08-27T15:26:00,Critical,AST-CSE-14-020,Policy Violation,TA0005,Closed,AN-CSE-14-01,7,1,False,
AL-001731,CSE-14,2026-09-10T11:58:00,Low,AST-CSE-14-006,Exfiltration,TA0010,Open,AN-CSE-14-01,218,8,False,
AL-001732,CSE-14,2026-09-14T12:09:00,High,AST-CSE-14-001,Malware,TA0002,Closed,AN-CSE-14-05,63,6,False,
AL-001733,CSE-05,2026-09-18T18:15:00,Medium,AST-CSE-05-026,Data Access Anomaly,TA0009,Closed,AN-CSE-05-01,33,6,False,
AL-001734,CSE-05,2026-08-31T18:31:00,Medium,AST-CSE-05-008,C2 Beacon,TA0011,Open,AN-CSE-05-05,24,9,False,
AL-001735,CSE-05,2026-09-18T10:43:00,High,AST-CSE-05-025,Suspicious Login,TA0001,Closed,AN-CSE-05-01,8,1,False,
AL-001736,CSE-05,2026-09-02T19:13:00,High,AST-CSE-05-027,Suspicious Login,TA0001,Open,AN-CSE-05-01,81,9,False,
AL-001737,CSE-05,2026-09-05T04:27:00,Low,AST-CSE-05-006,Suspicious Login,TA0001,Open,AN-CSE-05-02,215,4,False,
AL-001738,CSE-05,2026-09-13T07:17:00,Medium,AST-CSE-05-021,Phishing,TA0001,Open,AN-CSE-05-01,122,7,False,
AL-001739,CSE-05,2026-08-30T14:18:00,Medium,AST-CSE-05-010,Brute Force,TA0006,Closed,AN-CSE-05-03,60,3,False,
AL-001740,CSE-05,2026-08-27T19:33:00,Medium,AST-CSE-05-014,Brute Force,TA0006,Closed,AN-CSE-05-02,219,5,False,
AL-001741,CSE-05,2026-09-10T15:36:00,Low,AST-CSE-05-015,Malware,TA0002,Closed,AN-CSE-05-02,212,5,False,
AL-001742,CSE-05,2026-08-26T04:14:00,High,AST-CSE-05-028,Malware,TA0002,Closed,AN-CSE-05-03,62,5,False,
AL-001743,CSE-05,2026-09-04T23:41:00,Medium,AST-CSE-05-028,Malware,TA0002,Open,AN-CSE-05-04,240,5,False,
AL-001744,CSE-05,2026-08-22T11:11:00,Medium,AST-CSE-05-019,Suspicious Login,TA0001,Open,AN-CSE-05-02,114,4,False,
AL-001745,CSE-05,2026-08-25T03:39:00,Medium,AST-CSE-05-023,Suspicious Login,TA0001,Closed,AN-CSE-05-02,232,8,False,
AL-001746,CSE-05,2026-08-29T15:57:00,Critical,AST-CSE-05-022,Privilege Escalation,TA0004,Closed,AN-CSE-05-03,70,4,False,
AL-001747,CSE-05,2026-09-09T13:53:00,High,AST-CSE-05-007,Suspicious Login,TA0001,Closed,AN-CSE-05-04,4,0,False,
AL-001748,CSE-05,2026-09-05T19:31:00,Low,AST-CSE-05-003,Phishing,TA0001,Closed,AN-CSE-05-01,175,4,False,
AL-001749,CSE-05,2026-09-13T20:47:00,Medium,AST-CSE-05-019,Phishing,TA0001,Closed,AN-CSE-05-02,102,4,False,
AL-001750,CSE-05,2026-09-17T16:12:00,Low,AST-CSE-05-014,Malware,TA0002,Closed,AN-CSE-05-05,103,6,False,
AL-001751,CSE-05,2026-08-26T18:14:00,Low,AST-CSE-05-015,Suspicious Login,TA0001,Closed,AN-CSE-05-05,22,4,False,
AL-001752,CSE-05,2026-09-19T17:54:00,Low,AST-CSE-05-027,Malware,TA0002,Closed,AN-CSE-05-03,48,7,False,
AL-001753,CSE-05,2026-09-20T04:16:00,Medium,AST-CSE-05-027,Data Access Anomaly,TA0009,Closed,AN-CSE-05-04,183,8,False,
AL-001754,CSE-05,2026-09-01T08:14:00,Low,AST-CSE-05-009,Exfiltration,TA0010,Closed,AN-CSE-05-04,178,8,False,
AL-001755,CSE-05,2026-09-09T07:04:00,Medium,AST-CSE-05-013,Privilege Escalation,TA0004,Closed,AN-CSE-05-01,174,3,False,
AL-001756,CSE-05,2026-09-02T02:54:00,Medium,AST-CSE-05-028,Suspicious Login,TA0001,Open,AN-CSE-05-05,79,6,False,
AL-001757,CSE-05,2026-09-02T07:12:00,Low,AST-CSE-05-016,Privilege Escalation,TA0004,Closed,AN-CSE-05-04,228,8,False,
AL-001758,CSE-05,2026-09-16T09:45:00,Medium,AST-CSE-05-007,Data Access Anomaly,TA0009,Closed,AN-CSE-05-04,106,6,False,
AL-001759,CSE-05,2026-08-28T12:06:00,Low,AST-CSE-05-003,Exfiltration,TA0010,Open,AN-CSE-05-03,157,6,False,
AL-001760,CSE-05,2026-08-27T01:45:00,Medium,AST-CSE-05-002,Privilege Escalation,TA0004,Open,AN-CSE-05-04,129,6,False,
AL-001761,CSE-05,2026-09-16T12:52:00,Low,AST-CSE-05-002,Suspicious Login,TA0001,Closed,AN-CSE-05-04,24,3,False,
AL-001762,CSE-05,2026-09-14T00:36:00,Medium,AST-CSE-05-028,Malware,TA0002,Closed,AN-CSE-05-04,42,9,False,
AL-001763,CSE-05,2026-09-18T01:13:00,Low,AST-CSE-05-013,Brute Force,TA0006,Closed,AN-CSE-05-02,64,9,False,
AL-001764,CSE-05,2026-08-24T22:28:00,Medium,AST-CSE-05-009,Privilege Escalation,TA0004,Closed,AN-CSE-05-05,166,3,False,
AL-001765,CSE-05,2026-09-02T15:03:00,Medium,AST-CSE-05-021,Policy Violation,TA0005,Closed,AN-CSE-05-02,154,9,False,
AL-001766,CSE-05,2026-09-10T19:00:00,High,AST-CSE-05-010,Malware,TA0002,Closed,AN-CSE-05-05,5,1,False,
AL-001767,CSE-05,2026-08-29T18:13:00,Medium,AST-CSE-05-010,Lateral Movement,TA0008,Closed,AN-CSE-05-05,31,4,False,
AL-001768,CSE-05,2026-09-17T10:54:00,Medium,AST-CSE-05-021,Privilege Escalation,TA0004,Open,AN-CSE-05-03,197,3,False,
AL-001769,CSE-05,2026-09-01T17:15:00,Medium,AST-CSE-05-027,Malware,TA0002,Closed,AN-CSE-05-01,93,7,False,
AL-001770,CSE-05,2026-09-02T06:35:00,Low,AST-CSE-05-001,Policy Violation,TA0005,Closed,AN-CSE-05-05,179,8,False,
AL-001771,CSE-05,2026-09-07T14:42:00,Medium,AST-CSE-05-025,Data Access Anomaly,TA0009,Open,AN-CSE-05-05,214,7,False,
AL-001772,CSE-05,2026-09-04T02:51:00,High,AST-CSE-05-024,Policy Violation,TA0005,Closed,AN-CSE-05-05,8,0,False,
AL-001773,CSE-05,2026-09-11T11:11:00,Medium,AST-CSE-05-005,Privilege Escalation,TA0004,Closed,AN-CSE-05-05,165,7,False,
AL-001774,CSE-05,2026-08-25T04:42:00,High,AST-CSE-05-006,Lateral Movement,TA0008,Closed,AN-CSE-05-02,8,1,False,
AL-001775,CSE-05,2026-09-18T22:21:00,Low,AST-CSE-05-019,Suspicious Login,TA0001,Closed,AN-CSE-05-01,141,4,False,
AL-001776,CSE-05,2026-09-07T11:19:00,Medium,AST-CSE-05-021,Phishing,TA0001,Open,AN-CSE-05-04,75,5,False,
AL-001777,CSE-05,2026-09-13T01:18:00,Medium,AST-CSE-05-024,Lateral Movement,TA0008,Open,AN-CSE-05-05,186,4,False,
AL-001778,CSE-05,2026-08-25T02:08:00,Low,AST-CSE-05-005,Suspicious Login,TA0001,Closed,AN-CSE-05-01,124,8,False,
AL-001779,CSE-05,2026-09-10T11:25:00,Medium,AST-CSE-05-005,Data Access Anomaly,TA0009,Open,AN-CSE-05-02,215,5,False,
AL-001780,CSE-05,2026-09-12T09:10:00,Medium,AST-CSE-05-022,Brute Force,TA0006,Closed,AN-CSE-05-05,116,5,False,
AL-001781,CSE-05,2026-09-14T11:25:00,Low,AST-CSE-05-021,Phishing,TA0001,Open,AN-CSE-05-04,45,8,False,
AL-001782,CSE-05,2026-09-09T17:39:00,Low,AST-CSE-05-005,Lateral Movement,TA0008,Closed,AN-CSE-05-01,69,9,False,
AL-001783,CSE-05,2026-09-02T02:06:00,High,AST-CSE-05-013,Suspicious Login,TA0001,Closed,AN-CSE-05-05,25,9,False,
AL-001784,CSE-05,2026-09-13T12:00:00,Medium,AST-CSE-05-027,Brute Force,TA0006,Closed,AN-CSE-05-05,120,6,False,
AL-001785,CSE-05,2026-08-26T23:28:00,Low,AST-CSE-05-002,Phishing,TA0001,Open,AN-CSE-05-02,191,4,False,
AL-001786,CSE-05,2026-09-17T23:27:00,Critical,AST-CSE-05-011,Malware,TA0002,Closed,AN-CSE-05-01,6,0,False,
AL-001787,CSE-05,2026-08-28T01:57:00,Critical,AST-CSE-05-010,Data Access Anomaly,TA0009,Escalated,AN-CSE-05-04,60,9,True,
AL-001788,CSE-05,2026-08-30T22:20:00,Low,AST-CSE-05-007,Data Access Anomaly,TA0009,Open,AN-CSE-05-02,114,4,False,
AL-001789,CSE-05,2026-09-04T21:32:00,Critical,AST-CSE-05-009,Exfiltration,TA0010,Escalated,AN-CSE-05-05,56,3,True,
AL-001790,CSE-05,2026-08-26T22:18:00,Low,AST-CSE-05-015,Brute Force,TA0006,Open,AN-CSE-05-02,108,3,False,
AL-001791,CSE-05,2026-09-04T12:20:00,Low,AST-CSE-05-026,Phishing,TA0001,Open,AN-CSE-05-04,32,4,False,
AL-001792,CSE-05,2026-08-27T03:59:00,Critical,AST-CSE-05-023,Data Access Anomaly,TA0009,Closed,AN-CSE-05-04,6,0,False,
AL-001793,CSE-05,2026-09-13T09:01:00,High,AST-CSE-05-007,Lateral Movement,TA0008,Closed,AN-CSE-05-02,7,1,False,
AL-001794,CSE-05,2026-08-21T23:54:00,High,AST-CSE-05-023,Brute Force,TA0006,Closed,AN-CSE-05-04,35,6,False,
AL-001795,CSE-05,2026-09-17T16:50:00,Medium,AST-CSE-05-007,Brute Force,TA0006,Closed,AN-CSE-05-01,76,9,False,
AL-001796,CSE-05,2026-09-10T07:31:00,Low,AST-CSE-05-008,Suspicious Login,TA0001,Closed,AN-CSE-05-04,108,6,False,
AL-001797,CSE-05,2026-08-22T14:26:00,Medium,AST-CSE-05-007,Lateral Movement,TA0008,Open,AN-CSE-05-03,171,3,False,
AL-001798,CSE-05,2026-09-15T23:42:00,Medium,AST-CSE-05-006,Data Access Anomaly,TA0009,Closed,AN-CSE-05-05,229,3,False,
AL-001799,CSE-05,2026-09-12T21:47:00,Low,AST-CSE-05-009,Exfiltration,TA0010,Open,AN-CSE-05-03,121,6,False,
AL-001800,CSE-05,2026-08-27T20:18:00,Low,AST-CSE-05-004,Brute Force,TA0006,Closed,AN-CSE-05-05,67,3,False,
AL-001801,CSE-05,2026-08-22T20:03:00,Medium,AST-CSE-05-027,Brute Force,TA0006,Open,AN-CSE-05-05,66,3,False,
AL-001802,CSE-05,2026-09-07T06:24:00,Medium,AST-CSE-05-007,Exfiltration,TA0010,Open,AN-CSE-05-05,232,6,False,
AL-001803,CSE-05,2026-08-26T22:05:00,Medium,AST-CSE-05-022,Data Access Anomaly,TA0009,Closed,AN-CSE-05-02,158,4,False,
AL-001804,CSE-05,2026-08-30T01:34:00,High,AST-CSE-05-028,Suspicious Login,TA0001,Closed,AN-CSE-05-01,161,9,False,
AL-001805,CSE-05,2026-08-28T17:26:00,Medium,AST-CSE-05-024,Malware,TA0002,Closed,AN-CSE-05-04,50,6,False,
AL-001806,CSE-05,2026-09-05T04:03:00,Medium,AST-CSE-05-023,Malware,TA0002,Closed,AN-CSE-05-04,226,4,False,
AL-001807,CSE-05,2026-09-16T09:18:00,Medium,AST-CSE-05-012,Malware,TA0002,Closed,AN-CSE-05-02,181,5,False,
AL-001808,CSE-05,2026-09-07T14:05:00,High,AST-CSE-05-022,Brute Force,TA0006,Closed,AN-CSE-05-03,100,7,False,
AL-001809,CSE-05,2026-09-15T12:56:00,Medium,AST-CSE-05-004,Exfiltration,TA0010,Open,AN-CSE-05-05,64,3,False,
AL-001810,CSE-05,2026-09-05T16:58:00,Medium,AST-CSE-05-005,Privilege Escalation,TA0004,Closed,AN-CSE-05-05,217,8,False,
AL-001811,CSE-05,2026-09-03T02:10:00,Medium,AST-CSE-05-008,C2 Beacon,TA0011,Closed,AN-CSE-05-05,60,4,False,
AL-001812,CSE-05,2026-08-31T13:14:00,Low,AST-CSE-05-028,Privilege Escalation,TA0004,Open,AN-CSE-05-02,158,6,False,
AL-001813,CSE-05,2026-09-10T15:52:00,Medium,AST-CSE-05-020,Exfiltration,TA0010,Open,AN-CSE-05-03,106,9,False,
AL-001814,CSE-05,2026-09-17T15:55:00,Medium,AST-CSE-05-020,Suspicious Login,TA0001,Open,AN-CSE-05-03,180,7,False,
AL-001815,CSE-05,2026-09-06T09:38:00,Low,AST-CSE-05-015,Malware,TA0002,Closed,AN-CSE-05-02,159,6,False,
AL-001816,CSE-05,2026-08-26T14:49:00,High,AST-CSE-05-013,Policy Violation,TA0005,Closed,AN-CSE-05-01,9,1,False,
AL-001817,CSE-05,2026-09-17T12:20:00,Low,AST-CSE-05-013,Phishing,TA0001,Closed,AN-CSE-05-04,156,6,False,
AL-001818,CSE-05,2026-09-01T22:28:00,Low,AST-CSE-05-018,Brute Force,TA0006,Closed,AN-CSE-05-04,59,9,False,
AL-001819,CSE-05,2026-09-04T12:58:00,Medium,AST-CSE-05-011,Suspicious Login,TA0001,Closed,AN-CSE-05-05,154,3,False,
AL-001820,CSE-05,2026-08-26T04:37:00,Low,AST-CSE-05-021,Brute Force,TA0006,Closed,AN-CSE-05-01,27,8,False,
AL-001821,CSE-05,2026-09-01T01:17:00,Medium,AST-CSE-05-025,C2 Beacon,TA0011,Closed,AN-CSE-05-04,27,8,False,
AL-001822,CSE-05,2026-09-14T12:39:00,Low,AST-CSE-05-006,Exfiltration,TA0010,Closed,AN-CSE-05-03,66,7,False,
AL-001823,CSE-05,2026-09-16T00:08:00,Medium,AST-CSE-05-015,Data Access Anomaly,TA0009,Open,AN-CSE-05-05,183,4,False,
AL-001824,CSE-05,2026-08-24T03:10:00,Low,AST-CSE-05-005,Suspicious Login,TA0001,Closed,AN-CSE-05-04,76,9,False,
AL-001825,CSE-05,2026-09-09T23:50:00,Low,AST-CSE-05-018,Data Access Anomaly,TA0009,Closed,AN-CSE-05-03,194,5,False,
AL-001826,CSE-05,2026-08-21T20:49:00,Low,AST-CSE-05-018,Privilege Escalation,TA0004,Closed,AN-CSE-05-03,167,4,False,
AL-001827,CSE-05,2026-09-13T01:27:00,Low,AST-CSE-05-019,Lateral Movement,TA0008,Closed,AN-CSE-05-05,114,3,False,
AL-001828,CSE-05,2026-08-28T23:37:00,High,AST-CSE-05-028,Suspicious Login,TA0001,Open,AN-CSE-05-03,180,6,False,
AL-001829,CSE-05,2026-09-03T01:59:00,Low,AST-CSE-05-009,C2 Beacon,TA0011,Open,AN-CSE-05-05,144,9,False,
AL-001830,CSE-05,2026-09-14T02:20:00,High,AST-CSE-05-010,Exfiltration,TA0010,Open,AN-CSE-05-05,146,9,False,
AL-001831,CSE-05,2026-08-31T20:50:00,Low,AST-CSE-05-003,Phishing,TA0001,Closed,AN-CSE-05-01,233,8,False,
AL-001832,CSE-05,2026-09-19T09:07:00,Medium,AST-CSE-05-019,Lateral Movement,TA0008,Closed,AN-CSE-05-03,98,3,False,
AL-001833,CSE-05,2026-08-25T01:48:00,High,AST-CSE-05-010,Policy Violation,TA0005,Open,AN-CSE-05-01,59,5,False,
AL-001834,CSE-05,2026-08-23T19:54:00,Medium,AST-CSE-05-007,C2 Beacon,TA0011,Closed,AN-CSE-05-02,134,9,False,
AL-001835,CSE-05,2026-09-12T07:16:00,Low,AST-CSE-05-002,Malware,TA0002,Closed,AN-CSE-05-01,217,9,False,
AL-001836,CSE-05,2026-09-07T16:27:00,High,AST-CSE-05-002,Privilege Escalation,TA0004,Closed,AN-CSE-05-01,9,0,False,
AL-001837,CSE-05,2026-09-20T03:37:00,Low,AST-CSE-05-020,Brute Force,TA0006,Open,AN-CSE-05-02,151,7,False,
AL-001838,CSE-05,2026-08-23T07:01:00,Medium,AST-CSE-05-028,Privilege Escalation,TA0004,Closed,AN-CSE-05-03,227,9,False,
AL-001839,CSE-05,2026-08-23T17:28:00,Low,AST-CSE-05-014,Malware,TA0002,Closed,AN-CSE-05-04,135,7,False,
AL-001840,CSE-05,2026-09-15T20:15:00,Low,AST-CSE-05-009,Exfiltration,TA0010,Closed,AN-CSE-05-03,209,8,False,
AL-001841,CSE-05,2026-09-07T00:10:00,Low,AST-CSE-05-018,Privilege Escalation,TA0004,Closed,AN-CSE-05-03,235,7,False,
AL-001842,CSE-05,2026-09-01T08:55:00,High,AST-CSE-05-006,Suspicious Login,TA0001,Closed,AN-CSE-05-04,2,0,False,
AL-001843,CSE-05,2026-09-19T07:09:00,Low,AST-CSE-05-028,Malware,TA0002,Open,AN-CSE-05-03,78,7,False,
AL-001844,CSE-05,2026-09-15T15:04:00,Low,AST-CSE-05-008,Phishing,TA0001,Closed,AN-CSE-05-01,101,3,False,
AL-001845,CSE-05,2026-09-18T19:47:00,Medium,AST-CSE-05-001,Privilege Escalation,TA0004,Closed,AN-CSE-05-04,66,8,False,
AL-001846,CSE-05,2026-09-03T19:21:00,Medium,AST-CSE-05-010,Exfiltration,TA0010,Closed,AN-CSE-05-04,178,8,False,
AL-001847,CSE-05,2026-08-29T04:33:00,Low,AST-CSE-05-005,Policy Violation,TA0005,Open,AN-CSE-05-04,221,6,False,
AL-001848,CSE-05,2026-09-20T07:37:00,High,AST-CSE-05-010,C2 Beacon,TA0011,Closed,AN-CSE-05-05,4,1,False,
AL-001849,CSE-05,2026-09-17T19:47:00,Low,AST-CSE-05-010,Lateral Movement,TA0008,Closed,AN-CSE-05-02,226,9,False,
AL-001850,CSE-05,2026-09-18T07:48:00,High,AST-CSE-05-024,Brute Force,TA0006,Open,AN-CSE-05-05,180,3,False,
AL-001851,CSE-05,2026-09-07T13:00:00,High,AST-CSE-05-010,Data Access Anomaly,TA0009,Closed,AN-CSE-05-01,121,5,False,
AL-001852,CSE-05,2026-09-06T00:59:00,Low,AST-CSE-05-006,Lateral Movement,TA0008,Open,AN-CSE-05-05,140,6,False,
AL-001853,CSE-05,2026-09-15T06:03:00,Medium,AST-CSE-05-023,Phishing,TA0001,Open,AN-CSE-05-03,102,5,False,
AL-001854,CSE-05,2026-09-05T07:36:00,Medium,AST-CSE-05-012,Suspicious Login,TA0001,Closed,AN-CSE-05-02,28,5,False,
AL-001855,CSE-05,2026-08-26T14:13:00,Medium,AST-CSE-05-020,Phishing,TA0001,Closed,AN-CSE-05-04,188,7,False,
AL-001856,CSE-05,2026-09-03T06:15:00,Medium,AST-CSE-05-024,Phishing,TA0001,Closed,AN-CSE-05-04,185,6,False,
AL-001857,CSE-05,2026-09-13T21:10:00,Low,AST-CSE-05-003,Policy Violation,TA0005,Closed,AN-CSE-05-02,187,7,False,
AL-001858,CSE-05,2026-09-15T07:24:00,Medium,AST-CSE-05-027,Malware,TA0002,Closed,AN-CSE-05-05,74,8,False,
AL-001859,CSE-05,2026-08-26T01:18:00,Low,AST-CSE-05-006,Phishing,TA0001,Open,AN-CSE-05-05,97,4,False,
AL-001860,CSE-05,2026-09-15T01:19:00,High,AST-CSE-05-018,Brute Force,TA0006,Closed,AN-CSE-05-03,5,0,False,
AL-001861,CSE-05,2026-09-11T22:53:00,Low,AST-CSE-05-011,Suspicious Login,TA0001,Open,AN-CSE-05-04,138,8,False,
AL-001862,CSE-05,2026-09-08T02:45:00,High,AST-CSE-05-016,Lateral Movement,TA0008,Closed,AN-CSE-05-01,81,9,False,
AL-001863,CSE-05,2026-08-28T08:49:00,Medium,AST-CSE-05-019,Policy Violation,TA0005,Open,AN-CSE-05-04,237,9,False,
AL-001864,CSE-05,2026-09-14T21:56:00,High,AST-CSE-05-015,Malware,TA0002,Open,AN-CSE-05-02,78,8,False,
AL-001865,CSE-05,2026-08-28T08:47:00,Low,AST-CSE-05-015,Suspicious Login,TA0001,Closed,AN-CSE-05-04,229,5,False,
AL-001866,CSE-05,2026-09-04T04:52:00,Low,AST-CSE-05-019,Suspicious Login,TA0001,Closed,AN-CSE-05-02,192,9,False,
AL-001867,CSE-05,2026-08-25T12:05:00,Medium,AST-CSE-05-005,Privilege Escalation,TA0004,Closed,AN-CSE-05-01,64,3,False,
AL-001868,CSE-05,2026-08-25T14:04:00,Medium,AST-CSE-05-009,Suspicious Login,TA0001,Open,AN-CSE-05-04,149,9,False,
AL-001869,CSE-05,2026-08-28T12:14:00,Low,AST-CSE-05-015,Privilege Escalation,TA0004,Closed,AN-CSE-05-03,111,4,False,
AL-001870,CSE-05,2026-09-19T10:48:00,Medium,AST-CSE-05-021,Suspicious Login,TA0001,Closed,AN-CSE-05-01,97,4,False,
AL-001871,CSE-05,2026-08-23T17:40:00,Low,AST-CSE-05-021,Phishing,TA0001,Closed,AN-CSE-05-01,108,9,False,
AL-001872,CSE-05,2026-08-24T09:59:00,Low,AST-CSE-05-007,Data Access Anomaly,TA0009,Open,AN-CSE-05-02,62,9,False,
AL-001873,CSE-05,2026-09-18T02:48:00,Medium,AST-CSE-05-019,Privilege Escalation,TA0004,Closed,AN-CSE-05-04,208,7,False,
AL-001874,CSE-05,2026-08-22T11:24:00,Low,AST-CSE-05-002,Data Access Anomaly,TA0009,Open,AN-CSE-05-04,41,4,False,
AL-001875,CSE-05,2026-09-17T07:35:00,High,AST-CSE-05-019,Policy Violation,TA0005,Closed,AN-CSE-05-01,4,0,False,
AL-001876,CSE-05,2026-08-29T13:31:00,High,AST-CSE-05-007,Brute Force,TA0006,Closed,AN-CSE-05-04,50,3,False,
AL-001877,CSE-05,2026-09-07T23:54:00,High,AST-CSE-05-020,Phishing,TA0001,Closed,AN-CSE-05-02,2,0,False,
AL-001878,CSE-05,2026-08-28T01:18:00,Medium,AST-CSE-05-020,Malware,TA0002,Open,AN-CSE-05-05,83,4,False,
AL-001879,CSE-05,2026-09-02T05:33:00,Critical,AST-CSE-05-024,Lateral Movement,TA0008,Escalated,AN-CSE-05-04,152,3,True,
AL-001880,CSE-05,2026-09-17T07:12:00,Low,AST-CSE-05-015,Exfiltration,TA0010,Closed,AN-CSE-05-03,43,5,False,
AL-001881,CSE-05,2026-08-30T19:52:00,Low,AST-CSE-05-026,Suspicious Login,TA0001,Closed,AN-CSE-05-03,167,8,False,
AL-001882,CSE-05,2026-09-08T07:59:00,Medium,AST-CSE-05-005,Brute Force,TA0006,Closed,AN-CSE-05-05,236,5,False,
AL-001883,CSE-05,2026-09-17T12:13:00,Low,AST-CSE-05-024,C2 Beacon,TA0011,Open,AN-CSE-05-01,74,8,False,
AL-001884,CSE-05,2026-08-26T13:23:00,Medium,AST-CSE-05-019,Data Access Anomaly,TA0009,Closed,AN-CSE-05-04,218,3,False,
AL-001885,CSE-05,2026-09-13T22:01:00,High,AST-CSE-05-015,Phishing,TA0001,Closed,AN-CSE-05-03,153,5,False,
AL-001886,CSE-05,2026-09-20T03:56:00,High,AST-CSE-05-010,Brute Force,TA0006,Closed,AN-CSE-05-02,138,3,False,
AL-001887,CSE-05,2026-09-05T04:25:00,Medium,AST-CSE-05-004,Privilege Escalation,TA0004,Open,AN-CSE-05-04,62,7,False,
AL-001888,CSE-05,2026-09-17T22:33:00,Low,AST-CSE-05-002,Policy Violation,TA0005,Closed,AN-CSE-05-05,78,4,False,
AL-001889,CSE-05,2026-08-23T08:39:00,Medium,AST-CSE-05-028,Exfiltration,TA0010,Open,AN-CSE-05-03,60,9,False,
AL-001890,CSE-05,2026-08-29T02:58:00,High,AST-CSE-05-021,Malware,TA0002,Closed,AN-CSE-05-02,19,7,False,
AL-001891,CSE-05,2026-08-26T15:32:00,Medium,AST-CSE-05-013,Policy Violation,TA0005,Open,AN-CSE-05-03,221,5,False,
AL-001892,CSE-05,2026-08-30T00:37:00,Medium,AST-CSE-05-003,Privilege Escalation,TA0004,Closed,AN-CSE-05-03,64,4,False,
AL-001893,CSE-05,2026-08-26T03:31:00,High,AST-CSE-05-016,Phishing,TA0001,Closed,AN-CSE-05-04,26,7,False,
AL-001894,CSE-05,2026-09-04T08:58:00,Low,AST-CSE-05-025,Phishing,TA0001,Closed,AN-CSE-05-02,208,9,False,
AL-001895,CSE-05,2026-09-08T03:12:00,High,AST-CSE-05-018,Lateral Movement,TA0008,Closed,AN-CSE-05-01,123,7,False,
AL-001896,CSE-05,2026-08-25T12:18:00,Medium,AST-CSE-05-018,Malware,TA0002,Closed,AN-CSE-05-03,57,7,False,
AL-001897,CSE-05,2026-08-29T10:31:00,Low,AST-CSE-05-028,Phishing,TA0001,Closed,AN-CSE-05-01,30,6,False,
AL-001898,CSE-05,2026-08-29T04:39:00,Critical,AST-CSE-05-004,Lateral Movement,TA0008,Closed,AN-CSE-05-01,6,1,False,
AL-001899,CSE-05,2026-09-13T23:49:00,Medium,AST-CSE-05-017,Exfiltration,TA0010,Open,AN-CSE-05-01,26,3,False,
AL-001900,CSE-05,2026-08-23T19:17:00,Medium,AST-CSE-05-014,Brute Force,TA0006,Open,AN-CSE-05-03,200,6,False,
AL-001901,CSE-05,2026-09-16T19:00:00,Critical,AST-CSE-05-009,Policy Violation,TA0005,Escalated,AN-CSE-05-03,66,7,True,
AL-001902,CSE-05,2026-08-24T22:04:00,Low,AST-CSE-05-027,Policy Violation,TA0005,Closed,AN-CSE-05-04,58,3,False,
AL-001903,CSE-05,2026-08-25T07:16:00,Medium,AST-CSE-05-019,Phishing,TA0001,Closed,AN-CSE-05-04,34,5,False,
AL-001904,CSE-05,2026-09-09T15:23:00,High,AST-CSE-05-014,C2 Beacon,TA0011,Closed,AN-CSE-05-01,3,0,False,
AL-001905,CSE-05,2026-09-06T08:02:00,Medium,AST-CSE-05-015,Data Access Anomaly,TA0009,Closed,AN-CSE-05-03,211,8,False,
AL-001906,CSE-05,2026-09-03T09:08:00,Medium,AST-CSE-05-019,Lateral Movement,TA0008,Open,AN-CSE-05-05,239,8,False,
AL-001907,CSE-05,2026-09-10T04:18:00,Medium,AST-CSE-05-023,Exfiltration,TA0010,Closed,AN-CSE-05-01,64,3,False,
AL-001908,CSE-05,2026-08-25T17:41:00,Medium,AST-CSE-05-020,Data Access Anomaly,TA0009,Open,AN-CSE-05-05,121,9,False,
AL-001909,CSE-05,2026-08-31T09:48:00,Medium,AST-CSE-05-017,Policy Violation,TA0005,Closed,AN-CSE-05-04,195,3,False,
AL-001910,CSE-05,2026-09-11T08:34:00,Medium,AST-CSE-05-013,Data Access Anomaly,TA0009,Closed,AN-CSE-05-04,58,4,False,
AL-001911,CSE-05,2026-09-02T03:45:00,Medium,AST-CSE-05-010,Malware,TA0002,Closed,AN-CSE-05-02,215,5,False,
AL-001912,CSE-05,2026-09-03T14:23:00,Low,AST-CSE-05-006,Lateral Movement,TA0008,Open,AN-CSE-05-05,165,3,False,
AL-001913,CSE-05,2026-08-25T03:50:00,Critical,AST-CSE-05-015,Malware,TA0002,Closed,AN-CSE-05-04,4,0,False,
AL-001914,CSE-05,2026-09-05T18:06:00,Critical,AST-CSE-05-007,Policy Violation,TA0005,Escalated,AN-CSE-05-02,120,3,True,
AL-001915,CSE-05,2026-08-29T15:44:00,Medium,AST-CSE-05-022,Malware,TA0002,Closed,AN-CSE-05-01,159,9,False,
AL-001916,CSE-05,2026-08-26T16:24:00,Low,AST-CSE-05-008,Privilege Escalation,TA0004,Closed,AN-CSE-05-05,219,7,False,
AL-001917,CSE-05,2026-09-06T11:14:00,High,AST-CSE-05-005,Phishing,TA0001,Open,AN-CSE-05-05,165,5,False,
AL-001918,CSE-05,2026-08-24T09:26:00,Low,AST-CSE-05-017,Malware,TA0002,Closed,AN-CSE-05-04,97,7,False,
AL-001919,CSE-05,2026-08-23T00:27:00,Medium,AST-CSE-05-006,Phishing,TA0001,Closed,AN-CSE-05-05,79,7,False,
AL-001920,CSE-05,2026-09-19T18:49:00,Medium,AST-CSE-05-017,Privilege Escalation,TA0004,Closed,AN-CSE-05-01,86,7,False,
AL-001921,CSE-05,2026-08-30T09:07:00,Medium,AST-CSE-05-014,Policy Violation,TA0005,Closed,AN-CSE-05-02,117,7,False,
AL-001922,CSE-05,2026-08-26T15:18:00,Medium,AST-CSE-05-010,Data Access Anomaly,TA0009,Open,AN-CSE-05-01,150,6,False,
AL-001923,CSE-05,2026-09-14T16:18:00,Medium,AST-CSE-05-027,Data Access Anomaly,TA0009,Closed,AN-CSE-05-04,149,4,False,
AL-001924,CSE-05,2026-08-29T20:18:00,Medium,AST-CSE-05-024,C2 Beacon,TA0011,Closed,AN-CSE-05-01,170,5,False,
AL-001925,CSE-05,2026-08-26T09:10:00,High,AST-CSE-05-023,Phishing,TA0001,Closed,AN-CSE-05-05,105,6,False,
AL-001926,CSE-05,2026-09-14T20:42:00,Medium,AST-CSE-05-016,Suspicious Login,TA0001,Closed,AN-CSE-05-05,105,8,False,
AL-001927,CSE-05,2026-09-05T17:09:00,Low,AST-CSE-05-012,Phishing,TA0001,Open,AN-CSE-05-04,183,3,False,
AL-001928,CSE-05,2026-09-07T23:26:00,Low,AST-CSE-05-014,Exfiltration,TA0010,Closed,AN-CSE-05-02,176,6,False,
AL-001929,CSE-05,2026-09-16T09:32:00,Medium,AST-CSE-05-009,Policy Violation,TA0005,Closed,AN-CSE-05-01,106,3,False,
AL-001930,CSE-05,2026-09-08T17:12:00,Low,AST-CSE-05-005,Brute Force,TA0006,Open,AN-CSE-05-02,124,5,False,
AL-001931,CSE-05,2026-09-02T04:43:00,Critical,AST-CSE-05-018,Brute Force,TA0006,Escalated,AN-CSE-05-05,143,4,True,
AL-001932,CSE-05,2026-09-07T20:51:00,Low,AST-CSE-05-014,Brute Force,TA0006,Closed,AN-CSE-05-05,167,3,False,
AL-001933,CSE-05,2026-09-18T02:56:00,Low,AST-CSE-05-001,Data Access Anomaly,TA0009,Open,AN-CSE-05-02,48,7,False,
AL-001934,CSE-05,2026-08-31T15:08:00,Medium,AST-CSE-05-008,Privilege Escalation,TA0004,Closed,AN-CSE-05-02,72,8,False,
AL-001935,CSE-05,2026-08-27T22:03:00,High,AST-CSE-05-004,Lateral Movement,TA0008,Closed,AN-CSE-05-01,78,3,False,
AL-001936,CSE-05,2026-09-08T01:11:00,Medium,AST-CSE-05-011,Suspicious Login,TA0001,Closed,AN-CSE-05-01,112,5,False,
AL-001937,CSE-05,2026-09-01T08:33:00,Medium,AST-CSE-05-016,Brute Force,TA0006,Closed,AN-CSE-05-03,69,8,False,
AL-001938,CSE-05,2026-09-06T23:06:00,Low,AST-CSE-05-009,Malware,TA0002,Open,AN-CSE-05-01,209,6,False,
AL-001939,CSE-05,2026-09-11T16:26:00,High,AST-CSE-05-003,Suspicious Login,TA0001,Closed,AN-CSE-05-05,2,0,False,
AL-001940,CSE-05,2026-09-03T07:54:00,Medium,AST-CSE-05-028,C2 Beacon,TA0011,Open,AN-CSE-05-03,89,6,False,
AL-001941,CSE-05,2026-08-25T01:21:00,Low,AST-CSE-05-028,Phishing,TA0001,Closed,AN-CSE-05-02,180,6,False,
AL-001942,CSE-05,2026-09-02T16:09:00,Medium,AST-CSE-05-018,C2 Beacon,TA0011,Open,AN-CSE-05-02,168,6,False,
AL-001943,CSE-05,2026-08-21T19:36:00,Medium,AST-CSE-05-020,Suspicious Login,TA0001,Closed,AN-CSE-05-05,43,5,False,
AL-001944,CSE-05,2026-08-25T14:57:00,Low,AST-CSE-05-019,Exfiltration,TA0010,Open,AN-CSE-05-01,54,8,False,
AL-001945,CSE-05,2026-08-29T20:37:00,Critical,AST-CSE-05-022,Brute Force,TA0006,Closed,AN-CSE-05-02,8,0,False,
AL-001946,CSE-05,2026-09-17T22:17:00,Critical,AST-CSE-05-012,Phishing,TA0001,Escalated,AN-CSE-05-01,167,7,True,
AL-001947,CSE-05,2026-09-10T04:34:00,High,AST-CSE-05-018,C2 Beacon,TA0011,Closed,AN-CSE-05-02,163,5,False,
AL-001948,CSE-05,2026-09-05T11:57:00,Critical,AST-CSE-05-012,Data Access Anomaly,TA0009,Escalated,AN-CSE-05-01,161,5,True,
AL-001949,CSE-05,2026-09-12T06:57:00,Low,AST-CSE-05-010,Suspicious Login,TA0001,Closed,AN-CSE-05-03,116,8,False,
AL-001950,CSE-05,2026-09-06T20:34:00,Medium,AST-CSE-05-026,Suspicious Login,TA0001,Closed,AN-CSE-05-01,131,5,False,
AL-001951,CSE-05,2026-08-24T00:29:00,Medium,AST-CSE-05-001,Exfiltration,TA0010,Closed,AN-CSE-05-04,27,7,False,
AL-001952,CSE-05,2026-09-13T05:10:00,Low,AST-CSE-05-026,Exfiltration,TA0010,Closed,AN-CSE-05-05,27,6,False,
AL-001953,CSE-05,2026-09-07T23:10:00,High,AST-CSE-05-008,Privilege Escalation,TA0004,Closed,AN-CSE-05-02,4,1,False,
AL-001954,CSE-05,2026-09-07T15:39:00,Critical,AST-CSE-05-011,Exfiltration,TA0010,Closed,AN-CSE-05-05,5,0,False,
AL-001955,CSE-05,2026-09-15T08:49:00,High,AST-CSE-05-001,C2 Beacon,TA0011,Closed,AN-CSE-05-02,130,6,False,
AL-001956,CSE-05,2026-09-16T01:21:00,Medium,AST-CSE-05-023,Policy Violation,TA0005,Closed,AN-CSE-05-01,46,3,False,
AL-001957,CSE-05,2026-08-21T19:08:00,High,AST-CSE-05-009,Phishing,TA0001,Closed,AN-CSE-05-03,147,8,False,
AL-001958,CSE-05,2026-09-03T11:54:00,Low,AST-CSE-05-002,Malware,TA0002,Open,AN-CSE-05-04,121,6,False,
AL-001959,CSE-05,2026-08-24T09:49:00,High,AST-CSE-05-016,Suspicious Login,TA0001,Closed,AN-CSE-05-05,106,6,False,
AL-001960,CSE-05,2026-08-28T22:10:00,Medium,AST-CSE-05-026,Exfiltration,TA0010,Closed,AN-CSE-05-03,183,9,False,
AL-001961,CSE-05,2026-08-22T06:57:00,Low,AST-CSE-05-003,Brute Force,TA0006,Closed,AN-CSE-05-02,78,8,False,
AL-001962,CSE-05,2026-08-28T17:14:00,Medium,AST-CSE-05-011,Lateral Movement,TA0008,Closed,AN-CSE-05-04,156,3,False,
AL-001963,CSE-05,2026-08-31T06:37:00,Low,AST-CSE-05-018,Privilege Escalation,TA0004,Closed,AN-CSE-05-03,64,5,False,
AL-001964,CSE-05,2026-09-12T19:40:00,Low,AST-CSE-05-004,Suspicious Login,TA0001,Closed,AN-CSE-05-03,212,5,False,
AL-001965,CSE-05,2026-08-31T00:42:00,High,AST-CSE-05-002,C2 Beacon,TA0011,Closed,AN-CSE-05-04,52,9,False,
AL-001966,CSE-05,2026-09-14T07:01:00,High,AST-CSE-05-028,Phishing,TA0001,Open,AN-CSE-05-04,152,7,False,
AL-001967,CSE-05,2026-08-31T12:08:00,Low,AST-CSE-05-024,Policy Violation,TA0005,Closed,AN-CSE-05-01,218,6,False,
AL-001968,CSE-05,2026-08-29T12:50:00,Medium,AST-CSE-05-008,Exfiltration,TA0010,Open,AN-CSE-05-04,69,9,False,
AL-001969,CSE-05,2026-08-25T09:03:00,Low,AST-CSE-05-018,C2 Beacon,TA0011,Open,AN-CSE-05-04,23,8,False,
AL-001970,CSE-05,2026-09-08T04:08:00,Medium,AST-CSE-05-002,Phishing,TA0001,Closed,AN-CSE-05-01,202,8,False,
AL-001971,CSE-05,2026-08-26T04:40:00,Medium,AST-CSE-05-002,C2 Beacon,TA0011,Open,AN-CSE-05-05,57,5,False,
AL-001972,CSE-05,2026-08-23T03:00:00,Low,AST-CSE-05-008,Privilege Escalation,TA0004,Open,AN-CSE-05-01,240,8,False,
AL-001973,CSE-05,2026-08-28T23:32:00,Medium,AST-CSE-05-024,Phishing,TA0001,Closed,AN-CSE-05-04,151,3,False,
AL-001974,CSE-05,2026-09-11T14:37:00,Medium,AST-CSE-05-012,Brute Force,TA0006,Open,AN-CSE-05-03,33,9,False,
AL-001975,CSE-05,2026-08-29T09:30:00,Low,AST-CSE-05-007,Suspicious Login,TA0001,Open,AN-CSE-05-05,135,8,False,
AL-001976,CSE-05,2026-08-30T12:18:00,Medium,AST-CSE-05-004,Malware,TA0002,Closed,AN-CSE-05-03,172,3,False,
AL-001977,CSE-05,2026-09-03T14:44:00,Low,AST-CSE-05-018,Policy Violation,TA0005,Open,AN-CSE-05-05,225,7,False,
AL-001978,CSE-05,2026-09-03T19:11:00,Low,AST-CSE-05-019,C2 Beacon,TA0011,Open,AN-CSE-05-02,215,8,False,
AL-001979,CSE-05,2026-09-09T20:23:00,Low,AST-CSE-05-002,Exfiltration,TA0010,Closed,AN-CSE-05-02,46,5,False,
AL-001980,CSE-05,2026-09-13T10:09:00,High,AST-CSE-05-022,Brute Force,TA0006,Closed,AN-CSE-05-01,8,1,False,
AL-001981,CSE-05,2026-09-13T18:19:00,High,AST-CSE-05-006,Exfiltration,TA0010,Closed,AN-CSE-05-02,56,7,False,
AL-001982,CSE-05,2026-09-16T08:19:00,Low,AST-CSE-05-008,Data Access Anomaly,TA0009,Closed,AN-CSE-05-05,120,9,False,
AL-001983,CSE-05,2026-09-03T19:01:00,Low,AST-CSE-05-019,Lateral Movement,TA0008,Closed,AN-CSE-05-01,162,4,False,
AL-001984,CSE-05,2026-09-17T11:49:00,Critical,AST-CSE-05-005,Phishing,TA0001,Escalated,AN-CSE-05-02,15,3,True,
AL-001985,CSE-05,2026-09-08T08:58:00,Medium,AST-CSE-05-017,C2 Beacon,TA0011,Open,AN-CSE-05-01,181,7,False,
AL-001986,CSE-05,2026-08-29T20:15:00,Low,AST-CSE-05-028,Suspicious Login,TA0001,Closed,AN-CSE-05-04,160,3,False,
AL-001987,CSE-05,2026-09-18T02:57:00,Medium,AST-CSE-05-007,Privilege Escalation,TA0004,Open,AN-CSE-05-02,94,5,False,
AL-001988,CSE-05,2026-08-27T10:10:00,Medium,AST-CSE-05-008,Phishing,TA0001,Open,AN-CSE-05-04,220,9,False,
AL-001989,CSE-05,2026-09-10T22:05:00,High,AST-CSE-05-021,Brute Force,TA0006,Closed,AN-CSE-05-05,40,3,False,
AL-001990,CSE-05,2026-08-26T23:02:00,Medium,AST-CSE-05-007,Malware,TA0002,Closed,AN-CSE-05-02,229,9,False,
AL-001991,CSE-05,2026-08-25T09:39:00,Medium,AST-CSE-05-011,Data Access Anomaly,TA0009,Closed,AN-CSE-05-01,31,6,False,
AL-001992,CSE-05,2026-09-18T10:00:00,Medium,AST-CSE-05-022,C2 Beacon,TA0011,Closed,AN-CSE-05-04,96,9,False,
AL-001993,CSE-21,2026-09-02T19:03:00,Medium,AST-CSE-21-008,Suspicious Login,TA0001,Open,AN-CSE-21-03,140,7,False,
AL-001994,CSE-21,2026-09-20T00:09:00,Critical,AST-CSE-21-016,Data Access Anomaly,TA0009,Escalated,AN-CSE-21-03,107,6,True,
AL-001995,CSE-21,2026-09-01T04:52:00,Critical,AST-CSE-21-015,C2 Beacon,TA0011,Closed,AN-CSE-21-01,4,1,False,
AL-001996,CSE-21,2026-08-30T19:24:00,Low,AST-CSE-21-012,Policy Violation,TA0005,Closed,AN-CSE-21-03,67,6,False,
AL-001997,CSE-21,2026-09-19T17:37:00,Medium,AST-CSE-21-010,Phishing,TA0001,Closed,AN-CSE-21-01,220,6,False,
AL-001998,CSE-21,2026-09-16T21:29:00,Medium,AST-CSE-21-011,Suspicious Login,TA0001,Open,AN-CSE-21-02,43,8,False,
AL-001999,CSE-21,2026-09-01T06:10:00,Medium,AST-CSE-21-005,Policy Violation,TA0005,Open,AN-CSE-21-01,192,9,False,
AL-002000,CSE-21,2026-08-28T17:35:00,High,AST-CSE-21-005,Exfiltration,TA0010,Closed,AN-CSE-21-01,60,4,False,
AL-002001,CSE-21,2026-09-17T21:57:00,Medium,AST-CSE-21-016,Privilege Escalation,TA0004,Open,AN-CSE-21-03,87,8,False,
AL-002002,CSE-21,2026-09-16T18:38:00,Low,AST-CSE-21-012,Exfiltration,TA0010,Closed,AN-CSE-21-03,144,9,False,
AL-002003,CSE-21,2026-09-16T11:06:00,Low,AST-CSE-21-011,C2 Beacon,TA0011,Closed,AN-CSE-21-03,236,9,False,
AL-002004,CSE-21,2026-09-19T12:57:00,Low,AST-CSE-21-016,Malware,TA0002,Closed,AN-CSE-21-01,76,8,False,
AL-002005,CSE-21,2026-09-06T06:47:00,Low,AST-CSE-21-014,Exfiltration,TA0010,Open,AN-CSE-21-01,140,4,False,
AL-002006,CSE-21,2026-08-22T12:04:00,Medium,AST-CSE-21-006,Suspicious Login,TA0001,Open,AN-CSE-21-02,42,6,False,
AL-002007,CSE-21,2026-08-28T21:45:00,Low,AST-CSE-21-006,Brute Force,TA0006,Closed,AN-CSE-21-01,127,3,False,
AL-002008,CSE-21,2026-09-19T00:25:00,Medium,AST-CSE-21-012,Malware,TA0002,Closed,AN-CSE-21-03,35,3,False,
AL-002009,CSE-21,2026-08-23T21:04:00,Medium,AST-CSE-21-012,Malware,TA0002,Closed,AN-CSE-21-01,188,3,False,
AL-002010,CSE-21,2026-08-23T10:13:00,High,AST-CSE-21-006,C2 Beacon,TA0011,Open,AN-CSE-21-02,127,3,False,
AL-002011,CSE-21,2026-09-06T09:09:00,Critical,AST-CSE-21-005,Lateral Movement,TA0008,Closed,AN-CSE-21-02,18,3,False,
AL-002012,CSE-21,2026-09-10T18:15:00,Medium,AST-CSE-21-003,Suspicious Login,TA0001,Open,AN-CSE-21-02,78,9,False,
AL-002013,CSE-21,2026-09-06T17:25:00,Medium,AST-CSE-21-005,Data Access Anomaly,TA0009,Closed,AN-CSE-21-03,239,6,False,
AL-002014,CSE-21,2026-09-05T08:34:00,High,AST-CSE-21-005,Data Access Anomaly,TA0009,Open,AN-CSE-21-03,174,9,False,
AL-002015,CSE-21,2026-09-10T18:55:00,High,AST-CSE-21-005,Policy Violation,TA0005,Closed,AN-CSE-21-01,3,0,False,
AL-002016,CSE-21,2026-09-08T18:18:00,Critical,AST-CSE-21-009,Privilege Escalation,TA0004,Escalated,AN-CSE-21-03,61,3,True,
AL-002017,CSE-21,2026-08-25T12:37:00,Low,AST-CSE-21-010,Lateral Movement,TA0008,Closed,AN-CSE-21-02,215,9,False,
AL-002018,CSE-21,2026-09-18T23:05:00,Medium,AST-CSE-21-011,Brute Force,TA0006,Open,AN-CSE-21-02,131,3,False,
AL-002019,CSE-21,2026-09-03T04:15:00,High,AST-CSE-21-014,Policy Violation,TA0005,Closed,AN-CSE-21-02,5,1,False,
AL-002020,CSE-21,2026-09-07T15:06:00,Low,AST-CSE-21-006,Privilege Escalation,TA0004,Closed,AN-CSE-21-02,55,7,False,
AL-002021,CSE-21,2026-08-24T21:01:00,Critical,AST-CSE-21-011,Privilege Escalation,TA0004,Closed,AN-CSE-21-02,8,1,False,
AL-002022,CSE-21,2026-09-18T00:35:00,Medium,AST-CSE-21-015,Data Access Anomaly,TA0009,Closed,AN-CSE-21-01,66,8,False,
AL-002023,CSE-21,2026-08-23T01:54:00,Low,AST-CSE-21-002,Suspicious Login,TA0001,Open,AN-CSE-21-01,199,5,False,
AL-002024,CSE-21,2026-09-13T08:55:00,High,AST-CSE-21-001,Data Access Anomaly,TA0009,Closed,AN-CSE-21-01,144,6,False,
AL-002025,CSE-21,2026-09-10T13:32:00,Medium,AST-CSE-21-001,Brute Force,TA0006,Closed,AN-CSE-21-03,195,8,False,
AL-002026,CSE-21,2026-09-01T00:02:00,Medium,AST-CSE-21-006,Malware,TA0002,Closed,AN-CSE-21-01,88,8,False,
AL-002027,CSE-21,2026-08-30T07:49:00,Low,AST-CSE-21-006,Malware,TA0002,Open,AN-CSE-21-02,220,9,False,
AL-002028,CSE-21,2026-08-23T22:12:00,Critical,AST-CSE-21-012,Malware,TA0002,Closed,AN-CSE-21-03,3,1,False,
AL-002029,CSE-21,2026-08-28T06:02:00,High,AST-CSE-21-004,Privilege Escalation,TA0004,Closed,AN-CSE-21-02,6,1,False,
AL-002030,CSE-21,2026-09-18T20:54:00,Medium,AST-CSE-21-011,Malware,TA0002,Closed,AN-CSE-21-02,236,4,False,
AL-002031,CSE-21,2026-09-01T14:37:00,Low,AST-CSE-21-002,Privilege Escalation,TA0004,Closed,AN-CSE-21-03,79,8,False,
AL-002032,CSE-21,2026-09-10T14:21:00,Low,AST-CSE-21-002,Malware,TA0002,Closed,AN-CSE-21-01,217,8,False,
AL-002033,CSE-21,2026-09-12T00:52:00,High,AST-CSE-21-007,Data Access Anomaly,TA0009,Closed,AN-CSE-21-01,8,0,False,
AL-002034,CSE-21,2026-09-10T15:21:00,Critical,AST-CSE-21-010,Phishing,TA0001,Closed,AN-CSE-21-01,7,0,False,
AL-002035,CSE-21,2026-09-13T00:17:00,Low,AST-CSE-21-012,Privilege Escalation,TA0004,Closed,AN-CSE-21-03,31,5,False,
AL-002036,CSE-21,2026-09-04T17:24:00,Critical,AST-CSE-21-003,Malware,TA0002,Closed,AN-CSE-21-01,8,1,False,
AL-002037,CSE-21,2026-08-28T21:30:00,Medium,AST-CSE-21-002,Phishing,TA0001,Closed,AN-CSE-21-02,198,4,False,
AL-002038,CSE-21,2026-09-13T14:48:00,Low,AST-CSE-21-009,Brute Force,TA0006,Open,AN-CSE-21-03,98,7,False,
AL-002039,CSE-21,2026-09-07T20:31:00,Critical,AST-CSE-21-012,Lateral Movement,TA0008,Closed,AN-CSE-21-02,4,1,False,
AL-002040,CSE-21,2026-08-31T00:07:00,High,AST-CSE-21-011,Malware,TA0002,Closed,AN-CSE-21-01,69,6,False,
AL-002041,CSE-21,2026-09-15T02:54:00,Low,AST-CSE-21-009,Brute Force,TA0006,Closed,AN-CSE-21-02,67,7,False,
AL-002042,CSE-21,2026-09-16T04:10:00,Low,AST-CSE-21-006,Data Access Anomaly,TA0009,Closed,AN-CSE-21-01,239,3,False,
AL-002043,CSE-21,2026-08-30T22:07:00,Medium,AST-CSE-21-001,Malware,TA0002,Open,AN-CSE-21-03,82,3,False,
AL-002044,CSE-21,2026-09-20T07:04:00,High,AST-CSE-21-014,Suspicious Login,TA0001,Closed,AN-CSE-21-01,115,6,False,
AL-002045,CSE-21,2026-09-10T14:39:00,Low,AST-CSE-21-005,Data Access Anomaly,TA0009,Open,AN-CSE-21-02,164,7,False,
AL-002046,CSE-21,2026-08-24T06:55:00,Low,AST-CSE-21-015,Privilege Escalation,TA0004,Closed,AN-CSE-21-01,171,9,False,
AL-002047,CSE-21,2026-09-13T04:34:00,Medium,AST-CSE-21-010,Brute Force,TA0006,Closed,AN-CSE-21-03,65,9,False,
AL-002048,CSE-21,2026-09-04T06:56:00,Medium,AST-CSE-21-005,Policy Violation,TA0005,Open,AN-CSE-21-02,138,3,False,
AL-002049,CSE-21,2026-09-17T09:09:00,Low,AST-CSE-21-005,Malware,TA0002,Open,AN-CSE-21-02,77,8,False,
AL-002050,CSE-21,2026-08-29T06:54:00,High,AST-CSE-21-001,Brute Force,TA0006,Closed,AN-CSE-21-03,4,0,False,
AL-002051,CSE-21,2026-09-03T17:02:00,Low,AST-CSE-21-012,Suspicious Login,TA0001,Open,AN-CSE-21-02,195,5,False,
AL-002052,CSE-21,2026-09-16T19:33:00,High,AST-CSE-21-004,C2 Beacon,TA0011,Open,AN-CSE-21-01,100,7,False,
AL-002053,CSE-21,2026-09-01T12:31:00,Low,AST-CSE-21-003,Data Access Anomaly,TA0009,Open,AN-CSE-21-03,62,8,False,
AL-002054,CSE-21,2026-09-18T13:57:00,Medium,AST-CSE-21-004,C2 Beacon,TA0011,Open,AN-CSE-21-02,142,7,False,
AL-002055,CSE-21,2026-09-07T16:51:00,Medium,AST-CSE-21-007,Phishing,TA0001,Open,AN-CSE-21-03,142,4,False,
AL-002056,CSE-21,2026-09-11T10:18:00,Low,AST-CSE-21-009,Privilege Escalation,TA0004,Open,AN-CSE-21-01,55,4,False,
AL-002057,CSE-21,2026-09-14T18:47:00,Critical,AST-CSE-21-016,Brute Force,TA0006,Closed,AN-CSE-21-03,47,8,False,
AL-002058,CSE-21,2026-09-18T03:43:00,Critical,AST-CSE-21-005,Brute Force,TA0006,Closed,AN-CSE-21-02,5,0,False,
AL-002059,CSE-21,2026-09-08T17:22:00,Medium,AST-CSE-21-004,Phishing,TA0001,Closed,AN-CSE-21-03,22,8,False,
AL-002060,CSE-21,2026-09-14T10:43:00,Critical,AST-CSE-21-001,Brute Force,TA0006,Closed,AN-CSE-21-03,5,0,False,
AL-002061,CSE-21,2026-08-24T07:16:00,Medium,AST-CSE-21-005,Policy Violation,TA0005,Closed,AN-CSE-21-01,203,4,False,
AL-002062,CSE-21,2026-09-10T10:34:00,High,AST-CSE-21-005,Suspicious Login,TA0001,Closed,AN-CSE-21-02,15,8,False,
AL-002063,CSE-21,2026-08-24T21:31:00,High,AST-CSE-21-012,Data Access Anomaly,TA0009,Open,AN-CSE-21-02,164,3,False,
AL-002064,CSE-21,2026-08-30T11:19:00,Low,AST-CSE-21-008,Brute Force,TA0006,Open,AN-CSE-21-01,42,6,False,
AL-002065,CSE-21,2026-08-23T16:58:00,Medium,AST-CSE-21-003,Policy Violation,TA0005,Closed,AN-CSE-21-01,155,4,False,
AL-002066,CSE-21,2026-08-27T18:08:00,High,AST-CSE-21-001,Exfiltration,TA0010,Closed,AN-CSE-21-02,114,6,False,
AL-002067,CSE-21,2026-08-24T05:53:00,High,AST-CSE-21-005,Data Access Anomaly,TA0009,Closed,AN-CSE-21-02,143,3,False,
AL-002068,CSE-21,2026-08-24T22:07:00,Low,AST-CSE-21-013,Suspicious Login,TA0001,Closed,AN-CSE-21-02,212,3,False,
AL-002069,CSE-21,2026-09-17T17:28:00,Low,AST-CSE-21-008,C2 Beacon,TA0011,Open,AN-CSE-21-02,35,5,False,
AL-002070,CSE-21,2026-09-18T21:33:00,Medium,AST-CSE-21-010,Exfiltration,TA0010,Open,AN-CSE-21-02,195,5,False,
AL-002071,CSE-21,2026-09-09T11:41:00,Medium,AST-CSE-21-007,Lateral Movement,TA0008,Closed,AN-CSE-21-03,62,6,False,
AL-002072,CSE-21,2026-09-07T08:55:00,Medium,AST-CSE-21-005,Brute Force,TA0006,Closed,AN-CSE-21-02,85,4,False,
AL-002073,CSE-21,2026-09-02T13:40:00,Low,AST-CSE-21-005,Privilege Escalation,TA0004,Open,AN-CSE-21-02,45,8,False,
AL-002074,CSE-21,2026-08-31T14:21:00,Low,AST-CSE-21-002,Suspicious Login,TA0001,Open,AN-CSE-21-01,124,4,False,
AL-002075,CSE-21,2026-08-29T09:18:00,Low,AST-CSE-21-008,Exfiltration,TA0010,Closed,AN-CSE-21-03,117,5,False,
AL-002076,CSE-21,2026-09-13T07:14:00,Medium,AST-CSE-21-007,Suspicious Login,TA0001,Open,AN-CSE-21-02,67,5,False,
AL-002077,CSE-21,2026-09-13T04:44:00,Medium,AST-CSE-21-002,Privilege Escalation,TA0004,Open,AN-CSE-21-01,28,9,False,
AL-002078,CSE-21,2026-08-25T00:06:00,Critical,AST-CSE-21-008,Phishing,TA0001,Escalated,AN-CSE-21-03,118,3,True,
AL-002079,CSE-21,2026-08-26T12:36:00,Low,AST-CSE-21-009,Privilege Escalation,TA0004,Closed,AN-CSE-21-03,88,6,False,
AL-002080,CSE-21,2026-08-22T12:09:00,Medium,AST-CSE-21-015,C2 Beacon,TA0011,Closed,AN-CSE-21-02,182,5,False,
AL-002081,CSE-21,2026-09-01T20:06:00,Medium,AST-CSE-21-012,Lateral Movement,TA0008,Open,AN-CSE-21-02,206,7,False,
AL-002082,CSE-21,2026-08-23T03:52:00,Medium,AST-CSE-21-013,Phishing,TA0001,Closed,AN-CSE-21-01,93,5,False,
AL-002083,CSE-21,2026-08-24T16:02:00,Medium,AST-CSE-21-001,Data Access Anomaly,TA0009,Closed,AN-CSE-21-02,228,5,False,
AL-002084,CSE-21,2026-08-26T00:24:00,High,AST-CSE-21-013,Data Access Anomaly,TA0009,Closed,AN-CSE-21-02,129,4,False,
AL-002085,CSE-21,2026-09-12T07:45:00,Medium,AST-CSE-21-008,Malware,TA0002,Closed,AN-CSE-21-02,170,3,False,
AL-002086,CSE-21,2026-08-25T02:57:00,High,AST-CSE-21-006,C2 Beacon,TA0011,Closed,AN-CSE-21-03,5,0,False,
AL-002087,CSE-21,2026-09-11T01:04:00,Low,AST-CSE-21-006,C2 Beacon,TA0011,Closed,AN-CSE-21-02,227,3,False,
AL-002088,CSE-21,2026-09-06T04:54:00,Medium,AST-CSE-21-014,Lateral Movement,TA0008,Open,AN-CSE-21-03,27,7,False,
AL-002089,CSE-21,2026-08-25T00:02:00,Low,AST-CSE-21-004,Policy Violation,TA0005,Closed,AN-CSE-21-01,50,3,False,
AL-002090,CSE-21,2026-09-03T03:40:00,Low,AST-CSE-21-015,Phishing,TA0001,Closed,AN-CSE-21-01,228,8,False,
AL-002091,CSE-21,2026-09-03T21:44:00,Low,AST-CSE-21-006,C2 Beacon,TA0011,Closed,AN-CSE-21-02,186,8,False,
AL-002092,CSE-21,2026-08-31T06:05:00,Medium,AST-CSE-21-002,Phishing,TA0001,Open,AN-CSE-21-03,193,3,False,
AL-002093,CSE-21,2026-08-25T07:46:00,Low,AST-CSE-21-014,Privilege Escalation,TA0004,Closed,AN-CSE-21-02,53,7,False,
AL-002094,CSE-21,2026-09-13T22:00:00,Medium,AST-CSE-21-013,Privilege Escalation,TA0004,Closed,AN-CSE-21-01,35,8,False,
AL-002095,CSE-21,2026-08-21T18:56:00,Low,AST-CSE-21-012,Brute Force,TA0006,Open,AN-CSE-21-01,114,5,False,
AL-002096,CSE-21,2026-09-15T20:06:00,Critical,AST-CSE-21-002,Malware,TA0002,Escalated,AN-CSE-21-03,47,3,True,
AL-002097,CSE-21,2026-09-14T08:33:00,Medium,AST-CSE-21-011,Policy Violation,TA0005,Open,AN-CSE-21-01,78,7,False,
AL-002098,CSE-21,2026-09-03T15:16:00,Low,AST-CSE-21-004,Lateral Movement,TA0008,Closed,AN-CSE-21-01,62,3,False,
AL-002099,CSE-21,2026-09-09T00:15:00,Medium,AST-CSE-21-004,Lateral Movement,TA0008,Open,AN-CSE-21-01,120,4,False,
AL-002100,CSE-21,2026-09-01T12:20:00,Medium,AST-CSE-21-001,Data Access Anomaly,TA0009,Open,AN-CSE-21-02,108,4,False,
AL-002101,CSE-21,2026-08-22T14:17:00,Medium,AST-CSE-21-012,Data Access Anomaly,TA0009,Closed,AN-CSE-21-01,57,4,False,
AL-002102,CSE-21,2026-09-13T19:22:00,Low,AST-CSE-21-015,Lateral Movement,TA0008,Closed,AN-CSE-21-03,93,5,False,
AL-002103,CSE-21,2026-09-12T22:33:00,High,AST-CSE-21-008,Privilege Escalation,TA0004,Closed,AN-CSE-21-01,23,6,False,
AL-002104,CSE-21,2026-09-06T10:28:00,Medium,AST-CSE-21-003,Malware,TA0002,Closed,AN-CSE-21-01,147,9,False,
AL-002105,CSE-21,2026-09-17T11:29:00,Medium,AST-CSE-21-006,Lateral Movement,TA0008,Open,AN-CSE-21-01,45,5,False,
AL-002106,CSE-21,2026-08-31T06:15:00,Medium,AST-CSE-21-008,Suspicious Login,TA0001,Open,AN-CSE-21-01,146,8,False,
AL-002107,CSE-21,2026-09-11T23:30:00,Medium,AST-CSE-21-014,Exfiltration,TA0010,Closed,AN-CSE-21-01,212,5,False,
AL-002108,CSE-21,2026-09-13T13:51:00,Low,AST-CSE-21-005,Lateral Movement,TA0008,Closed,AN-CSE-21-01,202,7,False,
AL-002109,CSE-21,2026-09-16T00:25:00,Medium,AST-CSE-21-004,Data Access Anomaly,TA0009,Open,AN-CSE-21-03,164,4,False,
AL-002110,CSE-21,2026-09-08T23:57:00,Low,AST-CSE-21-006,Brute Force,TA0006,Closed,AN-CSE-21-02,178,5,False,
AL-002111,CSE-21,2026-09-12T15:10:00,Low,AST-CSE-21-012,Malware,TA0002,Closed,AN-CSE-21-03,224,4,False,
AL-002112,CSE-21,2026-09-07T14:10:00,Critical,AST-CSE-21-004,Suspicious Login,TA0001,Escalated,AN-CSE-21-02,75,3,True,
AL-002113,CSE-21,2026-09-11T08:19:00,Low,AST-CSE-21-011,Lateral Movement,TA0008,Closed,AN-CSE-21-03,23,8,False,
AL-002114,CSE-21,2026-08-30T10:28:00,High,AST-CSE-21-008,C2 Beacon,TA0011,Closed,AN-CSE-21-02,5,1,False,
AL-002115,CSE-21,2026-08-28T03:10:00,Critical,AST-CSE-21-012,C2 Beacon,TA0011,Escalated,AN-CSE-21-02,96,5,True,
AL-002116,CSE-21,2026-09-06T12:43:00,Medium,AST-CSE-21-006,Phishing,TA0001,Closed,AN-CSE-21-01,216,8,False,
AL-002117,CSE-21,2026-09-01T14:55:00,Medium,AST-CSE-21-011,C2 Beacon,TA0011,Open,AN-CSE-21-03,171,4,False,
AL-002118,CSE-21,2026-09-09T06:57:00,Medium,AST-CSE-21-011,Policy Violation,TA0005,Closed,AN-CSE-21-02,227,4,False,
AL-002119,CSE-21,2026-09-14T15:00:00,Medium,AST-CSE-21-009,Brute Force,TA0006,Closed,AN-CSE-21-01,186,6,False,
AL-002120,CSE-21,2026-09-18T05:24:00,High,AST-CSE-21-005,Phishing,TA0001,Closed,AN-CSE-21-01,8,1,False,
AL-002121,CSE-21,2026-09-05T23:58:00,Medium,AST-CSE-21-015,Suspicious Login,TA0001,Closed,AN-CSE-21-03,141,4,False,
AL-002122,CSE-21,2026-09-05T04:55:00,Medium,AST-CSE-21-006,C2 Beacon,TA0011,Closed,AN-CSE-21-03,67,4,False,
AL-002123,CSE-21,2026-09-09T13:24:00,Medium,AST-CSE-21-013,Malware,TA0002,Open,AN-CSE-21-03,141,8,False,
AL-002124,CSE-21,2026-08-31T05:20:00,High,AST-CSE-21-014,Privilege Escalation,TA0004,Closed,AN-CSE-21-03,94,4,False,
AL-002125,CSE-21,2026-09-14T11:28:00,Medium,AST-CSE-21-003,C2 Beacon,TA0011,Closed,AN-CSE-21-03,168,8,False,
AL-002126,CSE-21,2026-09-19T06:53:00,High,AST-CSE-21-006,Lateral Movement,TA0008,Closed,AN-CSE-21-03,21,9,False,
AL-002127,CSE-21,2026-09-10T17:20:00,Medium,AST-CSE-21-016,C2 Beacon,TA0011,Closed,AN-CSE-21-02,92,6,False,
AL-002128,CSE-21,2026-09-02T21:35:00,High,AST-CSE-21-002,Malware,TA0002,Closed,AN-CSE-21-02,126,6,False,
AL-002129,CSE-21,2026-09-06T02:04:00,Medium,AST-CSE-21-010,Data Access Anomaly,TA0009,Closed,AN-CSE-21-01,71,6,False,
AL-002130,CSE-21,2026-09-10T10:59:00,High,AST-CSE-21-014,Malware,TA0002,Closed,AN-CSE-21-02,95,8,False,
AL-002131,CSE-21,2026-08-27T23:43:00,Critical,AST-CSE-21-016,Lateral Movement,TA0008,Escalated,AN-CSE-21-03,62,6,True,
AL-002132,CSE-21,2026-09-15T17:16:00,Medium,AST-CSE-21-004,Data Access Anomaly,TA0009,Open,AN-CSE-21-02,72,3,False,
AL-002133,CSE-02,2026-09-09T19:34:00,Critical,AST-CSE-02-005,Lateral Movement,TA0008,Open,AN-CSE-02-02,137,8,False,
AL-002134,CSE-02,2026-08-22T19:23:00,Medium,AST-CSE-02-022,Suspicious Login,TA0001,Closed,AN-CSE-02-03,60,3,False,
AL-002135,CSE-02,2026-09-18T13:49:00,Medium,AST-CSE-02-025,Data Access Anomaly,TA0009,Closed,AN-CSE-02-01,214,3,False,
AL-002136,CSE-02,2026-09-04T00:48:00,Low,AST-CSE-02-011,Exfiltration,TA0010,Closed,AN-CSE-02-03,220,6,False,
AL-002137,CSE-02,2026-09-16T07:58:00,Low,AST-CSE-02-011,Policy Violation,TA0005,Open,AN-CSE-02-02,97,5,False,
AL-002138,CSE-02,2026-09-18T07:14:00,Medium,AST-CSE-02-014,Exfiltration,TA0010,Closed,AN-CSE-02-05,33,9,False,
AL-002139,CSE-02,2026-08-27T08:47:00,High,AST-CSE-02-005,Privilege Escalation,TA0004,Closed,AN-CSE-02-04,115,9,False,
AL-002140,CSE-02,2026-09-09T17:39:00,Medium,AST-CSE-02-017,Data Access Anomaly,TA0009,Closed,AN-CSE-02-04,162,6,False,
AL-002141,CSE-02,2026-09-18T03:15:00,High,AST-CSE-02-019,Data Access Anomaly,TA0009,Open,AN-CSE-02-03,63,5,False,
AL-002142,CSE-02,2026-09-18T09:46:00,Medium,AST-CSE-02-011,C2 Beacon,TA0011,Closed,AN-CSE-02-05,32,4,False,
AL-002143,CSE-02,2026-09-14T14:13:00,Low,AST-CSE-02-006,Lateral Movement,TA0008,Closed,AN-CSE-02-02,83,4,False,
AL-002144,CSE-02,2026-09-07T05:19:00,High,AST-CSE-02-015,Exfiltration,TA0010,Closed,AN-CSE-02-01,74,8,False,
AL-002145,CSE-02,2026-08-27T13:17:00,Medium,AST-CSE-02-023,Data Access Anomaly,TA0009,Closed,AN-CSE-02-04,158,9,False,
AL-002146,CSE-02,2026-08-31T01:15:00,Low,AST-CSE-02-002,Suspicious Login,TA0001,Open,AN-CSE-02-02,91,6,False,
AL-002147,CSE-02,2026-08-31T09:19:00,Low,AST-CSE-02-002,Brute Force,TA0006,Closed,AN-CSE-02-04,93,3,False,
AL-002148,CSE-02,2026-09-11T05:07:00,Low,AST-CSE-02-009,Lateral Movement,TA0008,Closed,AN-CSE-02-03,78,7,False,
AL-002149,CSE-02,2026-09-02T16:43:00,High,AST-CSE-02-002,Brute Force,TA0006,Closed,AN-CSE-02-04,61,6,False,
AL-002150,CSE-02,2026-09-15T19:51:00,High,AST-CSE-02-024,Brute Force,TA0006,Closed,AN-CSE-02-05,2,0,False,
AL-002151,CSE-02,2026-09-02T08:47:00,Medium,AST-CSE-02-001,Brute Force,TA0006,Closed,AN-CSE-02-02,78,3,False,
AL-002152,CSE-02,2026-09-06T09:14:00,Medium,AST-CSE-02-007,Exfiltration,TA0010,Closed,AN-CSE-02-01,129,9,False,
AL-002153,CSE-02,2026-09-07T07:11:00,Medium,AST-CSE-02-012,Malware,TA0002,Closed,AN-CSE-02-04,108,9,False,
AL-002154,CSE-02,2026-08-31T00:47:00,High,AST-CSE-02-008,Malware,TA0002,Open,AN-CSE-02-01,59,4,False,
AL-002155,CSE-02,2026-08-24T20:50:00,Low,AST-CSE-02-019,Suspicious Login,TA0001,Closed,AN-CSE-02-02,89,8,False,
AL-002156,CSE-02,2026-09-06T09:09:00,Medium,AST-CSE-02-002,Brute Force,TA0006,Closed,AN-CSE-02-05,224,9,False,
AL-002157,CSE-02,2026-09-14T14:09:00,Low,AST-CSE-02-003,Policy Violation,TA0005,Closed,AN-CSE-02-02,115,3,False,
AL-002158,CSE-02,2026-09-11T14:04:00,Low,AST-CSE-02-027,C2 Beacon,TA0011,Closed,AN-CSE-02-05,218,3,False,
AL-002159,CSE-02,2026-09-11T22:54:00,Medium,AST-CSE-02-021,Policy Violation,TA0005,Closed,AN-CSE-02-05,173,9,False,
AL-002160,CSE-02,2026-08-30T18:46:00,Medium,AST-CSE-02-009,Malware,TA0002,Open,AN-CSE-02-05,132,4,False,
AL-002161,CSE-02,2026-08-24T09:49:00,Medium,AST-CSE-02-016,Brute Force,TA0006,Open,AN-CSE-02-02,30,9,False,
AL-002162,CSE-02,2026-08-26T18:42:00,Medium,AST-CSE-02-026,Privilege Escalation,TA0004,Closed,AN-CSE-02-03,205,8,False,
AL-002163,CSE-02,2026-09-13T21:24:00,High,AST-CSE-02-008,Policy Violation,TA0005,Closed,AN-CSE-02-01,3,0,False,
AL-002164,CSE-02,2026-09-16T19:31:00,Low,AST-CSE-02-003,Phishing,TA0001,Open,AN-CSE-02-05,198,5,False,
AL-002165,CSE-02,2026-08-27T16:57:00,Low,AST-CSE-02-018,C2 Beacon,TA0011,Closed,AN-CSE-02-01,32,9,False,
AL-002166,CSE-02,2026-08-22T04:22:00,Low,AST-CSE-02-010,Malware,TA0002,Open,AN-CSE-02-02,170,7,False,
AL-002167,CSE-02,2026-09-09T12:04:00,High,AST-CSE-02-009,Privilege Escalation,TA0004,Closed,AN-CSE-02-01,59,4,False,
AL-002168,CSE-02,2026-09-13T04:25:00,Low,AST-CSE-02-016,C2 Beacon,TA0011,Closed,AN-CSE-02-04,25,5,False,
AL-002169,CSE-02,2026-09-14T23:17:00,High,AST-CSE-02-005,Brute Force,TA0006,Open,AN-CSE-02-03,81,7,False,
AL-002170,CSE-02,2026-08-27T13:00:00,Low,AST-CSE-02-013,Lateral Movement,TA0008,Closed,AN-CSE-02-05,71,5,False,
AL-002171,CSE-02,2026-08-25T11:41:00,Low,AST-CSE-02-010,Policy Violation,TA0005,Open,AN-CSE-02-05,147,7,False,
AL-002172,CSE-02,2026-09-06T11:09:00,Critical,AST-CSE-02-019,Privilege Escalation,TA0004,Escalated,AN-CSE-02-02,110,7,True,
AL-002173,CSE-02,2026-09-17T16:11:00,Low,AST-CSE-02-025,Suspicious Login,TA0001,Closed,AN-CSE-02-03,194,6,False,
AL-002174,CSE-02,2026-09-14T23:33:00,Low,AST-CSE-02-009,Data Access Anomaly,TA0009,Closed,AN-CSE-02-02,173,8,False,
AL-002175,CSE-02,2026-09-05T20:30:00,Medium,AST-CSE-02-014,Lateral Movement,TA0008,Open,AN-CSE-02-03,60,5,False,
AL-002176,CSE-02,2026-08-22T23:38:00,Medium,AST-CSE-02-005,Malware,TA0002,Closed,AN-CSE-02-05,227,7,False,
AL-002177,CSE-02,2026-08-22T06:51:00,Medium,AST-CSE-02-001,Privilege Escalation,TA0004,Closed,AN-CSE-02-05,38,5,False,
AL-002178,CSE-02,2026-09-10T01:12:00,High,AST-CSE-02-007,Malware,TA0002,Closed,AN-CSE-02-05,126,4,False,
AL-002179,CSE-02,2026-09-14T16:14:00,Medium,AST-CSE-02-022,Brute Force,TA0006,Closed,AN-CSE-02-03,66,3,False,
AL-002180,CSE-02,2026-09-11T16:28:00,Medium,AST-CSE-02-013,Phishing,TA0001,Closed,AN-CSE-02-01,161,5,False,
AL-002181,CSE-02,2026-09-12T15:26:00,Low,AST-CSE-02-007,Lateral Movement,TA0008,Closed,AN-CSE-02-01,166,7,False,
AL-002182,CSE-02,2026-08-31T09:49:00,Critical,AST-CSE-02-023,Brute Force,TA0006,Escalated,AN-CSE-02-02,59,9,True,
AL-002183,CSE-02,2026-08-22T08:15:00,Medium,AST-CSE-02-024,Exfiltration,TA0010,Closed,AN-CSE-02-03,131,7,False,
AL-002184,CSE-02,2026-09-11T11:54:00,Low,AST-CSE-02-018,Policy Violation,TA0005,Open,AN-CSE-02-05,103,5,False,
AL-002185,CSE-02,2026-09-11T07:07:00,Medium,AST-CSE-02-018,Malware,TA0002,Open,AN-CSE-02-01,119,4,False,
AL-002186,CSE-02,2026-09-03T20:45:00,Medium,AST-CSE-02-017,Policy Violation,TA0005,Closed,AN-CSE-02-03,218,8,False,
AL-002187,CSE-02,2026-08-23T23:13:00,Medium,AST-CSE-02-021,C2 Beacon,TA0011,Closed,AN-CSE-02-03,50,7,False,
AL-002188,CSE-02,2026-08-30T06:53:00,High,AST-CSE-02-024,Brute Force,TA0006,Closed,AN-CSE-02-05,126,9,False,
AL-002189,CSE-02,2026-09-20T02:16:00,High,AST-CSE-02-006,Phishing,TA0001,Closed,AN-CSE-02-01,56,7,False,
AL-002190,CSE-02,2026-09-17T02:14:00,Low,AST-CSE-02-018,Lateral Movement,TA0008,Open,AN-CSE-02-04,165,9,False,
AL-002191,CSE-02,2026-08-23T16:32:00,High,AST-CSE-02-028,Phishing,TA0001,Closed,AN-CSE-02-02,8,1,False,
AL-002192,CSE-02,2026-09-14T19:16:00,High,AST-CSE-02-019,Suspicious Login,TA0001,Closed,AN-CSE-02-02,155,3,False,
AL-002193,CSE-02,2026-09-19T12:16:00,Medium,AST-CSE-02-008,C2 Beacon,TA0011,Closed,AN-CSE-02-02,35,3,False,
AL-002194,CSE-02,2026-09-13T18:35:00,Medium,AST-CSE-02-007,Brute Force,TA0006,Open,AN-CSE-02-02,20,5,False,
AL-002195,CSE-02,2026-09-12T04:04:00,Low,AST-CSE-02-002,Privilege Escalation,TA0004,Closed,AN-CSE-02-05,160,8,False,
AL-002196,CSE-02,2026-08-21T22:07:00,Low,AST-CSE-02-012,Suspicious Login,TA0001,Open,AN-CSE-02-05,219,7,False,
AL-002197,CSE-02,2026-09-02T13:33:00,Medium,AST-CSE-02-002,Malware,TA0002,Closed,AN-CSE-02-02,213,6,False,
AL-002198,CSE-02,2026-09-03T05:04:00,High,AST-CSE-02-028,Lateral Movement,TA0008,Closed,AN-CSE-02-05,113,8,False,
AL-002199,CSE-02,2026-08-28T09:28:00,Medium,AST-CSE-02-007,Policy Violation,TA0005,Closed,AN-CSE-02-03,181,7,False,
AL-002200,CSE-02,2026-09-12T22:25:00,Medium,AST-CSE-02-006,C2 Beacon,TA0011,Closed,AN-CSE-02-03,47,3,False,
AL-002201,CSE-02,2026-08-26T06:48:00,Medium,AST-CSE-02-007,Brute Force,TA0006,Open,AN-CSE-02-02,59,3,False,
AL-002202,CSE-02,2026-09-13T00:03:00,Low,AST-CSE-02-018,Suspicious Login,TA0001,Closed,AN-CSE-02-02,173,8,False,
AL-002203,CSE-02,2026-08-26T12:16:00,Medium,AST-CSE-02-017,Policy Violation,TA0005,Closed,AN-CSE-02-01,143,6,False,
AL-002204,CSE-02,2026-08-30T12:37:00,Medium,AST-CSE-02-004,Malware,TA0002,Open,AN-CSE-02-05,182,7,False,
AL-002205,CSE-02,2026-09-17T16:52:00,High,AST-CSE-02-004,Exfiltration,TA0010,Closed,AN-CSE-02-04,119,3,False,
AL-002206,CSE-02,2026-09-01T22:23:00,Medium,AST-CSE-02-017,Phishing,TA0001,Closed,AN-CSE-02-05,158,8,False,
AL-002207,CSE-02,2026-08-30T11:15:00,High,AST-CSE-02-012,Policy Violation,TA0005,Closed,AN-CSE-02-02,8,1,False,
AL-002208,CSE-02,2026-08-27T06:21:00,Medium,AST-CSE-02-023,C2 Beacon,TA0011,Closed,AN-CSE-02-03,44,4,False,
AL-002209,CSE-02,2026-09-03T17:24:00,Medium,AST-CSE-02-015,Lateral Movement,TA0008,Closed,AN-CSE-02-02,77,7,False,
AL-002210,CSE-02,2026-09-19T21:13:00,Medium,AST-CSE-02-022,C2 Beacon,TA0011,Open,AN-CSE-02-03,168,9,False,
AL-002211,CSE-02,2026-09-05T07:12:00,Medium,AST-CSE-02-001,Policy Violation,TA0005,Closed,AN-CSE-02-05,171,5,False,
AL-002212,CSE-02,2026-09-07T20:59:00,Medium,AST-CSE-02-025,Policy Violation,TA0005,Closed,AN-CSE-02-05,220,7,False,
AL-002213,CSE-02,2026-09-08T14:21:00,High,AST-CSE-02-010,Policy Violation,TA0005,Open,AN-CSE-02-05,85,3,False,
AL-002214,CSE-02,2026-08-24T02:53:00,Low,AST-CSE-02-007,Data Access Anomaly,TA0009,Closed,AN-CSE-02-04,93,9,False,
AL-002215,CSE-02,2026-08-27T17:26:00,High,AST-CSE-02-017,Privilege Escalation,TA0004,Open,AN-CSE-02-05,112,5,False,
AL-002216,CSE-02,2026-09-10T11:10:00,Medium,AST-CSE-02-018,Malware,TA0002,Closed,AN-CSE-02-05,183,7,False,
AL-002217,CSE-02,2026-09-17T10:50:00,Low,AST-CSE-02-001,Privilege Escalation,TA0004,Closed,AN-CSE-02-04,137,3,False,
AL-002218,CSE-02,2026-08-23T10:59:00,Medium,AST-CSE-02-013,Exfiltration,TA0010,Closed,AN-CSE-02-05,156,9,False,
AL-002219,CSE-02,2026-09-13T11:25:00,High,AST-CSE-02-012,Suspicious Login,TA0001,Open,AN-CSE-02-05,63,9,False,
AL-002220,CSE-02,2026-09-10T14:08:00,Medium,AST-CSE-02-026,Malware,TA0002,Open,AN-CSE-02-05,178,7,False,
AL-002221,CSE-02,2026-08-28T08:25:00,Low,AST-CSE-02-016,Exfiltration,TA0010,Closed,AN-CSE-02-03,80,3,False,
AL-002222,CSE-02,2026-09-19T11:47:00,Low,AST-CSE-02-015,Privilege Escalation,TA0004,Open,AN-CSE-02-01,204,6,False,
AL-002223,CSE-02,2026-08-23T16:38:00,Medium,AST-CSE-02-013,Phishing,TA0001,Closed,AN-CSE-02-02,111,6,False,
AL-002224,CSE-02,2026-09-02T05:08:00,Medium,AST-CSE-02-004,Suspicious Login,TA0001,Closed,AN-CSE-02-04,190,9,False,
AL-002225,CSE-02,2026-09-03T20:02:00,Medium,AST-CSE-02-014,Policy Violation,TA0005,Closed,AN-CSE-02-01,155,6,False,
AL-002226,CSE-02,2026-08-31T05:33:00,Critical,AST-CSE-02-014,Malware,TA0002,Closed,AN-CSE-02-03,3,0,False,
AL-002227,CSE-02,2026-09-11T03:52:00,Low,AST-CSE-02-008,Exfiltration,TA0010,Closed,AN-CSE-02-05,31,6,False,
AL-002228,CSE-02,2026-09-02T23:08:00,Low,AST-CSE-02-009,Privilege Escalation,TA0004,Closed,AN-CSE-02-03,29,6,False,
AL-002229,CSE-02,2026-08-22T00:21:00,High,AST-CSE-02-026,Brute Force,TA0006,Closed,AN-CSE-02-05,137,4,False,
AL-002230,CSE-02,2026-08-24T06:53:00,High,AST-CSE-02-014,Brute Force,TA0006,Open,AN-CSE-02-05,75,4,False,
AL-002231,CSE-02,2026-09-20T03:29:00,Medium,AST-CSE-02-021,Exfiltration,TA0010,Open,AN-CSE-02-03,119,5,False,
AL-002232,CSE-02,2026-09-12T16:33:00,Medium,AST-CSE-02-010,Privilege Escalation,TA0004,Closed,AN-CSE-02-03,237,9,False,
AL-002233,CSE-02,2026-09-05T09:52:00,Medium,AST-CSE-02-018,Lateral Movement,TA0008,Closed,AN-CSE-02-03,109,4,False,
AL-002234,CSE-02,2026-08-28T04:35:00,Critical,AST-CSE-02-006,Data Access Anomaly,TA0009,Escalated,AN-CSE-02-02,38,9,True,
AL-002235,CSE-02,2026-08-26T15:51:00,High,AST-CSE-02-023,Policy Violation,TA0005,Closed,AN-CSE-02-04,123,9,False,
AL-002236,CSE-02,2026-09-01T00:25:00,Low,AST-CSE-02-018,Suspicious Login,TA0001,Closed,AN-CSE-02-03,102,7,False,
AL-002237,CSE-02,2026-09-11T06:17:00,Medium,AST-CSE-02-006,Brute Force,TA0006,Closed,AN-CSE-02-03,239,5,False,
AL-002238,CSE-02,2026-09-09T20:37:00,Low,AST-CSE-02-013,Phishing,TA0001,Closed,AN-CSE-02-05,37,3,False,
AL-002239,CSE-02,2026-09-19T00:41:00,Low,AST-CSE-02-002,Suspicious Login,TA0001,Closed,AN-CSE-02-05,134,6,False,
AL-002240,CSE-02,2026-09-08T15:47:00,High,AST-CSE-02-009,Policy Violation,TA0005,Closed,AN-CSE-02-03,6,1,False,
AL-002241,CSE-02,2026-08-23T12:42:00,Low,AST-CSE-02-028,Suspicious Login,TA0001,Closed,AN-CSE-02-01,236,6,False,
AL-002242,CSE-02,2026-08-25T17:31:00,Medium,AST-CSE-02-012,Data Access Anomaly,TA0009,Closed,AN-CSE-02-02,236,7,False,
AL-002243,CSE-02,2026-09-03T18:59:00,High,AST-CSE-02-002,Privilege Escalation,TA0004,Closed,AN-CSE-02-02,150,4,False,
AL-002244,CSE-02,2026-09-12T15:27:00,Low,AST-CSE-02-003,Phishing,TA0001,Open,AN-CSE-02-05,129,3,False,
AL-002245,CSE-02,2026-09-14T18:56:00,Medium,AST-CSE-02-016,Suspicious Login,TA0001,Closed,AN-CSE-02-03,142,7,False,
AL-002246,CSE-02,2026-09-02T22:49:00,Medium,AST-CSE-02-007,Malware,TA0002,Closed,AN-CSE-02-03,100,4,False,
AL-002247,CSE-02,2026-08-24T14:47:00,Medium,AST-CSE-02-015,Exfiltration,TA0010,Open,AN-CSE-02-03,143,9,False,
AL-002248,CSE-02,2026-08-24T08:38:00,Medium,AST-CSE-02-002,Phishing,TA0001,Closed,AN-CSE-02-04,68,5,False,
AL-002249,CSE-02,2026-08-27T20:32:00,Medium,AST-CSE-02-028,C2 Beacon,TA0011,Closed,AN-CSE-02-04,171,9,False,
AL-002250,CSE-02,2026-09-13T05:08:00,Low,AST-CSE-02-019,Phishing,TA0001,Closed,AN-CSE-02-04,174,7,False,
AL-002251,CSE-02,2026-08-23T01:57:00,Medium,AST-CSE-02-013,C2 Beacon,TA0011,Closed,AN-CSE-02-05,169,9,False,
AL-002252,CSE-02,2026-09-02T16:25:00,High,AST-CSE-02-023,Malware,TA0002,Open,AN-CSE-02-03,162,3,False,
AL-002253,CSE-02,2026-08-29T09:26:00,High,AST-CSE-02-008,Privilege Escalation,TA0004,Closed,AN-CSE-02-05,148,5,False,
AL-002254,CSE-02,2026-08-27T19:11:00,Medium,AST-CSE-02-006,Exfiltration,TA0010,Open,AN-CSE-02-05,212,9,False,
AL-002255,CSE-02,2026-09-06T06:25:00,Medium,AST-CSE-02-020,Policy Violation,TA0005,Open,AN-CSE-02-03,145,5,False,
AL-002256,CSE-02,2026-09-04T07:27:00,Medium,AST-CSE-02-023,Data Access Anomaly,TA0009,Closed,AN-CSE-02-01,33,4,False,
AL-002257,CSE-02,2026-09-05T12:26:00,Low,AST-CSE-02-003,Policy Violation,TA0005,Open,AN-CSE-02-05,189,9,False,
AL-002258,CSE-02,2026-09-10T19:26:00,Low,AST-CSE-02-027,Phishing,TA0001,Closed,AN-CSE-02-02,240,6,False,
AL-002259,CSE-02,2026-08-26T17:27:00,Low,AST-CSE-02-015,Malware,TA0002,Closed,AN-CSE-02-03,87,5,False,
AL-002260,CSE-02,2026-09-13T22:29:00,Low,AST-CSE-02-026,Exfiltration,TA0010,Closed,AN-CSE-02-02,120,7,False,
AL-002261,CSE-02,2026-08-31T11:47:00,Low,AST-CSE-02-003,Brute Force,TA0006,Open,AN-CSE-02-05,212,6,False,
AL-002262,CSE-02,2026-08-31T20:07:00,Medium,AST-CSE-02-004,Phishing,TA0001,Closed,AN-CSE-02-05,106,7,False,
AL-002263,CSE-02,2026-08-31T14:02:00,Low,AST-CSE-02-027,Malware,TA0002,Closed,AN-CSE-02-05,62,9,False,
AL-002264,CSE-02,2026-09-09T01:51:00,Medium,AST-CSE-02-015,Policy Violation,TA0005,Closed,AN-CSE-02-05,128,7,False,
AL-002265,CSE-02,2026-08-24T14:40:00,High,AST-CSE-02-008,Privilege Escalation,TA0004,Open,AN-CSE-02-05,20,9,False,
AL-002266,CSE-02,2026-08-30T01:48:00,Low,AST-CSE-02-015,Malware,TA0002,Open,AN-CSE-02-02,25,8,False,
AL-002267,CSE-02,2026-08-25T17:55:00,Medium,AST-CSE-02-004,Phishing,TA0001,Closed,AN-CSE-02-01,239,7,False,
AL-002268,CSE-02,2026-09-11T07:19:00,Low,AST-CSE-02-028,Data Access Anomaly,TA0009,Closed,AN-CSE-02-03,82,8,False,
AL-002269,CSE-02,2026-09-04T01:08:00,Critical,AST-CSE-02-002,Data Access Anomaly,TA0009,Closed,AN-CSE-02-05,3,0,False,
AL-002270,CSE-02,2026-09-16T02:47:00,Critical,AST-CSE-02-010,Privilege Escalation,TA0004,Open,AN-CSE-02-04,32,5,False,
AL-002271,CSE-02,2026-09-08T07:02:00,Medium,AST-CSE-02-016,Lateral Movement,TA0008,Open,AN-CSE-02-04,196,5,False,
AL-002272,CSE-02,2026-09-13T05:38:00,Medium,AST-CSE-02-024,Data Access Anomaly,TA0009,Closed,AN-CSE-02-02,35,8,False,
AL-002273,CSE-02,2026-08-23T22:55:00,Medium,AST-CSE-02-021,Privilege Escalation,TA0004,Open,AN-CSE-02-03,94,6,False,
AL-002274,CSE-02,2026-08-23T23:08:00,Medium,AST-CSE-02-008,Phishing,TA0001,Closed,AN-CSE-02-04,144,7,False,
AL-002275,CSE-02,2026-09-17T08:36:00,Low,AST-CSE-02-012,Privilege Escalation,TA0004,Closed,AN-CSE-02-03,193,7,False,
AL-002276,CSE-02,2026-08-22T04:30:00,Low,AST-CSE-02-022,Brute Force,TA0006,Closed,AN-CSE-02-04,27,9,False,
AL-002277,CSE-02,2026-08-26T15:36:00,Medium,AST-CSE-02-018,Data Access Anomaly,TA0009,Closed,AN-CSE-02-04,83,5,False,
AL-002278,CSE-02,2026-09-12T03:56:00,Medium,AST-CSE-02-017,Phishing,TA0001,Open,AN-CSE-02-04,46,7,False,
AL-002279,CSE-02,2026-09-14T01:26:00,Medium,AST-CSE-02-015,Privilege Escalation,TA0004,Closed,AN-CSE-02-03,87,3,False,
AL-002280,CSE-02,2026-09-02T19:00:00,High,AST-CSE-02-004,Malware,TA0002,Closed,AN-CSE-02-02,69,3,False,
AL-002281,CSE-02,2026-09-07T07:01:00,Medium,AST-CSE-02-005,Policy Violation,TA0005,Closed,AN-CSE-02-05,87,8,False,
AL-002282,CSE-02,2026-09-03T17:46:00,Medium,AST-CSE-02-022,Exfiltration,TA0010,Open,AN-CSE-02-05,74,3,False,
AL-002283,CSE-02,2026-09-06T20:35:00,Low,AST-CSE-02-014,Data Access Anomaly,TA0009,Open,AN-CSE-02-03,240,8,False,
AL-002284,CSE-02,2026-09-14T19:26:00,Medium,AST-CSE-02-021,Malware,TA0002,Closed,AN-CSE-02-03,150,6,False,
AL-002285,CSE-02,2026-09-09T08:06:00,Low,AST-CSE-02-028,Privilege Escalation,TA0004,Open,AN-CSE-02-02,216,5,False,
AL-002286,CSE-02,2026-09-05T08:31:00,High,AST-CSE-02-024,Policy Violation,TA0005,Closed,AN-CSE-02-03,2,1,False,
AL-002287,CSE-02,2026-09-17T08:12:00,Low,AST-CSE-02-026,Suspicious Login,TA0001,Open,AN-CSE-02-04,230,5,False,
AL-002288,CSE-02,2026-09-13T17:28:00,High,AST-CSE-02-025,Malware,TA0002,Closed,AN-CSE-02-05,9,0,False,
AL-002289,CSE-02,2026-08-28T00:28:00,Medium,AST-CSE-02-018,Policy Violation,TA0005,Closed,AN-CSE-02-02,74,6,False,
AL-002290,CSE-02,2026-08-25T03:54:00,Medium,AST-CSE-02-025,Policy Violation,TA0005,Open,AN-CSE-02-02,174,3,False,
AL-002291,CSE-02,2026-08-24T15:05:00,High,AST-CSE-02-004,Privilege Escalation,TA0004,Closed,AN-CSE-02-04,4,0,False,
AL-002292,CSE-02,2026-08-26T06:58:00,Medium,AST-CSE-02-013,Brute Force,TA0006,Closed,AN-CSE-02-03,236,4,False,
AL-002293,CSE-02,2026-08-31T00:32:00,Critical,AST-CSE-02-003,Data Access Anomaly,TA0009,Escalated,AN-CSE-02-04,83,9,True,
AL-002294,CSE-02,2026-09-04T13:23:00,Low,AST-CSE-02-001,Malware,TA0002,Closed,AN-CSE-02-03,75,4,False,
AL-002295,CSE-02,2026-08-31T09:57:00,Low,AST-CSE-02-012,Lateral Movement,TA0008,Closed,AN-CSE-02-05,177,5,False,
AL-002296,CSE-02,2026-09-11T18:31:00,High,AST-CSE-02-021,Brute Force,TA0006,Closed,AN-CSE-02-01,157,6,False,
AL-002297,CSE-02,2026-08-23T17:34:00,Low,AST-CSE-02-024,C2 Beacon,TA0011,Closed,AN-CSE-02-02,115,3,False,
AL-002298,CSE-02,2026-09-15T03:00:00,Low,AST-CSE-02-027,Exfiltration,TA0010,Open,AN-CSE-02-03,197,8,False,
AL-002299,CSE-02,2026-09-16T18:07:00,Medium,AST-CSE-02-007,Brute Force,TA0006,Closed,AN-CSE-02-05,69,5,False,
AL-002300,CSE-02,2026-09-08T05:57:00,High,AST-CSE-02-017,C2 Beacon,TA0011,Closed,AN-CSE-02-04,154,6,False,
AL-002301,CSE-02,2026-08-22T07:11:00,Critical,AST-CSE-02-023,Brute Force,TA0006,Escalated,AN-CSE-02-01,100,9,True,
AL-002302,CSE-02,2026-09-17T17:37:00,Low,AST-CSE-02-013,C2 Beacon,TA0011,Closed,AN-CSE-02-02,159,7,False,
AL-002303,CSE-02,2026-09-01T01:59:00,Medium,AST-CSE-02-001,Privilege Escalation,TA0004,Closed,AN-CSE-02-01,82,4,False,
AL-002304,CSE-02,2026-09-19T21:47:00,Low,AST-CSE-02-026,Data Access Anomaly,TA0009,Closed,AN-CSE-02-05,68,9,False,
AL-002305,CSE-02,2026-09-18T08:47:00,High,AST-CSE-02-021,Policy Violation,TA0005,Closed,AN-CSE-02-05,2,1,False,
AL-002306,CSE-02,2026-09-15T08:59:00,Medium,AST-CSE-02-003,C2 Beacon,TA0011,Closed,AN-CSE-02-03,201,9,False,
AL-002307,CSE-02,2026-09-05T08:24:00,Low,AST-CSE-02-024,C2 Beacon,TA0011,Closed,AN-CSE-02-02,37,6,False,
AL-002308,CSE-02,2026-09-07T10:51:00,Medium,AST-CSE-02-015,Exfiltration,TA0010,Closed,AN-CSE-02-02,95,9,False,
AL-002309,CSE-02,2026-08-31T00:00:00,High,AST-CSE-02-006,Privilege Escalation,TA0004,Closed,AN-CSE-02-02,69,7,False,
AL-002310,CSE-02,2026-08-27T14:14:00,High,AST-CSE-02-025,Phishing,TA0001,Closed,AN-CSE-02-01,93,8,False,
AL-002311,CSE-02,2026-09-07T16:59:00,Low,AST-CSE-02-026,Policy Violation,TA0005,Open,AN-CSE-02-02,127,8,False,
AL-002312,CSE-02,2026-08-22T07:30:00,High,AST-CSE-02-012,Privilege Escalation,TA0004,Closed,AN-CSE-02-04,134,7,False,
AL-002313,CSE-02,2026-08-30T07:43:00,Critical,AST-CSE-02-024,Suspicious Login,TA0001,Closed,AN-CSE-02-03,7,1,False,
AL-002314,CSE-02,2026-09-17T08:24:00,Critical,AST-CSE-02-004,C2 Beacon,TA0011,Closed,AN-CSE-02-01,152,7,False,
AL-002315,CSE-02,2026-09-07T13:42:00,Medium,AST-CSE-02-006,C2 Beacon,TA0011,Closed,AN-CSE-02-05,125,5,False,
AL-002316,CSE-02,2026-08-21T19:17:00,Low,AST-CSE-02-018,C2 Beacon,TA0011,Closed,AN-CSE-02-04,138,6,False,
AL-002317,CSE-02,2026-09-10T21:44:00,Medium,AST-CSE-02-001,Suspicious Login,TA0001,Open,AN-CSE-02-01,79,6,False,
AL-002318,CSE-02,2026-09-16T17:58:00,Low,AST-CSE-02-018,Phishing,TA0001,Closed,AN-CSE-02-04,236,7,False,
AL-002319,CSE-02,2026-09-18T23:24:00,Medium,AST-CSE-02-003,C2 Beacon,TA0011,Closed,AN-CSE-02-05,216,4,False,
AL-002320,CSE-02,2026-08-26T01:46:00,Low,AST-CSE-02-020,Brute Force,TA0006,Closed,AN-CSE-02-03,150,6,False,
AL-002321,CSE-02,2026-09-17T04:24:00,Medium,AST-CSE-02-015,Malware,TA0002,Closed,AN-CSE-02-05,90,6,False,
AL-002322,CSE-02,2026-09-15T05:13:00,High,AST-CSE-02-005,Malware,TA0002,Closed,AN-CSE-02-04,52,9,False,
AL-002323,CSE-02,2026-09-14T06:00:00,Critical,AST-CSE-02-012,Privilege Escalation,TA0004,Escalated,AN-CSE-02-01,155,7,True,
AL-002324,CSE-02,2026-09-07T21:45:00,Low,AST-CSE-02-026,Exfiltration,TA0010,Open,AN-CSE-02-05,21,3,False,
AL-002325,CSE-02,2026-09-02T09:53:00,Low,AST-CSE-02-017,Data Access Anomaly,TA0009,Closed,AN-CSE-02-03,224,3,False,
AL-002326,CSE-02,2026-08-26T12:20:00,Medium,AST-CSE-02-019,Phishing,TA0001,Closed,AN-CSE-02-02,55,8,False,
AL-002327,CSE-02,2026-09-01T14:26:00,Low,AST-CSE-02-007,Policy Violation,TA0005,Open,AN-CSE-02-05,209,8,False,
AL-002328,CSE-02,2026-08-25T12:39:00,Critical,AST-CSE-02-002,C2 Beacon,TA0011,Open,AN-CSE-02-03,36,9,False,
AL-002329,CSE-02,2026-09-08T04:58:00,Low,AST-CSE-02-014,Policy Violation,TA0005,Open,AN-CSE-02-01,172,9,False,
AL-002330,CSE-02,2026-09-12T22:53:00,Low,AST-CSE-02-017,Exfiltration,TA0010,Closed,AN-CSE-02-01,82,6,False,
AL-002331,CSE-02,2026-09-10T09:18:00,Low,AST-CSE-02-004,Suspicious Login,TA0001,Closed,AN-CSE-02-05,114,8,False,
AL-002332,CSE-02,2026-09-02T02:51:00,High,AST-CSE-02-011,Suspicious Login,TA0001,Open,AN-CSE-02-01,81,9,False,
AL-002333,CSE-02,2026-09-10T04:43:00,Medium,AST-CSE-02-001,Phishing,TA0001,Closed,AN-CSE-02-04,134,5,False,
AL-002334,CSE-02,2026-09-10T17:04:00,Medium,AST-CSE-02-019,Data Access Anomaly,TA0009,Closed,AN-CSE-02-03,130,6,False,
AL-002335,CSE-02,2026-09-03T07:43:00,High,AST-CSE-02-023,Malware,TA0002,Closed,AN-CSE-02-01,3,0,False,
AL-002336,CSE-02,2026-09-01T03:00:00,Medium,AST-CSE-02-005,Lateral Movement,TA0008,Closed,AN-CSE-02-02,120,4,False,
AL-002337,CSE-02,2026-09-17T20:44:00,Medium,AST-CSE-02-017,Privilege Escalation,TA0004,Closed,AN-CSE-02-03,139,4,False,
AL-002338,CSE-02,2026-09-15T04:38:00,Medium,AST-CSE-02-021,Lateral Movement,TA0008,Closed,AN-CSE-02-04,95,3,False,
AL-002339,CSE-02,2026-09-03T07:25:00,Low,AST-CSE-02-020,Phishing,TA0001,Closed,AN-CSE-02-03,49,8,False,
AL-002340,CSE-02,2026-09-10T00:24:00,Low,AST-CSE-02-003,Brute Force,TA0006,Closed,AN-CSE-02-01,121,3,False,
AL-002341,CSE-02,2026-09-13T10:44:00,Medium,AST-CSE-02-002,Policy Violation,TA0005,Closed,AN-CSE-02-04,33,3,False,
AL-002342,CSE-02,2026-09-06T09:59:00,Medium,AST-CSE-02-018,Lateral Movement,TA0008,Closed,AN-CSE-02-01,210,4,False,
AL-002343,CSE-02,2026-08-21T15:33:00,Low,AST-CSE-02-005,Data Access Anomaly,TA0009,Open,AN-CSE-02-01,52,3,False,
AL-002344,CSE-02,2026-09-19T20:13:00,Low,AST-CSE-02-009,Suspicious Login,TA0001,Open,AN-CSE-02-04,103,4,False,
AL-002345,CSE-02,2026-08-28T10:04:00,Medium,AST-CSE-02-025,Exfiltration,TA0010,Closed,AN-CSE-02-03,56,6,False,
AL-002346,CSE-02,2026-09-20T08:21:00,Medium,AST-CSE-02-008,Exfiltration,TA0010,Closed,AN-CSE-02-01,21,5,False,
AL-002347,CSE-02,2026-09-10T20:06:00,Low,AST-CSE-02-024,Lateral Movement,TA0008,Closed,AN-CSE-02-02,109,7,False,
AL-002348,CSE-02,2026-09-03T06:50:00,Low,AST-CSE-02-003,Policy Violation,TA0005,Closed,AN-CSE-02-03,211,8,False,
AL-002349,CSE-02,2026-09-14T23:32:00,Medium,AST-CSE-02-027,Policy Violation,TA0005,Open,AN-CSE-02-01,236,6,False,
AL-002350,CSE-02,2026-08-21T13:10:00,Low,AST-CSE-02-026,C2 Beacon,TA0011,Closed,AN-CSE-02-04,239,4,False,
AL-002351,CSE-02,2026-08-22T22:06:00,Low,AST-CSE-02-003,Data Access Anomaly,TA0009,Closed,AN-CSE-02-05,239,9,False,
AL-002352,CSE-02,2026-09-06T09:18:00,Medium,AST-CSE-02-026,Data Access Anomaly,TA0009,Closed,AN-CSE-02-02,183,4,False,
AL-002353,CSE-02,2026-08-22T08:09:00,Medium,AST-CSE-02-001,Malware,TA0002,Closed,AN-CSE-02-05,164,6,False,
AL-002354,CSE-02,2026-08-24T03:09:00,High,AST-CSE-02-005,Brute Force,TA0006,Closed,AN-CSE-02-02,93,8,False,
AL-002355,CSE-02,2026-09-17T07:55:00,Medium,AST-CSE-02-024,C2 Beacon,TA0011,Closed,AN-CSE-02-03,130,9,False,
AL-002356,CSE-02,2026-09-11T17:10:00,High,AST-CSE-02-020,Privilege Escalation,TA0004,Open,AN-CSE-02-02,117,8,False,
AL-002357,CSE-02,2026-09-18T08:54:00,Medium,AST-CSE-02-009,Exfiltration,TA0010,Open,AN-CSE-02-05,70,7,False,
AL-002358,CSE-02,2026-09-13T11:06:00,High,AST-CSE-02-003,Suspicious Login,TA0001,Open,AN-CSE-02-04,72,5,False,
AL-002359,CSE-02,2026-08-23T19:09:00,Medium,AST-CSE-02-019,Exfiltration,TA0010,Closed,AN-CSE-02-02,155,7,False,
AL-002360,CSE-02,2026-09-07T23:44:00,Medium,AST-CSE-02-019,C2 Beacon,TA0011,Closed,AN-CSE-02-01,45,9,False,
AL-002361,CSE-02,2026-08-25T00:41:00,High,AST-CSE-02-002,Brute Force,TA0006,Open,AN-CSE-02-02,86,3,False,
AL-002362,CSE-02,2026-09-16T13:35:00,Low,AST-CSE-02-006,Lateral Movement,TA0008,Closed,AN-CSE-02-01,210,7,False,
AL-002363,CSE-02,2026-09-16T13:14:00,Medium,AST-CSE-02-001,Lateral Movement,TA0008,Closed,AN-CSE-02-05,34,4,False,
AL-002364,CSE-02,2026-09-05T18:08:00,High,AST-CSE-02-002,Lateral Movement,TA0008,Closed,AN-CSE-02-05,27,3,False,
AL-002365,CSE-02,2026-09-20T05:41:00,Critical,AST-CSE-02-026,Exfiltration,TA0010,Closed,AN-CSE-02-04,5,0,False,
AL-002366,CSE-02,2026-09-01T21:12:00,Low,AST-CSE-02-025,Policy Violation,TA0005,Closed,AN-CSE-02-05,219,8,False,
AL-002367,CSE-02,2026-09-16T00:17:00,Low,AST-CSE-02-021,C2 Beacon,TA0011,Open,AN-CSE-02-05,33,8,False,
AL-002368,CSE-02,2026-09-10T15:31:00,Medium,AST-CSE-02-009,Phishing,TA0001,Open,AN-CSE-02-05,113,3,False,
AL-002369,CSE-02,2026-09-06T01:46:00,High,AST-CSE-02-004,Phishing,TA0001,Closed,AN-CSE-02-03,45,3,False,
AL-002370,CSE-02,2026-08-23T21:27:00,Medium,AST-CSE-02-006,Suspicious Login,TA0001,Open,AN-CSE-02-01,219,6,False,
AL-002371,CSE-02,2026-09-06T08:34:00,Low,AST-CSE-02-025,Malware,TA0002,Open,AN-CSE-02-01,161,8,False,
AL-002372,CSE-02,2026-08-25T07:52:00,Medium,AST-CSE-02-004,Data Access Anomaly,TA0009,Open,AN-CSE-02-02,214,7,False,
AL-002373,CSE-02,2026-08-27T08:26:00,Medium,AST-CSE-02-013,Exfiltration,TA0010,Closed,AN-CSE-02-02,234,4,False,
AL-002374,CSE-02,2026-09-17T11:49:00,Medium,AST-CSE-02-015,C2 Beacon,TA0011,Open,AN-CSE-02-03,192,8,False,
AL-002375,CSE-02,2026-09-05T19:58:00,Low,AST-CSE-02-018,Privilege Escalation,TA0004,Closed,AN-CSE-02-01,85,8,False,
AL-002376,CSE-02,2026-09-08T06:50:00,High,AST-CSE-02-007,Brute Force,TA0006,Closed,AN-CSE-02-01,24,9,False,
AL-002377,CSE-02,2026-08-23T21:44:00,Medium,AST-CSE-02-020,C2 Beacon,TA0011,Closed,AN-CSE-02-04,25,6,False,
AL-002378,CSE-02,2026-08-31T13:53:00,Critical,AST-CSE-02-022,Privilege Escalation,TA0004,Escalated,AN-CSE-02-02,108,8,True,
AL-002379,CSE-02,2026-08-28T08:07:00,Medium,AST-CSE-02-005,Phishing,TA0001,Closed,AN-CSE-02-04,230,4,False,
AL-002380,CSE-02,2026-09-20T05:48:00,Medium,AST-CSE-02-003,Malware,TA0002,Open,AN-CSE-02-03,228,8,False,
AL-002381,CSE-02,2026-09-15T02:06:00,Low,AST-CSE-02-025,Exfiltration,TA0010,Open,AN-CSE-02-02,197,3,False,
AL-002382,CSE-02,2026-09-10T18:06:00,Medium,AST-CSE-02-018,Lateral Movement,TA0008,Closed,AN-CSE-02-03,76,3,False,
AL-002383,CSE-02,2026-09-01T09:08:00,Low,AST-CSE-02-010,Phishing,TA0001,Closed,AN-CSE-02-01,78,3,False,
AL-002384,CSE-02,2026-09-07T20:14:00,Low,AST-CSE-02-004,Privilege Escalation,TA0004,Closed,AN-CSE-02-03,202,7,False,
AL-002385,CSE-02,2026-08-26T04:46:00,Medium,AST-CSE-02-023,Exfiltration,TA0010,Open,AN-CSE-02-05,79,5,False,
AL-002386,CSE-02,2026-09-20T08:04:00,Critical,AST-CSE-02-003,Phishing,TA0001,Closed,AN-CSE-02-03,8,1,False,
AL-002387,CSE-02,2026-08-24T17:10:00,Medium,AST-CSE-02-025,Brute Force,TA0006,Closed,AN-CSE-02-04,51,5,False,
AL-002388,CSE-02,2026-08-28T08:52:00,Medium,AST-CSE-02-008,Suspicious Login,TA0001,Closed,AN-CSE-02-05,134,6,False,
AL-002389,CSE-02,2026-09-02T00:12:00,High,AST-CSE-02-026,Phishing,TA0001,Closed,AN-CSE-02-05,40,5,False,
AL-002390,CSE-02,2026-08-31T10:12:00,Medium,AST-CSE-02-009,Brute Force,TA0006,Closed,AN-CSE-02-05,78,8,False,
AL-002391,CSE-02,2026-09-10T22:12:00,Medium,AST-CSE-02-001,Brute Force,TA0006,Closed,AN-CSE-02-03,128,9,False,
AL-002392,CSE-02,2026-09-17T21:54:00,Critical,AST-CSE-02-015,Brute Force,TA0006,Escalated,AN-CSE-02-01,30,9,True,
AL-002393,CSE-09,2026-09-11T10:32:00,Medium,AST-CSE-09-006,Suspicious Login,TA0001,Closed,AN-CSE-09-02,54,3,False,
AL-002394,CSE-09,2026-09-17T13:47:00,High,AST-CSE-09-013,Lateral Movement,TA0008,Closed,AN-CSE-09-02,155,6,False,
AL-002395,CSE-09,2026-09-16T05:03:00,Medium,AST-CSE-09-014,Brute Force,TA0006,Closed,AN-CSE-09-03,149,9,False,
AL-002396,CSE-09,2026-08-29T11:09:00,Low,AST-CSE-09-002,C2 Beacon,TA0011,Open,AN-CSE-09-02,153,6,False,
AL-002397,CSE-09,2026-09-10T00:11:00,Critical,AST-CSE-09-008,Brute Force,TA0006,Escalated,AN-CSE-09-01,103,9,True,
AL-002398,CSE-09,2026-09-06T12:55:00,High,AST-CSE-09-005,Policy Violation,TA0005,Closed,AN-CSE-09-02,130,6,False,
AL-002399,CSE-09,2026-08-30T12:40:00,High,AST-CSE-09-001,Privilege Escalation,TA0004,Open,AN-CSE-09-02,136,7,False,
AL-002400,CSE-09,2026-09-09T03:50:00,Low,AST-CSE-09-015,Policy Violation,TA0005,Closed,AN-CSE-09-02,170,8,False,
AL-002401,CSE-09,2026-08-24T06:30:00,High,AST-CSE-09-008,Suspicious Login,TA0001,Closed,AN-CSE-09-01,4,1,False,
AL-002402,CSE-09,2026-09-15T06:19:00,Critical,AST-CSE-09-007,Brute Force,TA0006,Escalated,AN-CSE-09-01,42,9,True,
AL-002403,CSE-09,2026-09-04T22:22:00,Medium,AST-CSE-09-015,Privilege Escalation,TA0004,Closed,AN-CSE-09-01,47,6,False,
AL-002404,CSE-09,2026-08-22T18:37:00,High,AST-CSE-09-002,Exfiltration,TA0010,Open,AN-CSE-09-01,156,6,False,
AL-002405,CSE-09,2026-09-16T22:23:00,Medium,AST-CSE-09-008,Malware,TA0002,Closed,AN-CSE-09-01,239,9,False,
AL-002406,CSE-09,2026-08-27T22:24:00,Low,AST-CSE-09-006,Malware,TA0002,Open,AN-CSE-09-03,88,4,False,
AL-002407,CSE-09,2026-09-18T10:33:00,Medium,AST-CSE-09-013,Exfiltration,TA0010,Closed,AN-CSE-09-03,38,6,False,
AL-002408,CSE-09,2026-09-17T23:01:00,Low,AST-CSE-09-001,Lateral Movement,TA0008,Closed,AN-CSE-09-01,219,3,False,
AL-002409,CSE-09,2026-09-14T05:49:00,Medium,AST-CSE-09-001,Malware,TA0002,Closed,AN-CSE-09-02,66,5,False,
AL-002410,CSE-09,2026-09-16T21:50:00,High,AST-CSE-09-013,Data Access Anomaly,TA0009,Closed,AN-CSE-09-03,128,6,False,
AL-002411,CSE-09,2026-09-02T10:13:00,High,AST-CSE-09-001,Suspicious Login,TA0001,Closed,AN-CSE-09-02,7,1,False,
AL-002412,CSE-09,2026-08-31T12:21:00,Low,AST-CSE-09-002,Brute Force,TA0006,Closed,AN-CSE-09-03,198,7,False,
AL-002413,CSE-09,2026-09-14T20:49:00,Medium,AST-CSE-09-008,Brute Force,TA0006,Closed,AN-CSE-09-03,60,7,False,
AL-002414,CSE-09,2026-09-19T02:11:00,Medium,AST-CSE-09-013,Lateral Movement,TA0008,Closed,AN-CSE-09-03,35,4,False,
AL-002415,CSE-09,2026-09-10T06:31:00,Medium,AST-CSE-09-014,Policy Violation,TA0005,Closed,AN-CSE-09-01,97,5,False,
AL-002416,CSE-09,2026-08-30T17:37:00,Medium,AST-CSE-09-016,Exfiltration,TA0010,Open,AN-CSE-09-01,20,7,False,
AL-002417,CSE-09,2026-09-06T12:29:00,Low,AST-CSE-09-014,Exfiltration,TA0010,Closed,AN-CSE-09-02,236,9,False,
AL-002418,CSE-09,2026-08-29T13:01:00,Medium,AST-CSE-09-006,Malware,TA0002,Closed,AN-CSE-09-01,235,9,False,
AL-002419,CSE-09,2026-09-18T00:11:00,High,AST-CSE-09-002,Brute Force,TA0006,Closed,AN-CSE-09-02,5,0,False,
AL-002420,CSE-09,2026-08-22T10:23:00,Medium,AST-CSE-09-009,Exfiltration,TA0010,Closed,AN-CSE-09-01,60,5,False,
AL-002421,CSE-09,2026-09-15T04:38:00,High,AST-CSE-09-008,Lateral Movement,TA0008,Closed,AN-CSE-09-01,110,8,False,
AL-002422,CSE-09,2026-08-22T12:46:00,High,AST-CSE-09-012,Malware,TA0002,Closed,AN-CSE-09-02,23,4,False,
AL-002423,CSE-09,2026-08-27T04:48:00,Medium,AST-CSE-09-010,Lateral Movement,TA0008,Closed,AN-CSE-09-01,83,6,False,
AL-002424,CSE-09,2026-09-03T11:38:00,Critical,AST-CSE-09-014,Brute Force,TA0006,Escalated,AN-CSE-09-03,152,8,True,
AL-002425,CSE-09,2026-09-18T06:04:00,Low,AST-CSE-09-005,Exfiltration,TA0010,Open,AN-CSE-09-03,219,5,False,
AL-002426,CSE-09,2026-08-31T16:21:00,Low,AST-CSE-09-013,Privilege Escalation,TA0004,Closed,AN-CSE-09-01,50,4,False,
AL-002427,CSE-09,2026-09-04T21:41:00,High,AST-CSE-09-016,C2 Beacon,TA0011,Closed,AN-CSE-09-03,55,3,False,
AL-002428,CSE-09,2026-08-24T03:19:00,Medium,AST-CSE-09-013,Brute Force,TA0006,Open,AN-CSE-09-01,134,5,False,
AL-002429,CSE-09,2026-09-07T21:56:00,High,AST-CSE-09-004,Data Access Anomaly,TA0009,Closed,AN-CSE-09-03,138,5,False,
AL-002430,CSE-09,2026-08-24T03:30:00,Low,AST-CSE-09-013,Brute Force,TA0006,Open,AN-CSE-09-02,238,7,False,
AL-002431,CSE-09,2026-08-23T07:16:00,Medium,AST-CSE-09-013,Exfiltration,TA0010,Closed,AN-CSE-09-01,128,3,False,
AL-002432,CSE-09,2026-09-02T06:18:00,Critical,AST-CSE-09-008,Malware,TA0002,Closed,AN-CSE-09-03,6,1,False,
AL-002433,CSE-09,2026-09-14T13:54:00,Critical,AST-CSE-09-005,Exfiltration,TA0010,Escalated,AN-CSE-09-01,73,9,True,
AL-002434,CSE-09,2026-09-13T12:11:00,High,AST-CSE-09-001,Privilege Escalation,TA0004,Closed,AN-CSE-09-01,178,3,False,
AL-002435,CSE-09,2026-09-05T20:02:00,Medium,AST-CSE-09-008,Malware,TA0002,Closed,AN-CSE-09-03,55,5,False,
AL-002436,CSE-09,2026-09-12T07:51:00,Low,AST-CSE-09-005,Privilege Escalation,TA0004,Closed,AN-CSE-09-01,80,8,False,
AL-002437,CSE-09,2026-09-02T06:13:00,Low,AST-CSE-09-011,Suspicious Login,TA0001,Closed,AN-CSE-09-01,158,6,False,
AL-002438,CSE-09,2026-09-07T17:48:00,Medium,AST-CSE-09-002,C2 Beacon,TA0011,Open,AN-CSE-09-01,213,4,False,
AL-002439,CSE-09,2026-08-23T16:57:00,High,AST-CSE-09-014,Privilege Escalation,TA0004,Closed,AN-CSE-09-01,153,8,False,
AL-002440,CSE-09,2026-09-04T01:20:00,Critical,AST-CSE-09-014,Exfiltration,TA0010,Closed,AN-CSE-09-03,7,0,False,
AL-002441,CSE-09,2026-08-28T20:52:00,Low,AST-CSE-09-006,Privilege Escalation,TA0004,Open,AN-CSE-09-02,24,8,False,
AL-002442,CSE-09,2026-08-29T17:11:00,Medium,AST-CSE-09-009,C2 Beacon,TA0011,Open,AN-CSE-09-01,75,9,False,
AL-002443,CSE-09,2026-09-01T23:50:00,High,AST-CSE-09-011,Privilege Escalation,TA0004,Closed,AN-CSE-09-03,61,9,False,
AL-002444,CSE-09,2026-09-08T12:10:00,Medium,AST-CSE-09-001,Phishing,TA0001,Closed,AN-CSE-09-03,123,4,False,
AL-002445,CSE-09,2026-09-13T17:12:00,Medium,AST-CSE-09-015,Brute Force,TA0006,Closed,AN-CSE-09-02,185,3,False,
AL-002446,CSE-09,2026-09-12T09:42:00,High,AST-CSE-09-006,Brute Force,TA0006,Closed,AN-CSE-09-03,167,3,False,
AL-002447,CSE-09,2026-08-28T21:58:00,High,AST-CSE-09-014,C2 Beacon,TA0011,Closed,AN-CSE-09-01,15,5,False,
AL-002448,CSE-09,2026-09-14T06:56:00,Medium,AST-CSE-09-002,Data Access Anomaly,TA0009,Closed,AN-CSE-09-02,185,3,False,
AL-002449,CSE-09,2026-08-28T09:24:00,Critical,AST-CSE-09-008,Data Access Anomaly,TA0009,Escalated,AN-CSE-09-01,66,7,True,
AL-002450,CSE-09,2026-09-06T09:55:00,Medium,AST-CSE-09-005,Brute Force,TA0006,Open,AN-CSE-09-03,238,3,False,
AL-002451,CSE-09,2026-08-21T19:51:00,Low,AST-CSE-09-002,C2 Beacon,TA0011,Closed,AN-CSE-09-02,29,5,False,
AL-002452,CSE-09,2026-08-29T12:34:00,High,AST-CSE-09-009,C2 Beacon,TA0011,Closed,AN-CSE-09-01,126,9,False,
AL-002453,CSE-09,2026-09-03T13:38:00,High,AST-CSE-09-013,Exfiltration,TA0010,Closed,AN-CSE-09-01,98,4,False,
AL-002454,CSE-09,2026-09-17T21:08:00,Medium,AST-CSE-09-006,Lateral Movement,TA0008,Open,AN-CSE-09-02,239,4,False,
AL-002455,CSE-09,2026-08-23T05:10:00,Low,AST-CSE-09-004,Lateral Movement,TA0008,Open,AN-CSE-09-02,184,9,False,
AL-002456,CSE-09,2026-09-07T02:52:00,Low,AST-CSE-09-009,Exfiltration,TA0010,Closed,AN-CSE-09-01,119,5,False,
AL-002457,CSE-09,2026-09-13T21:49:00,Low,AST-CSE-09-010,Phishing,TA0001,Closed,AN-CSE-09-02,119,7,False,
AL-002458,CSE-09,2026-08-27T10:33:00,Low,AST-CSE-09-016,C2 Beacon,TA0011,Closed,AN-CSE-09-03,84,7,False,
AL-002459,CSE-09,2026-08-25T03:04:00,Low,AST-CSE-09-006,Data Access Anomaly,TA0009,Closed,AN-CSE-09-02,141,5,False,
AL-002460,CSE-09,2026-09-20T09:07:00,Medium,AST-CSE-09-004,Suspicious Login,TA0001,Closed,AN-CSE-09-02,164,4,False,
AL-002461,CSE-09,2026-09-15T02:25:00,Critical,AST-CSE-09-010,Brute Force,TA0006,Escalated,AN-CSE-09-01,83,9,True,
AL-002462,CSE-09,2026-09-08T22:11:00,High,AST-CSE-09-016,Brute Force,TA0006,Closed,AN-CSE-09-02,8,1,False,
AL-002463,CSE-09,2026-09-20T06:38:00,Low,AST-CSE-09-015,Data Access Anomaly,TA0009,Closed,AN-CSE-09-02,114,8,False,
AL-002464,CSE-09,2026-09-02T10:43:00,Medium,AST-CSE-09-013,Brute Force,TA0006,Closed,AN-CSE-09-03,70,7,False,
AL-002465,CSE-09,2026-09-19T16:39:00,Medium,AST-CSE-09-009,Phishing,TA0001,Closed,AN-CSE-09-01,106,8,False,
AL-002466,CSE-09,2026-09-07T12:43:00,High,AST-CSE-09-016,Exfiltration,TA0010,Closed,AN-CSE-09-01,166,7,False,
AL-002467,CSE-09,2026-09-04T18:56:00,Low,AST-CSE-09-002,Data Access Anomaly,TA0009,Closed,AN-CSE-09-02,32,5,False,
AL-002468,CSE-09,2026-09-05T19:02:00,Medium,AST-CSE-09-014,Phishing,TA0001,Closed,AN-CSE-09-03,74,6,False,
AL-002469,CSE-09,2026-08-26T21:07:00,High,AST-CSE-09-013,C2 Beacon,TA0011,Closed,AN-CSE-09-03,7,1,False,
AL-002470,CSE-09,2026-09-15T14:04:00,Low,AST-CSE-09-009,C2 Beacon,TA0011,Closed,AN-CSE-09-02,123,7,False,
AL-002471,CSE-09,2026-09-17T19:37:00,Low,AST-CSE-09-012,Exfiltration,TA0010,Closed,AN-CSE-09-03,166,3,False,
AL-002472,CSE-09,2026-08-29T06:24:00,Medium,AST-CSE-09-005,Policy Violation,TA0005,Closed,AN-CSE-09-01,152,5,False,
AL-002473,CSE-09,2026-08-24T18:36:00,Medium,AST-CSE-09-002,Policy Violation,TA0005,Closed,AN-CSE-09-01,80,5,False,
AL-002474,CSE-09,2026-09-19T04:15:00,Medium,AST-CSE-09-014,Malware,TA0002,Open,AN-CSE-09-01,128,7,False,
AL-002475,CSE-09,2026-09-04T15:32:00,Critical,AST-CSE-09-008,Lateral Movement,TA0008,Escalated,AN-CSE-09-03,118,6,True,
AL-002476,CSE-09,2026-09-14T12:49:00,Low,AST-CSE-09-004,Suspicious Login,TA0001,Open,AN-CSE-09-02,239,6,False,
AL-002477,CSE-09,2026-08-26T19:32:00,Medium,AST-CSE-09-009,Phishing,TA0001,Closed,AN-CSE-09-03,130,5,False,
AL-002478,CSE-09,2026-09-18T23:30:00,Low,AST-CSE-09-011,Data Access Anomaly,TA0009,Open,AN-CSE-09-01,72,5,False,
AL-002479,CSE-09,2026-08-23T19:12:00,Low,AST-CSE-09-006,Suspicious Login,TA0001,Closed,AN-CSE-09-02,26,8,False,
AL-002480,CSE-09,2026-08-31T02:24:00,Low,AST-CSE-09-011,Malware,TA0002,Closed,AN-CSE-09-01,50,8,False,
AL-002481,CSE-09,2026-09-02T22:12:00,Medium,AST-CSE-09-002,Exfiltration,TA0010,Closed,AN-CSE-09-03,159,9,False,
AL-002482,CSE-09,2026-09-14T06:07:00,Medium,AST-CSE-09-015,Malware,TA0002,Closed,AN-CSE-09-01,122,9,False,
AL-002483,CSE-09,2026-08-25T17:23:00,High,AST-CSE-09-001,Policy Violation,TA0005,Closed,AN-CSE-09-01,3,0,False,
AL-002484,CSE-09,2026-09-06T13:40:00,Medium,AST-CSE-09-016,Phishing,TA0001,Closed,AN-CSE-09-01,79,6,False,
AL-002485,CSE-09,2026-08-25T02:21:00,Medium,AST-CSE-09-015,Malware,TA0002,Closed,AN-CSE-09-02,170,5,False,
AL-002486,CSE-09,2026-09-01T18:17:00,Low,AST-CSE-09-001,Lateral Movement,TA0008,Closed,AN-CSE-09-03,42,8,False,
AL-002487,CSE-09,2026-08-30T16:16:00,Low,AST-CSE-09-011,Exfiltration,TA0010,Open,AN-CSE-09-01,111,9,False,
AL-002488,CSE-09,2026-09-07T16:49:00,Critical,AST-CSE-09-014,Policy Violation,TA0005,Escalated,AN-CSE-09-01,152,6,True,
AL-002489,CSE-09,2026-09-04T06:43:00,Low,AST-CSE-09-012,Exfiltration,TA0010,Closed,AN-CSE-09-01,151,8,False,
AL-002490,CSE-09,2026-08-25T13:17:00,Low,AST-CSE-09-008,Malware,TA0002,Closed,AN-CSE-09-03,205,7,False,
AL-002491,CSE-09,2026-08-22T11:36:00,Medium,AST-CSE-09-014,Policy Violation,TA0005,Open,AN-CSE-09-03,184,5,False,
AL-002492,CSE-09,2026-08-30T19:23:00,Medium,AST-CSE-09-008,Phishing,TA0001,Closed,AN-CSE-09-01,186,9,False,
AL-002493,CSE-09,2026-09-20T05:32:00,High,AST-CSE-09-005,Suspicious Login,TA0001,Closed,AN-CSE-09-01,28,7,False,
AL-002494,CSE-09,2026-08-23T10:47:00,Critical,AST-CSE-09-014,Exfiltration,TA0010,Escalated,AN-CSE-09-01,153,3,True,
AL-002495,CSE-09,2026-09-15T19:50:00,High,AST-CSE-09-003,Policy Violation,TA0005,Closed,AN-CSE-09-03,4,1,False,
AL-002496,CSE-09,2026-09-19T14:06:00,Medium,AST-CSE-09-010,Suspicious Login,TA0001,Open,AN-CSE-09-01,152,7,False,
AL-002497,CSE-09,2026-08-30T21:20:00,High,AST-CSE-09-011,Data Access Anomaly,TA0009,Closed,AN-CSE-09-02,122,7,False,
AL-002498,CSE-09,2026-08-27T16:04:00,Low,AST-CSE-09-014,Data Access Anomaly,TA0009,Closed,AN-CSE-09-02,63,9,False,
AL-002499,CSE-09,2026-09-03T10:27:00,High,AST-CSE-09-013,C2 Beacon,TA0011,Closed,AN-CSE-09-01,5,0,False,
AL-002500,CSE-09,2026-08-26T06:01:00,Medium,AST-CSE-09-015,Malware,TA0002,Closed,AN-CSE-09-02,87,5,False,
AL-002501,CSE-09,2026-09-07T15:19:00,Low,AST-CSE-09-007,Privilege Escalation,TA0004,Open,AN-CSE-09-01,105,7,False,
AL-002502,CSE-09,2026-09-19T12:13:00,High,AST-CSE-09-016,Malware,TA0002,Closed,AN-CSE-09-02,4,1,False,
AL-002503,CSE-09,2026-09-01T11:23:00,High,AST-CSE-09-006,Privilege Escalation,TA0004,Closed,AN-CSE-09-01,4,0,False,
AL-002504,CSE-09,2026-09-14T18:02:00,High,AST-CSE-09-015,Privilege Escalation,TA0004,Open,AN-CSE-09-02,118,9,False,
AL-002505,CSE-09,2026-08-30T22:00:00,Medium,AST-CSE-09-002,Lateral Movement,TA0008,Closed,AN-CSE-09-01,95,4,False,
AL-002506,CSE-09,2026-08-22T13:41:00,Low,AST-CSE-09-011,Brute Force,TA0006,Closed,AN-CSE-09-01,76,8,False,
AL-002507,CSE-09,2026-08-28T18:08:00,Low,AST-CSE-09-009,Suspicious Login,TA0001,Open,AN-CSE-09-02,219,5,False,
AL-002508,CSE-09,2026-08-24T13:43:00,Low,AST-CSE-09-001,Lateral Movement,TA0008,Open,AN-CSE-09-03,50,5,False,
AL-002509,CSE-09,2026-09-09T03:15:00,High,AST-CSE-09-015,Policy Violation,TA0005,Closed,AN-CSE-09-02,65,4,False,
AL-002510,CSE-09,2026-08-25T21:22:00,Medium,AST-CSE-09-014,Malware,TA0002,Open,AN-CSE-09-03,124,5,False,
AL-002511,CSE-09,2026-09-10T17:08:00,Medium,AST-CSE-09-003,Brute Force,TA0006,Closed,AN-CSE-09-02,238,8,False,
AL-002512,CSE-09,2026-09-14T16:27:00,Low,AST-CSE-09-005,Malware,TA0002,Open,AN-CSE-09-02,125,7,False,
AL-002513,CSE-09,2026-09-08T09:31:00,Medium,AST-CSE-09-005,Malware,TA0002,Closed,AN-CSE-09-03,65,4,False,
AL-002514,CSE-09,2026-08-21T16:18:00,Low,AST-CSE-09-013,Data Access Anomaly,TA0009,Open,AN-CSE-09-01,208,7,False,
AL-002515,CSE-09,2026-09-02T12:30:00,Medium,AST-CSE-09-008,Lateral Movement,TA0008,Closed,AN-CSE-09-02,138,8,False,
AL-002516,CSE-09,2026-08-21T23:00:00,High,AST-CSE-09-015,Data Access Anomaly,TA0009,Closed,AN-CSE-09-02,80,7,False,
AL-002517,CSE-09,2026-08-26T03:03:00,Low,AST-CSE-09-002,Suspicious Login,TA0001,Closed,AN-CSE-09-03,44,5,False,
AL-002518,CSE-09,2026-09-16T00:00:00,High,AST-CSE-09-007,Data Access Anomaly,TA0009,Closed,AN-CSE-09-01,32,5,False,
AL-002519,CSE-09,2026-09-15T16:14:00,Low,AST-CSE-09-002,Policy Violation,TA0005,Open,AN-CSE-09-03,222,5,False,
AL-002520,CSE-09,2026-08-27T17:56:00,Low,AST-CSE-09-008,Malware,TA0002,Open,AN-CSE-09-01,24,4,False,
AL-002521,CSE-09,2026-08-30T18:30:00,High,AST-CSE-09-016,Privilege Escalation,TA0004,Closed,AN-CSE-09-01,171,7,False,
AL-002522,CSE-09,2026-08-27T14:16:00,Medium,AST-CSE-09-011,C2 Beacon,TA0011,Open,AN-CSE-09-01,22,5,False,
AL-002523,CSE-09,2026-09-13T01:07:00,Medium,AST-CSE-09-005,Malware,TA0002,Closed,AN-CSE-09-01,144,6,False,
AL-002524,CSE-09,2026-09-02T16:35:00,Low,AST-CSE-09-004,Data Access Anomaly,TA0009,Open,AN-CSE-09-01,165,9,False,
AL-002525,CSE-09,2026-09-16T11:55:00,Medium,AST-CSE-09-002,Privilege Escalation,TA0004,Closed,AN-CSE-09-02,82,8,False,
AL-002526,CSE-09,2026-09-16T19:33:00,Medium,AST-CSE-09-015,Data Access Anomaly,TA0009,Open,AN-CSE-09-03,142,4,False,
AL-002527,CSE-09,2026-08-26T02:29:00,Medium,AST-CSE-09-010,Malware,TA0002,Closed,AN-CSE-09-02,61,5,False,
AL-002528,CSE-09,2026-09-01T01:06:00,Medium,AST-CSE-09-003,Lateral Movement,TA0008,Closed,AN-CSE-09-02,33,6,False,
AL-002529,CSE-09,2026-09-17T20:38:00,Medium,AST-CSE-09-016,Lateral Movement,TA0008,Open,AN-CSE-09-01,42,9,False,
AL-002530,CSE-09,2026-09-09T16:13:00,High,AST-CSE-09-006,Malware,TA0002,Closed,AN-CSE-09-03,33,7,False,
AL-002531,CSE-09,2026-09-19T05:41:00,High,AST-CSE-09-016,Lateral Movement,TA0008,Closed,AN-CSE-09-03,90,9,False,
AL-002532,CSE-09,2026-09-01T11:11:00,Medium,AST-CSE-09-009,Policy Violation,TA0005,Open,AN-CSE-09-02,26,6,False,
AL-002533,CSE-08,2026-09-02T19:00:00,Medium,AST-CSE-08-018,Malware,TA0002,Open,AN-CSE-08-03,60,7,False,
AL-002534,CSE-08,2026-09-08T02:16:00,Low,AST-CSE-08-022,Phishing,TA0001,Closed,AN-CSE-08-07,72,9,False,
AL-002535,CSE-08,2026-09-16T05:57:00,Low,AST-CSE-08-016,Privilege Escalation,TA0004,Closed,AN-CSE-08-04,139,5,False,
AL-002536,CSE-08,2026-08-23T10:12:00,Low,AST-CSE-08-002,Suspicious Login,TA0001,Open,AN-CSE-08-07,149,8,False,
AL-002537,CSE-08,2026-09-18T16:50:00,Low,AST-CSE-08-036,Policy Violation,TA0005,Open,AN-CSE-08-01,203,3,False,
AL-002538,CSE-08,2026-08-27T13:20:00,Medium,AST-CSE-08-040,Phishing,TA0001,Closed,AN-CSE-08-05,40,3,False,
AL-002539,CSE-08,2026-09-17T01:26:00,Medium,AST-CSE-08-010,C2 Beacon,TA0011,Closed,AN-CSE-08-05,163,3,False,
AL-002540,CSE-08,2026-08-30T08:53:00,High,AST-CSE-08-011,C2 Beacon,TA0011,Open,AN-CSE-08-07,131,9,False,
AL-002541,CSE-08,2026-09-12T16:03:00,Critical,AST-CSE-08-011,Brute Force,TA0006,Closed,AN-CSE-08-08,136,6,False,
AL-002542,CSE-08,2026-08-29T10:05:00,Medium,AST-CSE-08-018,Exfiltration,TA0010,Closed,AN-CSE-08-03,70,3,False,
AL-002543,CSE-08,2026-09-17T16:24:00,Medium,AST-CSE-08-005,Exfiltration,TA0010,Closed,AN-CSE-08-06,167,5,False,
AL-002544,CSE-08,2026-09-15T22:49:00,Low,AST-CSE-08-032,C2 Beacon,TA0011,Closed,AN-CSE-08-04,214,7,False,
AL-002545,CSE-08,2026-09-20T07:13:00,High,AST-CSE-08-001,Privilege Escalation,TA0004,Closed,AN-CSE-08-07,151,5,False,
AL-002546,CSE-08,2026-09-02T22:00:00,Medium,AST-CSE-08-009,Privilege Escalation,TA0004,Closed,AN-CSE-08-04,152,6,False,
AL-002547,CSE-08,2026-09-18T23:35:00,Medium,AST-CSE-08-022,Malware,TA0002,Closed,AN-CSE-08-04,22,5,False,
AL-002548,CSE-08,2026-09-17T15:20:00,Low,AST-CSE-08-009,Suspicious Login,TA0001,Open,AN-CSE-08-07,22,7,False,
AL-002549,CSE-08,2026-09-13T17:58:00,Critical,AST-CSE-08-038,Phishing,TA0001,Closed,AN-CSE-08-02,2,0,False,
AL-002550,CSE-08,2026-09-19T16:44:00,Medium,AST-CSE-08-002,Brute Force,TA0006,Closed,AN-CSE-08-06,71,9,False,
AL-002551,CSE-08,2026-09-01T00:46:00,Medium,AST-CSE-08-024,Data Access Anomaly,TA0009,Closed,AN-CSE-08-02,231,4,False,
AL-002552,CSE-08,2026-09-02T22:58:00,Medium,AST-CSE-08-003,Malware,TA0002,Closed,AN-CSE-08-03,138,5,False,
AL-002553,CSE-08,2026-09-11T15:23:00,High,AST-CSE-08-019,Privilege Escalation,TA0004,Open,AN-CSE-08-03,88,8,False,
AL-002554,CSE-08,2026-08-22T01:46:00,Low,AST-CSE-08-039,Exfiltration,TA0010,Open,AN-CSE-08-02,24,8,False,
AL-002555,CSE-08,2026-09-08T15:38:00,Medium,AST-CSE-08-008,Suspicious Login,TA0001,Closed,AN-CSE-08-04,234,9,False,
AL-002556,CSE-08,2026-09-15T06:22:00,Low,AST-CSE-08-022,C2 Beacon,TA0011,Closed,AN-CSE-08-06,146,7,False,
AL-002557,CSE-08,2026-09-08T11:45:00,Low,AST-CSE-08-004,Privilege Escalation,TA0004,Closed,AN-CSE-08-07,127,9,False,
AL-002558,CSE-08,2026-09-06T11:42:00,Medium,AST-CSE-08-020,Suspicious Login,TA0001,Closed,AN-CSE-08-08,59,9,False,
AL-002559,CSE-08,2026-09-09T09:37:00,High,AST-CSE-08-026,Malware,TA0002,Open,AN-CSE-08-06,110,4,False,
AL-002560,CSE-08,2026-08-29T12:20:00,Medium,AST-CSE-08-001,Phishing,TA0001,Closed,AN-CSE-08-02,227,3,False,
AL-002561,CSE-08,2026-09-05T17:57:00,Medium,AST-CSE-08-028,Malware,TA0002,Closed,AN-CSE-08-06,85,5,False,
AL-002562,CSE-08,2026-09-10T21:24:00,Medium,AST-CSE-08-014,Lateral Movement,TA0008,Open,AN-CSE-08-05,116,5,False,
AL-002563,CSE-08,2026-08-26T01:16:00,High,AST-CSE-08-024,Lateral Movement,TA0008,Closed,AN-CSE-08-08,96,8,False,
AL-002564,CSE-08,2026-09-17T15:01:00,Low,AST-CSE-08-008,Data Access Anomaly,TA0009,Open,AN-CSE-08-07,210,5,False,
AL-002565,CSE-08,2026-09-09T23:04:00,High,AST-CSE-08-026,Data Access Anomaly,TA0009,Open,AN-CSE-08-02,64,5,False,
AL-002566,CSE-08,2026-08-29T18:31:00,Medium,AST-CSE-08-039,Policy Violation,TA0005,Open,AN-CSE-08-07,21,5,False,
AL-002567,CSE-08,2026-09-12T12:16:00,Low,AST-CSE-08-030,Malware,TA0002,Closed,AN-CSE-08-08,225,8,False,
AL-002568,CSE-08,2026-09-19T15:54:00,High,AST-CSE-08-035,Exfiltration,TA0010,Closed,AN-CSE-08-03,169,5,False,
AL-002569,CSE-08,2026-08-24T07:16:00,High,AST-CSE-08-032,Lateral Movement,TA0008,Open,AN-CSE-08-08,49,4,False,
AL-002570,CSE-08,2026-09-14T18:02:00,High,AST-CSE-08-026,Exfiltration,TA0010,Closed,AN-CSE-08-03,56,9,False,
AL-002571,CSE-08,2026-09-01T15:49:00,Medium,AST-CSE-08-030,C2 Beacon,TA0011,Open,AN-CSE-08-05,141,4,False,
AL-002572,CSE-08,2026-08-24T01:19:00,Low,AST-CSE-08-011,Lateral Movement,TA0008,Closed,AN-CSE-08-03,81,8,False,
AL-002573,CSE-08,2026-08-29T11:56:00,High,AST-CSE-08-002,Data Access Anomaly,TA0009,Closed,AN-CSE-08-07,73,9,False,
AL-002574,CSE-08,2026-09-14T02:29:00,Medium,AST-CSE-08-034,Exfiltration,TA0010,Open,AN-CSE-08-02,154,4,False,
AL-002575,CSE-08,2026-09-10T09:39:00,Medium,AST-CSE-08-001,Policy Violation,TA0005,Closed,AN-CSE-08-05,52,6,False,
AL-002576,CSE-08,2026-08-28T16:21:00,Medium,AST-CSE-08-029,Privilege Escalation,TA0004,Closed,AN-CSE-08-02,76,3,False,
AL-002577,CSE-08,2026-09-13T05:17:00,Low,AST-CSE-08-001,C2 Beacon,TA0011,Open,AN-CSE-08-03,214,6,False,
AL-002578,CSE-08,2026-09-05T21:47:00,Medium,AST-CSE-08-010,Brute Force,TA0006,Open,AN-CSE-08-04,126,8,False,
AL-002579,CSE-08,2026-09-10T12:30:00,Medium,AST-CSE-08-003,C2 Beacon,TA0011,Closed,AN-CSE-08-01,133,3,False,
AL-002580,CSE-08,2026-09-08T10:39:00,Critical,AST-CSE-08-036,Privilege Escalation,TA0004,Escalated,AN-CSE-08-06,143,9,True,
AL-002581,CSE-08,2026-09-18T15:30:00,Low,AST-CSE-08-019,Phishing,TA0001,Closed,AN-CSE-08-05,53,6,False,
AL-002582,CSE-08,2026-08-27T00:28:00,Medium,AST-CSE-08-002,C2 Beacon,TA0011,Closed,AN-CSE-08-03,127,4,False,
AL-002583,CSE-08,2026-09-07T07:00:00,Low,AST-CSE-08-037,Malware,TA0002,Open,AN-CSE-08-01,123,4,False,
AL-002584,CSE-08,2026-08-26T03:34:00,Low,AST-CSE-08-023,C2 Beacon,TA0011,Closed,AN-CSE-08-02,134,5,False,
AL-002585,CSE-08,2026-09-14T08:27:00,Medium,AST-CSE-08-039,Policy Violation,TA0005,Open,AN-CSE-08-04,198,9,False,
AL-002586,CSE-08,2026-08-29T03:07:00,Low,AST-CSE-08-032,Data Access Anomaly,TA0009,Closed,AN-CSE-08-02,200,7,False,
AL-002587,CSE-08,2026-08-23T01:08:00,Low,AST-CSE-08-003,Data Access Anomaly,TA0009,Open,AN-CSE-08-06,92,7,False,
AL-002588,CSE-08,2026-08-26T22:42:00,Low,AST-CSE-08-014,Brute Force,TA0006,Open,AN-CSE-08-04,210,4,False,
AL-002589,CSE-08,2026-09-17T06:15:00,High,AST-CSE-08-017,C2 Beacon,TA0011,Open,AN-CSE-08-02,41,5,False,
AL-002590,CSE-08,2026-09-13T03:59:00,Low,AST-CSE-08-019,Suspicious Login,TA0001,Closed,AN-CSE-08-01,66,8,False,
AL-002591,CSE-08,2026-09-13T17:27:00,High,AST-CSE-08-028,Brute Force,TA0006,Closed,AN-CSE-08-05,6,0,False,
AL-002592,CSE-08,2026-09-05T12:28:00,Medium,AST-CSE-08-011,Privilege Escalation,TA0004,Open,AN-CSE-08-08,151,9,False,
AL-002593,CSE-08,2026-09-16T05:32:00,Low,AST-CSE-08-034,Brute Force,TA0006,Closed,AN-CSE-08-08,188,7,False,
AL-002594,CSE-08,2026-09-07T13:56:00,Medium,AST-CSE-08-005,C2 Beacon,TA0011,Open,AN-CSE-08-04,85,7,False,
AL-002595,CSE-08,2026-08-27T17:22:00,Medium,AST-CSE-08-024,C2 Beacon,TA0011,Closed,AN-CSE-08-05,212,8,False,
AL-002596,CSE-08,2026-09-01T03:24:00,Low,AST-CSE-08-033,C2 Beacon,TA0011,Closed,AN-CSE-08-07,193,7,False,
AL-002597,CSE-08,2026-09-06T07:48:00,Low,AST-CSE-08-001,Data Access Anomaly,TA0009,Open,AN-CSE-08-07,32,9,False,
AL-002598,CSE-08,2026-09-07T09:36:00,Low,AST-CSE-08-004,Data Access Anomaly,TA0009,Closed,AN-CSE-08-07,45,6,False,
AL-002599,CSE-08,2026-08-29T19:34:00,Low,AST-CSE-08-023,Privilege Escalation,TA0004,Closed,AN-CSE-08-05,190,7,False,
AL-002600,CSE-08,2026-09-08T20:38:00,Low,AST-CSE-08-021,Privilege Escalation,TA0004,Closed,AN-CSE-08-02,64,5,False,
AL-002601,CSE-08,2026-09-18T23:27:00,Critical,AST-CSE-08-028,Exfiltration,TA0010,Escalated,AN-CSE-08-08,121,9,True,
AL-002602,CSE-08,2026-09-09T09:34:00,Low,AST-CSE-08-009,Exfiltration,TA0010,Closed,AN-CSE-08-07,103,3,False,
AL-002603,CSE-08,2026-09-12T09:11:00,Low,AST-CSE-08-012,Exfiltration,TA0010,Closed,AN-CSE-08-08,21,4,False,
AL-002604,CSE-08,2026-09-02T22:59:00,Medium,AST-CSE-08-013,Suspicious Login,TA0001,Closed,AN-CSE-08-04,230,6,False,
AL-002605,CSE-08,2026-09-12T22:48:00,Critical,AST-CSE-08-005,Policy Violation,TA0005,Closed,AN-CSE-08-01,6,1,False,
AL-002606,CSE-08,2026-09-07T10:49:00,Medium,AST-CSE-08-010,Lateral Movement,TA0008,Closed,AN-CSE-08-01,105,8,False,
AL-002607,CSE-08,2026-09-13T11:22:00,Low,AST-CSE-08-035,Data Access Anomaly,TA0009,Open,AN-CSE-08-05,74,5,False,
AL-002608,CSE-08,2026-09-06T15:56:00,Medium,AST-CSE-08-038,Malware,TA0002,Open,AN-CSE-08-08,236,9,False,
AL-002609,CSE-08,2026-09-10T07:25:00,Low,AST-CSE-08-032,Brute Force,TA0006,Open,AN-CSE-08-05,112,6,False,
AL-002610,CSE-08,2026-09-10T10:31:00,Critical,AST-CSE-08-018,Suspicious Login,TA0001,Escalated,AN-CSE-08-04,111,9,True,
AL-002611,CSE-08,2026-09-19T17:40:00,Low,AST-CSE-08-020,Suspicious Login,TA0001,Closed,AN-CSE-08-08,77,7,False,
AL-002612,CSE-08,2026-08-30T18:58:00,Medium,AST-CSE-08-002,Privilege Escalation,TA0004,Closed,AN-CSE-08-03,130,3,False,
AL-002613,CSE-08,2026-08-31T10:09:00,Medium,AST-CSE-08-040,Exfiltration,TA0010,Open,AN-CSE-08-04,110,7,False,
AL-002614,CSE-08,2026-09-01T11:31:00,Medium,AST-CSE-08-009,Privilege Escalation,TA0004,Closed,AN-CSE-08-04,59,3,False,
AL-002615,CSE-08,2026-08-29T21:30:00,Low,AST-CSE-08-007,Data Access Anomaly,TA0009,Open,AN-CSE-08-05,137,5,False,
AL-002616,CSE-08,2026-09-17T19:03:00,Medium,AST-CSE-08-024,Phishing,TA0001,Open,AN-CSE-08-07,195,7,False,
AL-002617,CSE-08,2026-09-03T12:52:00,Critical,AST-CSE-08-011,Lateral Movement,TA0008,Escalated,AN-CSE-08-06,148,9,True,
AL-002618,CSE-08,2026-09-07T06:45:00,High,AST-CSE-08-033,Exfiltration,TA0010,Open,AN-CSE-08-04,124,3,False,
AL-002619,CSE-08,2026-09-01T03:50:00,Medium,AST-CSE-08-024,Suspicious Login,TA0001,Open,AN-CSE-08-08,143,5,False,
AL-002620,CSE-08,2026-09-06T05:16:00,Low,AST-CSE-08-014,Phishing,TA0001,Open,AN-CSE-08-01,66,9,False,
AL-002621,CSE-08,2026-08-25T19:01:00,Medium,AST-CSE-08-014,Phishing,TA0001,Closed,AN-CSE-08-02,148,4,False,
AL-002622,CSE-08,2026-08-25T01:24:00,Low,AST-CSE-08-010,C2 Beacon,TA0011,Closed,AN-CSE-08-05,160,7,False,
AL-002623,CSE-08,2026-09-05T12:51:00,High,AST-CSE-08-027,Brute Force,TA0006,Open,AN-CSE-08-04,45,6,False,
AL-002624,CSE-08,2026-09-16T06:46:00,Critical,AST-CSE-08-033,Data Access Anomaly,TA0009,Escalated,AN-CSE-08-08,161,3,True,
AL-002625,CSE-08,2026-08-23T13:26:00,Low,AST-CSE-08-028,Privilege Escalation,TA0004,Closed,AN-CSE-08-08,161,5,False,
AL-002626,CSE-08,2026-09-12T09:20:00,Medium,AST-CSE-08-029,Data Access Anomaly,TA0009,Closed,AN-CSE-08-08,100,5,False,
AL-002627,CSE-08,2026-08-24T18:26:00,Critical,AST-CSE-08-038,Suspicious Login,TA0001,Escalated,AN-CSE-08-01,68,6,True,
AL-002628,CSE-08,2026-09-04T16:57:00,Critical,AST-CSE-08-023,Data Access Anomaly,TA0009,Escalated,AN-CSE-08-05,170,9,True,
AL-002629,CSE-08,2026-09-03T05:28:00,Medium,AST-CSE-08-025,Brute Force,TA0006,Closed,AN-CSE-08-05,133,6,False,
AL-002630,CSE-08,2026-09-19T14:30:00,Low,AST-CSE-08-034,Malware,TA0002,Closed,AN-CSE-08-07,80,7,False,
AL-002631,CSE-08,2026-08-30T14:22:00,High,AST-CSE-08-007,Brute Force,TA0006,Closed,AN-CSE-08-01,100,8,False,
AL-002632,CSE-08,2026-08-21T17:19:00,High,AST-CSE-08-036,Suspicious Login,TA0001,Closed,AN-CSE-08-07,40,7,False,
AL-002633,CSE-08,2026-09-07T23:15:00,Critical,AST-CSE-08-002,Policy Violation,TA0005,Escalated,AN-CSE-08-01,27,6,True,
AL-002634,CSE-08,2026-09-01T18:51:00,Low,AST-CSE-08-015,Policy Violation,TA0005,Closed,AN-CSE-08-07,79,4,False,
AL-002635,CSE-08,2026-08-31T21:02:00,Medium,AST-CSE-08-033,C2 Beacon,TA0011,Closed,AN-CSE-08-01,100,3,False,
AL-002636,CSE-08,2026-08-31T22:05:00,Medium,AST-CSE-08-032,Privilege Escalation,TA0004,Closed,AN-CSE-08-04,68,5,False,
AL-002637,CSE-08,2026-09-06T04:13:00,Low,AST-CSE-08-029,Malware,TA0002,Open,AN-CSE-08-02,235,9,False,
AL-002638,CSE-08,2026-09-09T15:58:00,Medium,AST-CSE-08-014,Phishing,TA0001,Closed,AN-CSE-08-06,28,5,False,
AL-002639,CSE-08,2026-08-31T14:04:00,Medium,AST-CSE-08-006,Suspicious Login,TA0001,Closed,AN-CSE-08-04,201,9,False,
AL-002640,CSE-08,2026-09-03T18:47:00,Medium,AST-CSE-08-017,Malware,TA0002,Closed,AN-CSE-08-02,99,3,False,
AL-002641,CSE-08,2026-08-29T08:12:00,Medium,AST-CSE-08-031,Malware,TA0002,Closed,AN-CSE-08-03,185,9,False,
AL-002642,CSE-08,2026-09-06T08:40:00,Medium,AST-CSE-08-004,Lateral Movement,TA0008,Open,AN-CSE-08-07,218,7,False,
AL-002643,CSE-08,2026-09-05T21:21:00,Medium,AST-CSE-08-005,Malware,TA0002,Open,AN-CSE-08-08,56,4,False,
AL-002644,CSE-08,2026-09-04T02:44:00,Medium,AST-CSE-08-020,Exfiltration,TA0010,Closed,AN-CSE-08-07,167,9,False,
AL-002645,CSE-08,2026-09-06T12:06:00,Low,AST-CSE-08-002,Lateral Movement,TA0008,Closed,AN-CSE-08-07,228,3,False,
AL-002646,CSE-08,2026-09-01T01:30:00,Low,AST-CSE-08-028,Lateral Movement,TA0008,Closed,AN-CSE-08-04,149,8,False,
AL-002647,CSE-08,2026-09-05T00:32:00,Medium,AST-CSE-08-008,Privilege Escalation,TA0004,Closed,AN-CSE-08-03,200,8,False,
AL-002648,CSE-08,2026-09-07T18:11:00,High,AST-CSE-08-029,Lateral Movement,TA0008,Closed,AN-CSE-08-04,49,7,False,
AL-002649,CSE-08,2026-08-28T14:41:00,Medium,AST-CSE-08-022,Suspicious Login,TA0001,Closed,AN-CSE-08-03,78,4,False,
AL-002650,CSE-08,2026-08-28T00:56:00,Medium,AST-CSE-08-020,Phishing,TA0001,Closed,AN-CSE-08-06,85,7,False,
AL-002651,CSE-08,2026-09-19T21:02:00,Low,AST-CSE-08-038,C2 Beacon,TA0011,Closed,AN-CSE-08-04,223,6,False,
AL-002652,CSE-08,2026-09-17T00:13:00,High,AST-CSE-08-017,C2 Beacon,TA0011,Closed,AN-CSE-08-06,36,8,False,
AL-002653,CSE-08,2026-09-17T22:00:00,High,AST-CSE-08-018,Data Access Anomaly,TA0009,Closed,AN-CSE-08-06,56,4,False,
AL-002654,CSE-08,2026-09-03T09:19:00,Medium,AST-CSE-08-033,Phishing,TA0001,Closed,AN-CSE-08-05,45,4,False,
AL-002655,CSE-08,2026-08-23T10:15:00,Medium,AST-CSE-08-018,Policy Violation,TA0005,Closed,AN-CSE-08-05,72,8,False,
AL-002656,CSE-08,2026-09-15T17:09:00,Critical,AST-CSE-08-029,Exfiltration,TA0010,Escalated,AN-CSE-08-03,88,8,True,
AL-002657,CSE-08,2026-09-20T07:33:00,Low,AST-CSE-08-016,Lateral Movement,TA0008,Open,AN-CSE-08-06,211,3,False,
AL-002658,CSE-08,2026-09-15T08:25:00,Low,AST-CSE-08-038,C2 Beacon,TA0011,Closed,AN-CSE-08-04,135,6,False,
AL-002659,CSE-08,2026-09-06T22:56:00,Low,AST-CSE-08-039,C2 Beacon,TA0011,Closed,AN-CSE-08-01,100,8,False,
AL-002660,CSE-08,2026-08-22T10:52:00,High,AST-CSE-08-016,Exfiltration,TA0010,Open,AN-CSE-08-03,71,5,False,
AL-002661,CSE-08,2026-08-23T05:14:00,Critical,AST-CSE-08-038,Suspicious Login,TA0001,Closed,AN-CSE-08-08,5,1,False,
AL-002662,CSE-08,2026-09-20T08:30:00,Medium,AST-CSE-08-032,Privilege Escalation,TA0004,Open,AN-CSE-08-08,103,4,False,
AL-002663,CSE-08,2026-09-17T03:42:00,Low,AST-CSE-08-020,Exfiltration,TA0010,Closed,AN-CSE-08-01,74,4,False,
AL-002664,CSE-08,2026-09-08T00:33:00,Medium,AST-CSE-08-005,Policy Violation,TA0005,Closed,AN-CSE-08-05,227,6,False,
AL-002665,CSE-08,2026-09-05T07:36:00,Medium,AST-CSE-08-008,Suspicious Login,TA0001,Closed,AN-CSE-08-04,169,9,False,
AL-002666,CSE-08,2026-09-08T17:12:00,Medium,AST-CSE-08-025,Data Access Anomaly,TA0009,Closed,AN-CSE-08-03,144,8,False,
AL-002667,CSE-08,2026-09-10T16:58:00,Low,AST-CSE-08-025,Exfiltration,TA0010,Open,AN-CSE-08-01,239,9,False,
AL-002668,CSE-08,2026-08-28T01:39:00,Low,AST-CSE-08-021,Malware,TA0002,Closed,AN-CSE-08-02,73,9,False,
AL-002669,CSE-08,2026-09-07T20:51:00,Low,AST-CSE-08-019,Exfiltration,TA0010,Open,AN-CSE-08-03,157,4,False,
AL-002670,CSE-08,2026-09-13T04:56:00,Medium,AST-CSE-08-001,Exfiltration,TA0010,Open,AN-CSE-08-05,90,6,False,
AL-002671,CSE-08,2026-09-10T17:07:00,Low,AST-CSE-08-006,Privilege Escalation,TA0004,Closed,AN-CSE-08-04,43,3,False,
AL-002672,CSE-08,2026-09-05T17:08:00,Medium,AST-CSE-08-038,Policy Violation,TA0005,Open,AN-CSE-08-06,54,9,False,
AL-002673,CSE-08,2026-09-10T02:45:00,Critical,AST-CSE-08-001,Exfiltration,TA0010,Escalated,AN-CSE-08-08,126,6,True,
AL-002674,CSE-08,2026-08-26T00:28:00,Low,AST-CSE-08-013,Malware,TA0002,Open,AN-CSE-08-01,205,8,False,
AL-002675,CSE-08,2026-09-13T17:55:00,High,AST-CSE-08-031,Lateral Movement,TA0008,Closed,AN-CSE-08-06,31,5,False,
AL-002676,CSE-08,2026-09-14T15:54:00,Medium,AST-CSE-08-028,Policy Violation,TA0005,Open,AN-CSE-08-01,160,3,False,
AL-002677,CSE-08,2026-08-29T23:20:00,Critical,AST-CSE-08-030,Phishing,TA0001,Escalated,AN-CSE-08-06,47,5,True,
AL-002678,CSE-08,2026-08-31T11:51:00,Medium,AST-CSE-08-004,C2 Beacon,TA0011,Closed,AN-CSE-08-07,188,4,False,
AL-002679,CSE-08,2026-09-14T13:13:00,Low,AST-CSE-08-005,Privilege Escalation,TA0004,Closed,AN-CSE-08-04,28,3,False,
AL-002680,CSE-08,2026-09-03T22:05:00,High,AST-CSE-08-013,Malware,TA0002,Closed,AN-CSE-08-06,7,0,False,
AL-002681,CSE-08,2026-08-28T08:54:00,High,AST-CSE-08-021,Brute Force,TA0006,Closed,AN-CSE-08-05,21,6,False,
AL-002682,CSE-08,2026-09-18T03:40:00,High,AST-CSE-08-031,Malware,TA0002,Closed,AN-CSE-08-03,117,6,False,
AL-002683,CSE-08,2026-09-16T07:43:00,High,AST-CSE-08-014,Suspicious Login,TA0001,Open,AN-CSE-08-01,96,4,False,
AL-002684,CSE-08,2026-09-19T00:36:00,Medium,AST-CSE-08-009,Brute Force,TA0006,Open,AN-CSE-08-03,44,8,False,
AL-002685,CSE-08,2026-09-17T05:44:00,Low,AST-CSE-08-040,Malware,TA0002,Closed,AN-CSE-08-05,167,3,False,
AL-002686,CSE-08,2026-09-03T23:53:00,Medium,AST-CSE-08-015,Brute Force,TA0006,Closed,AN-CSE-08-04,207,7,False,
AL-002687,CSE-08,2026-09-10T07:47:00,Medium,AST-CSE-08-022,C2 Beacon,TA0011,Closed,AN-CSE-08-05,122,5,False,
AL-002688,CSE-08,2026-09-20T06:44:00,Medium,AST-CSE-08-040,Policy Violation,TA0005,Open,AN-CSE-08-07,88,4,False,
AL-002689,CSE-08,2026-09-12T22:12:00,Low,AST-CSE-08-004,Data Access Anomaly,TA0009,Closed,AN-CSE-08-08,141,8,False,
AL-002690,CSE-08,2026-08-31T00:49:00,Medium,AST-CSE-08-018,Data Access Anomaly,TA0009,Closed,AN-CSE-08-08,111,6,False,
AL-002691,CSE-08,2026-09-08T00:08:00,Low,AST-CSE-08-022,Brute Force,TA0006,Closed,AN-CSE-08-06,36,5,False,
AL-002692,CSE-08,2026-09-12T15:28:00,Medium,AST-CSE-08-025,Brute Force,TA0006,Closed,AN-CSE-08-01,126,6,False,
AL-002693,CSE-08,2026-09-09T04:45:00,Medium,AST-CSE-08-007,Exfiltration,TA0010,Closed,AN-CSE-08-07,198,5,False,
AL-002694,CSE-08,2026-09-11T23:33:00,Low,AST-CSE-08-019,Policy Violation,TA0005,Open,AN-CSE-08-06,106,4,False,
AL-002695,CSE-08,2026-08-30T17:25:00,High,AST-CSE-08-038,C2 Beacon,TA0011,Closed,AN-CSE-08-06,54,5,False,
AL-002696,CSE-08,2026-09-16T02:54:00,Low,AST-CSE-08-025,Policy Violation,TA0005,Closed,AN-CSE-08-06,60,8,False,
AL-002697,CSE-08,2026-09-03T04:40:00,Low,AST-CSE-08-027,Lateral Movement,TA0008,Closed,AN-CSE-08-05,188,5,False,
AL-002698,CSE-08,2026-09-07T04:18:00,Medium,AST-CSE-08-036,Privilege Escalation,TA0004,Open,AN-CSE-08-01,45,6,False,
AL-002699,CSE-08,2026-09-04T17:20:00,Medium,AST-CSE-08-035,Brute Force,TA0006,Open,AN-CSE-08-04,212,9,False,
AL-002700,CSE-08,2026-08-24T04:17:00,High,AST-CSE-08-005,C2 Beacon,TA0011,Closed,AN-CSE-08-02,146,8,False,
AL-002701,CSE-08,2026-09-19T20:09:00,Critical,AST-CSE-08-030,Phishing,TA0001,Escalated,AN-CSE-08-04,112,3,True,
AL-002702,CSE-08,2026-09-11T18:21:00,Low,AST-CSE-08-011,Malware,TA0002,Closed,AN-CSE-08-07,161,8,False,
AL-002703,CSE-08,2026-09-11T17:47:00,Medium,AST-CSE-08-036,Brute Force,TA0006,Closed,AN-CSE-08-02,51,5,False,
AL-002704,CSE-08,2026-08-25T21:35:00,Low,AST-CSE-08-013,Data Access Anomaly,TA0009,Closed,AN-CSE-08-03,91,9,False,
AL-002705,CSE-08,2026-08-29T02:38:00,Medium,AST-CSE-08-038,Brute Force,TA0006,Open,AN-CSE-08-07,228,4,False,
AL-002706,CSE-08,2026-08-21T17:05:00,High,AST-CSE-08-007,Policy Violation,TA0005,Open,AN-CSE-08-05,116,9,False,
AL-002707,CSE-08,2026-09-17T14:53:00,Low,AST-CSE-08-017,Suspicious Login,TA0001,Open,AN-CSE-08-03,199,6,False,
AL-002708,CSE-08,2026-08-31T22:32:00,Medium,AST-CSE-08-019,Data Access Anomaly,TA0009,Closed,AN-CSE-08-01,160,4,False,
AL-002709,CSE-08,2026-09-19T08:36:00,Medium,AST-CSE-08-022,Lateral Movement,TA0008,Open,AN-CSE-08-02,221,9,False,
AL-002710,CSE-08,2026-08-29T04:24:00,Medium,AST-CSE-08-002,Phishing,TA0001,Closed,AN-CSE-08-05,28,9,False,
AL-002711,CSE-08,2026-09-12T05:30:00,High,AST-CSE-08-013,Lateral Movement,TA0008,Closed,AN-CSE-08-07,67,8,False,
AL-002712,CSE-08,2026-08-24T17:26:00,Medium,AST-CSE-08-035,Phishing,TA0001,Closed,AN-CSE-08-05,35,3,False,
AL-002713,CSE-08,2026-09-18T03:02:00,High,AST-CSE-08-032,Data Access Anomaly,TA0009,Open,AN-CSE-08-02,17,5,False,
AL-002714,CSE-08,2026-09-19T02:19:00,Low,AST-CSE-08-038,Phishing,TA0001,Open,AN-CSE-08-03,29,4,False,
AL-002715,CSE-08,2026-08-22T08:35:00,Low,AST-CSE-08-036,C2 Beacon,TA0011,Open,AN-CSE-08-01,38,7,False,
AL-002716,CSE-08,2026-09-17T05:44:00,Medium,AST-CSE-08-003,Lateral Movement,TA0008,Closed,AN-CSE-08-06,86,4,False,
AL-002717,CSE-08,2026-09-07T10:16:00,High,AST-CSE-08-014,Privilege Escalation,TA0004,Open,AN-CSE-08-08,39,6,False,
AL-002718,CSE-08,2026-09-08T10:55:00,Low,AST-CSE-08-007,Lateral Movement,TA0008,Open,AN-CSE-08-06,45,9,False,
AL-002719,CSE-08,2026-08-23T07:10:00,High,AST-CSE-08-006,Policy Violation,TA0005,Closed,AN-CSE-08-02,94,9,False,
AL-002720,CSE-08,2026-08-30T11:50:00,Low,AST-CSE-08-009,Exfiltration,TA0010,Open,AN-CSE-08-02,50,4,False,
AL-002721,CSE-08,2026-08-21T20:01:00,Medium,AST-CSE-08-030,Exfiltration,TA0010,Closed,AN-CSE-08-02,175,4,False,
AL-002722,CSE-08,2026-09-08T02:05:00,Medium,AST-CSE-08-031,Suspicious Login,TA0001,Open,AN-CSE-08-07,38,4,False,
AL-002723,CSE-08,2026-09-05T02:21:00,Low,AST-CSE-08-006,Malware,TA0002,Open,AN-CSE-08-02,117,3,False,
AL-002724,CSE-08,2026-09-16T08:38:00,High,AST-CSE-08-019,Brute Force,TA0006,Closed,AN-CSE-08-05,34,8,False,
AL-002725,CSE-08,2026-09-18T22:22:00,High,AST-CSE-08-006,Privilege Escalation,TA0004,Closed,AN-CSE-08-07,4,1,False,
AL-002726,CSE-08,2026-08-25T00:39:00,Medium,AST-CSE-08-005,C2 Beacon,TA0011,Open,AN-CSE-08-03,64,9,False,
AL-002727,CSE-08,2026-09-20T07:20:00,Low,AST-CSE-08-032,Exfiltration,TA0010,Closed,AN-CSE-08-06,204,9,False,
AL-002728,CSE-08,2026-08-28T16:43:00,Medium,AST-CSE-08-030,Data Access Anomaly,TA0009,Open,AN-CSE-08-06,174,5,False,
AL-002729,CSE-08,2026-09-19T11:37:00,High,AST-CSE-08-037,Data Access Anomaly,TA0009,Open,AN-CSE-08-02,175,8,False,
AL-002730,CSE-08,2026-08-29T23:47:00,Medium,AST-CSE-08-022,C2 Beacon,TA0011,Closed,AN-CSE-08-06,149,5,False,
AL-002731,CSE-08,2026-09-17T21:51:00,Medium,AST-CSE-08-012,Policy Violation,TA0005,Closed,AN-CSE-08-07,214,8,False,
AL-002732,CSE-08,2026-09-08T11:30:00,Critical,AST-CSE-08-026,Privilege Escalation,TA0004,Open,AN-CSE-08-01,36,5,False,
AL-002733,CSE-08,2026-09-19T23:28:00,Low,AST-CSE-08-018,Phishing,TA0001,Open,AN-CSE-08-07,86,3,False,
AL-002734,CSE-08,2026-09-17T12:00:00,Low,AST-CSE-08-033,Policy Violation,TA0005,Open,AN-CSE-08-07,173,3,False,
AL-002735,CSE-08,2026-09-03T08:00:00,Medium,AST-CSE-08-018,Phishing,TA0001,Open,AN-CSE-08-08,69,7,False,
AL-002736,CSE-08,2026-08-25T14:50:00,Medium,AST-CSE-08-008,Phishing,TA0001,Closed,AN-CSE-08-03,161,4,False,
AL-002737,CSE-08,2026-09-19T18:43:00,High,AST-CSE-08-012,Suspicious Login,TA0001,Closed,AN-CSE-08-08,54,7,False,
AL-002738,CSE-08,2026-09-11T11:00:00,Medium,AST-CSE-08-023,Data Access Anomaly,TA0009,Open,AN-CSE-08-05,205,9,False,
AL-002739,CSE-08,2026-09-17T04:37:00,Medium,AST-CSE-08-018,Policy Violation,TA0005,Open,AN-CSE-08-02,83,5,False,
AL-002740,CSE-08,2026-08-26T21:01:00,High,AST-CSE-08-002,Privilege Escalation,TA0004,Open,AN-CSE-08-03,179,7,False,
AL-002741,CSE-08,2026-09-07T02:53:00,Low,AST-CSE-08-009,Malware,TA0002,Open,AN-CSE-08-06,162,3,False,
AL-002742,CSE-08,2026-09-15T18:59:00,High,AST-CSE-08-030,Suspicious Login,TA0001,Open,AN-CSE-08-02,91,3,False,
AL-002743,CSE-08,2026-09-17T16:39:00,High,AST-CSE-08-019,Privilege Escalation,TA0004,Closed,AN-CSE-08-03,145,9,False,
AL-002744,CSE-08,2026-09-06T21:42:00,Medium,AST-CSE-08-017,Exfiltration,TA0010,Open,AN-CSE-08-03,64,3,False,
AL-002745,CSE-08,2026-09-13T11:36:00,Low,AST-CSE-08-033,Suspicious Login,TA0001,Open,AN-CSE-08-04,147,7,False,
AL-002746,CSE-08,2026-09-02T08:18:00,Medium,AST-CSE-08-002,Lateral Movement,TA0008,Open,AN-CSE-08-03,230,8,False,
AL-002747,CSE-08,2026-08-23T04:08:00,Low,AST-CSE-08-029,Exfiltration,TA0010,Closed,AN-CSE-08-07,23,5,False,
AL-002748,CSE-08,2026-08-21T20:10:00,Low,AST-CSE-08-036,Privilege Escalation,TA0004,Closed,AN-CSE-08-06,98,8,False,
AL-002749,CSE-08,2026-08-22T13:00:00,High,AST-CSE-08-035,Exfiltration,TA0010,Open,AN-CSE-08-07,125,7,False,
AL-002750,CSE-08,2026-09-15T19:22:00,Medium,AST-CSE-08-004,Exfiltration,TA0010,Closed,AN-CSE-08-07,37,8,False,
AL-002751,CSE-08,2026-09-13T04:32:00,Medium,AST-CSE-08-025,Privilege Escalation,TA0004,Closed,AN-CSE-08-05,31,3,False,
AL-002752,CSE-08,2026-09-18T04:34:00,Medium,AST-CSE-08-021,Brute Force,TA0006,Closed,AN-CSE-08-02,161,3,False,
AL-002753,CSE-08,2026-09-04T03:48:00,Medium,AST-CSE-08-023,Lateral Movement,TA0008,Closed,AN-CSE-08-08,177,7,False,
AL-002754,CSE-08,2026-09-10T21:11:00,Medium,AST-CSE-08-040,C2 Beacon,TA0011,Closed,AN-CSE-08-08,66,5,False,
AL-002755,CSE-08,2026-09-12T12:51:00,Medium,AST-CSE-08-035,Exfiltration,TA0010,Closed,AN-CSE-08-05,97,7,False,
AL-002756,CSE-08,2026-08-29T07:41:00,High,AST-CSE-08-003,Exfiltration,TA0010,Closed,AN-CSE-08-02,102,4,False,
AL-002757,CSE-08,2026-09-10T01:31:00,Medium,AST-CSE-08-039,Phishing,TA0001,Closed,AN-CSE-08-05,169,3,False,
AL-002758,CSE-08,2026-09-08T11:50:00,Medium,AST-CSE-08-012,Policy Violation,TA0005,Closed,AN-CSE-08-05,135,3,False,
AL-002759,CSE-08,2026-09-01T01:17:00,Medium,AST-CSE-08-014,Lateral Movement,TA0008,Closed,AN-CSE-08-05,76,9,False,
AL-002760,CSE-08,2026-09-15T19:36:00,Low,AST-CSE-08-021,Suspicious Login,TA0001,Closed,AN-CSE-08-04,25,9,False,
AL-002761,CSE-08,2026-08-22T13:21:00,Medium,AST-CSE-08-039,C2 Beacon,TA0011,Closed,AN-CSE-08-02,45,6,False,
AL-002762,CSE-08,2026-09-16T11:41:00,High,AST-CSE-08-011,Data Access Anomaly,TA0009,Closed,AN-CSE-08-02,153,9,False,
AL-002763,CSE-08,2026-09-02T06:03:00,Low,AST-CSE-08-008,Privilege Escalation,TA0004,Closed,AN-CSE-08-07,73,6,False,
AL-002764,CSE-08,2026-08-25T00:12:00,Low,AST-CSE-08-026,Lateral Movement,TA0008,Closed,AN-CSE-08-01,51,9,False,
AL-002765,CSE-08,2026-09-10T18:11:00,Medium,AST-CSE-08-038,Brute Force,TA0006,Closed,AN-CSE-08-06,58,3,False,
AL-002766,CSE-08,2026-09-02T04:19:00,Critical,AST-CSE-08-007,Data Access Anomaly,TA0009,Escalated,AN-CSE-08-04,173,4,True,
AL-002767,CSE-08,2026-09-20T10:19:00,Medium,AST-CSE-08-032,Phishing,TA0001,Closed,AN-CSE-08-01,168,8,False,
AL-002768,CSE-08,2026-09-15T01:36:00,Medium,AST-CSE-08-028,Phishing,TA0001,Open,AN-CSE-08-05,36,7,False,
AL-002769,CSE-08,2026-09-11T11:14:00,Low,AST-CSE-08-024,Privilege Escalation,TA0004,Closed,AN-CSE-08-08,179,9,False,
AL-002770,CSE-08,2026-08-27T00:14:00,Medium,AST-CSE-08-015,Malware,TA0002,Closed,AN-CSE-08-04,79,3,False,
AL-002771,CSE-08,2026-09-03T09:42:00,Low,AST-CSE-08-030,Policy Violation,TA0005,Closed,AN-CSE-08-06,132,8,False,
AL-002772,CSE-08,2026-08-28T08:21:00,Critical,AST-CSE-08-016,Policy Violation,TA0005,Closed,AN-CSE-08-05,7,0,False,
AL-002773,CSE-08,2026-08-29T21:29:00,Low,AST-CSE-08-040,Phishing,TA0001,Closed,AN-CSE-08-07,202,6,False,
AL-002774,CSE-08,2026-09-04T15:03:00,High,AST-CSE-08-004,Privilege Escalation,TA0004,Open,AN-CSE-08-07,21,9,False,
AL-002775,CSE-08,2026-08-28T15:40:00,High,AST-CSE-08-011,Suspicious Login,TA0001,Closed,AN-CSE-08-08,119,8,False,
AL-002776,CSE-08,2026-09-13T09:17:00,High,AST-CSE-08-040,Malware,TA0002,Open,AN-CSE-08-02,175,7,False,
AL-002777,CSE-08,2026-08-24T20:20:00,Medium,AST-CSE-08-029,Malware,TA0002,Closed,AN-CSE-08-07,82,4,False,
AL-002778,CSE-08,2026-09-08T17:51:00,High,AST-CSE-08-013,Policy Violation,TA0005,Open,AN-CSE-08-02,111,9,False,
AL-002779,CSE-08,2026-09-08T22:46:00,Medium,AST-CSE-08-034,Exfiltration,TA0010,Closed,AN-CSE-08-08,93,9,False,
AL-002780,CSE-08,2026-09-19T11:13:00,High,AST-CSE-08-039,Exfiltration,TA0010,Closed,AN-CSE-08-04,101,9,False,
AL-002781,CSE-08,2026-08-29T07:05:00,Medium,AST-CSE-08-037,Suspicious Login,TA0001,Closed,AN-CSE-08-04,38,4,False,
AL-002782,CSE-08,2026-08-29T15:28:00,Medium,AST-CSE-08-017,C2 Beacon,TA0011,Closed,AN-CSE-08-07,73,4,False,
AL-002783,CSE-08,2026-08-29T18:48:00,High,AST-CSE-08-035,Exfiltration,TA0010,Closed,AN-CSE-08-08,160,3,False,
AL-002784,CSE-08,2026-09-17T08:11:00,High,AST-CSE-08-014,Suspicious Login,TA0001,Closed,AN-CSE-08-05,22,9,False,
AL-002785,CSE-08,2026-09-08T02:49:00,Low,AST-CSE-08-023,Brute Force,TA0006,Closed,AN-CSE-08-07,223,4,False,
AL-002786,CSE-08,2026-09-12T01:38:00,Medium,AST-CSE-08-005,Brute Force,TA0006,Closed,AN-CSE-08-04,83,6,False,
AL-002787,CSE-08,2026-09-07T16:30:00,Low,AST-CSE-08-026,Privilege Escalation,TA0004,Closed,AN-CSE-08-07,132,7,False,
AL-002788,CSE-08,2026-09-11T17:42:00,High,AST-CSE-08-038,C2 Beacon,TA0011,Closed,AN-CSE-08-06,20,5,False,
AL-002789,CSE-08,2026-09-06T17:52:00,Critical,AST-CSE-08-009,Privilege Escalation,TA0004,Closed,AN-CSE-08-07,151,5,False,
AL-002790,CSE-08,2026-08-26T21:04:00,Low,AST-CSE-08-004,C2 Beacon,TA0011,Closed,AN-CSE-08-07,65,7,False,
AL-002791,CSE-08,2026-09-02T05:44:00,Medium,AST-CSE-08-021,Malware,TA0002,Open,AN-CSE-08-05,38,4,False,
AL-002792,CSE-08,2026-08-25T14:37:00,Medium,AST-CSE-08-008,Exfiltration,TA0010,Closed,AN-CSE-08-01,221,4,False,
AL-002793,CSE-08,2026-08-23T13:01:00,Medium,AST-CSE-08-032,Policy Violation,TA0005,Open,AN-CSE-08-01,108,6,False,
AL-002794,CSE-08,2026-09-16T00:53:00,Low,AST-CSE-08-037,Policy Violation,TA0005,Closed,AN-CSE-08-05,33,6,False,
AL-002795,CSE-08,2026-09-04T07:55:00,Medium,AST-CSE-08-014,Lateral Movement,TA0008,Closed,AN-CSE-08-05,194,9,False,
AL-002796,CSE-08,2026-08-28T07:16:00,Medium,AST-CSE-08-016,Lateral Movement,TA0008,Closed,AN-CSE-08-01,198,8,False,
AL-002797,CSE-08,2026-09-07T20:35:00,Low,AST-CSE-08-021,Phishing,TA0001,Open,AN-CSE-08-08,70,6,False,
AL-002798,CSE-08,2026-08-25T19:33:00,Low,AST-CSE-08-015,Brute Force,TA0006,Closed,AN-CSE-08-04,37,4,False,
AL-002799,CSE-08,2026-08-27T14:27:00,Low,AST-CSE-08-002,Malware,TA0002,Closed,AN-CSE-08-05,88,4,False,
AL-002800,CSE-08,2026-08-27T05:33:00,High,AST-CSE-08-017,Suspicious Login,TA0001,Open,AN-CSE-08-08,112,3,False,
AL-002801,CSE-08,2026-09-04T12:13:00,Medium,AST-CSE-08-011,Suspicious Login,TA0001,Closed,AN-CSE-08-02,117,3,False,
AL-002802,CSE-08,2026-08-22T22:04:00,Low,AST-CSE-08-017,Data Access Anomaly,TA0009,Closed,AN-CSE-08-03,114,6,False,
AL-002803,CSE-08,2026-09-14T07:44:00,High,AST-CSE-08-037,Malware,TA0002,Closed,AN-CSE-08-06,38,7,False,
AL-002804,CSE-08,2026-08-23T11:56:00,Low,AST-CSE-08-024,Malware,TA0002,Closed,AN-CSE-08-02,94,6,False,
AL-002805,CSE-08,2026-09-03T13:16:00,Low,AST-CSE-08-031,Privilege Escalation,TA0004,Open,AN-CSE-08-01,32,4,False,
AL-002806,CSE-08,2026-08-27T12:58:00,Medium,AST-CSE-08-033,Data Access Anomaly,TA0009,Closed,AN-CSE-08-05,37,3,False,
AL-002807,CSE-08,2026-09-08T23:36:00,High,AST-CSE-08-004,Exfiltration,TA0010,Closed,AN-CSE-08-06,69,9,False,
AL-002808,CSE-08,2026-09-17T03:28:00,Medium,AST-CSE-08-013,Suspicious Login,TA0001,Closed,AN-CSE-08-04,137,5,False,
AL-002809,CSE-08,2026-08-31T16:00:00,High,AST-CSE-08-033,Malware,TA0002,Closed,AN-CSE-08-02,7,1,False,
AL-002810,CSE-08,2026-08-24T21:25:00,High,AST-CSE-08-019,Policy Violation,TA0005,Closed,AN-CSE-08-05,170,3,False,
AL-002811,CSE-08,2026-08-31T19:16:00,Medium,AST-CSE-08-030,Phishing,TA0001,Closed,AN-CSE-08-04,46,6,False,
AL-002812,CSE-08,2026-09-07T22:09:00,Medium,AST-CSE-08-007,Privilege Escalation,TA0004,Closed,AN-CSE-08-07,165,7,False,
AL-002813,CSE-08,2026-08-27T13:27:00,Medium,AST-CSE-08-025,Policy Violation,TA0005,Closed,AN-CSE-08-04,60,6,False,
AL-002814,CSE-08,2026-08-24T11:39:00,Low,AST-CSE-08-031,Malware,TA0002,Open,AN-CSE-08-04,85,5,False,
AL-002815,CSE-08,2026-09-07T01:32:00,Medium,AST-CSE-08-035,Phishing,TA0001,Closed,AN-CSE-08-03,83,5,False,
AL-002816,CSE-08,2026-08-26T19:50:00,Medium,AST-CSE-08-016,Data Access Anomaly,TA0009,Closed,AN-CSE-08-05,122,8,False,
AL-002817,CSE-08,2026-08-28T20:39:00,Low,AST-CSE-08-007,Policy Violation,TA0005,Closed,AN-CSE-08-01,104,7,False,
AL-002818,CSE-08,2026-09-01T06:00:00,Medium,AST-CSE-08-028,C2 Beacon,TA0011,Closed,AN-CSE-08-04,221,7,False,
AL-002819,CSE-08,2026-09-06T06:30:00,Low,AST-CSE-08-014,Brute Force,TA0006,Open,AN-CSE-08-07,163,9,False,
AL-002820,CSE-08,2026-08-31T00:09:00,Medium,AST-CSE-08-015,Exfiltration,TA0010,Open,AN-CSE-08-01,52,9,False,
AL-002821,CSE-08,2026-09-13T11:09:00,Medium,AST-CSE-08-024,Exfiltration,TA0010,Open,AN-CSE-08-08,21,7,False,
AL-002822,CSE-08,2026-08-25T11:20:00,Low,AST-CSE-08-031,Brute Force,TA0006,Open,AN-CSE-08-08,77,7,False,
AL-002823,CSE-08,2026-09-04T21:02:00,Low,AST-CSE-08-011,Policy Violation,TA0005,Closed,AN-CSE-08-02,214,7,False,
AL-002824,CSE-08,2026-08-27T20:19:00,High,AST-CSE-08-009,Privilege Escalation,TA0004,Closed,AN-CSE-08-07,169,3,False,
AL-002825,CSE-08,2026-09-19T07:15:00,High,AST-CSE-08-029,Phishing,TA0001,Closed,AN-CSE-08-05,90,8,False,
AL-002826,CSE-08,2026-09-19T00:13:00,Low,AST-CSE-08-032,Lateral Movement,TA0008,Closed,AN-CSE-08-08,197,8,False,
AL-002827,CSE-08,2026-08-24T13:03:00,Low,AST-CSE-08-031,Phishing,TA0001,Open,AN-CSE-08-07,193,7,False,
AL-002828,CSE-08,2026-08-28T16:33:00,Medium,AST-CSE-08-031,Phishing,TA0001,Closed,AN-CSE-08-06,123,9,False,
AL-002829,CSE-08,2026-08-31T12:17:00,Critical,AST-CSE-08-027,Exfiltration,TA0010,Escalated,AN-CSE-08-07,75,4,True,
AL-002830,CSE-08,2026-08-29T00:51:00,Critical,AST-CSE-08-018,Malware,TA0002,Closed,AN-CSE-08-03,6,0,False,
AL-002831,CSE-08,2026-09-05T16:48:00,High,AST-CSE-08-025,Privilege Escalation,TA0004,Closed,AN-CSE-08-03,37,7,False,
AL-002832,CSE-08,2026-08-29T11:31:00,Low,AST-CSE-08-017,Lateral Movement,TA0008,Open,AN-CSE-08-01,92,6,False,
AL-002833,CSE-08,2026-09-17T01:29:00,Critical,AST-CSE-08-016,C2 Beacon,TA0011,Escalated,AN-CSE-08-02,99,3,True,
AL-002834,CSE-08,2026-08-29T07:34:00,Critical,AST-CSE-08-007,Malware,TA0002,Escalated,AN-CSE-08-01,23,4,True,
AL-002835,CSE-08,2026-08-30T03:06:00,Low,AST-CSE-08-036,Data Access Anomaly,TA0009,Open,AN-CSE-08-08,173,6,False,
AL-002836,CSE-08,2026-09-03T19:15:00,Medium,AST-CSE-08-014,Lateral Movement,TA0008,Closed,AN-CSE-08-04,42,7,False,
AL-002837,CSE-08,2026-09-04T17:55:00,Medium,AST-CSE-08-007,Exfiltration,TA0010,Closed,AN-CSE-08-05,201,7,False,
AL-002838,CSE-08,2026-09-13T07:59:00,Medium,AST-CSE-08-025,Exfiltration,TA0010,Closed,AN-CSE-08-04,146,8,False,
AL-002839,CSE-08,2026-08-26T19:51:00,Medium,AST-CSE-08-027,C2 Beacon,TA0011,Open,AN-CSE-08-05,105,5,False,
AL-002840,CSE-08,2026-09-11T11:58:00,Medium,AST-CSE-08-011,Policy Violation,TA0005,Open,AN-CSE-08-01,208,8,False,
AL-002841,CSE-08,2026-08-30T10:55:00,Medium,AST-CSE-08-010,Malware,TA0002,Closed,AN-CSE-08-05,116,9,False,
AL-002842,CSE-08,2026-09-03T01:43:00,Medium,AST-CSE-08-021,Phishing,TA0001,Closed,AN-CSE-08-04,146,3,False,
AL-002843,CSE-08,2026-08-28T12:48:00,Low,AST-CSE-08-013,Malware,TA0002,Open,AN-CSE-08-04,127,9,False,
AL-002844,CSE-08,2026-08-27T05:09:00,Medium,AST-CSE-08-014,C2 Beacon,TA0011,Open,AN-CSE-08-01,34,3,False,
AL-002845,CSE-08,2026-08-24T16:23:00,Critical,AST-CSE-08-003,Data Access Anomaly,TA0009,Escalated,AN-CSE-08-04,128,7,True,
AL-002846,CSE-08,2026-09-03T10:49:00,Low,AST-CSE-08-001,Exfiltration,TA0010,Closed,AN-CSE-08-04,91,3,False,
AL-002847,CSE-08,2026-08-31T14:57:00,Low,AST-CSE-08-035,Data Access Anomaly,TA0009,Closed,AN-CSE-08-04,87,8,False,
AL-002848,CSE-08,2026-09-12T22:35:00,Medium,AST-CSE-08-029,C2 Beacon,TA0011,Open,AN-CSE-08-03,184,3,False,
AL-002849,CSE-08,2026-08-29T15:33:00,Low,AST-CSE-08-006,Brute Force,TA0006,Closed,AN-CSE-08-02,214,7,False,
AL-002850,CSE-08,2026-08-24T11:05:00,Low,AST-CSE-08-030,Exfiltration,TA0010,Closed,AN-CSE-08-06,76,3,False,
AL-002851,CSE-08,2026-09-13T14:11:00,Low,AST-CSE-08-003,Privilege Escalation,TA0004,Closed,AN-CSE-08-04,176,6,False,
AL-002852,CSE-08,2026-09-04T02:52:00,Medium,AST-CSE-08-013,Data Access Anomaly,TA0009,Closed,AN-CSE-08-02,51,8,False,
AL-002853,CSE-08,2026-09-04T22:14:00,Medium,AST-CSE-08-009,C2 Beacon,TA0011,Closed,AN-CSE-08-06,213,8,False,
AL-002854,CSE-08,2026-08-29T08:28:00,Medium,AST-CSE-08-026,Policy Violation,TA0005,Open,AN-CSE-08-08,52,8,False,
AL-002855,CSE-08,2026-09-12T22:26:00,Medium,AST-CSE-08-035,Lateral Movement,TA0008,Closed,AN-CSE-08-06,206,8,False,
AL-002856,CSE-08,2026-09-14T17:50:00,Low,AST-CSE-08-011,Policy Violation,TA0005,Open,AN-CSE-08-03,131,6,False,
AL-002857,CSE-08,2026-08-29T05:32:00,Medium,AST-CSE-08-033,Malware,TA0002,Closed,AN-CSE-08-07,121,9,False,
AL-002858,CSE-08,2026-08-30T16:17:00,Medium,AST-CSE-08-011,Brute Force,TA0006,Closed,AN-CSE-08-01,168,7,False,
AL-002859,CSE-08,2026-09-16T01:39:00,Medium,AST-CSE-08-021,Data Access Anomaly,TA0009,Closed,AN-CSE-08-08,58,6,False,
AL-002860,CSE-08,2026-09-19T18:07:00,Medium,AST-CSE-08-039,Policy Violation,TA0005,Open,AN-CSE-08-04,114,8,False,
AL-002861,CSE-08,2026-09-17T13:01:00,Critical,AST-CSE-08-002,Privilege Escalation,TA0004,Closed,AN-CSE-08-05,127,3,False,
AL-002862,CSE-08,2026-09-13T17:56:00,Medium,AST-CSE-08-022,Policy Violation,TA0005,Closed,AN-CSE-08-03,240,5,False,
AL-002863,CSE-08,2026-09-06T09:19:00,Medium,AST-CSE-08-023,Phishing,TA0001,Closed,AN-CSE-08-02,98,7,False,
AL-002864,CSE-08,2026-09-09T11:00:00,Low,AST-CSE-08-003,Malware,TA0002,Open,AN-CSE-08-03,172,8,False,
AL-002865,CSE-08,2026-09-02T20:38:00,Low,AST-CSE-08-012,Suspicious Login,TA0001,Open,AN-CSE-08-08,180,4,False,
AL-002866,CSE-08,2026-09-20T08:54:00,Medium,AST-CSE-08-002,Brute Force,TA0006,Open,AN-CSE-08-03,23,3,False,
AL-002867,CSE-08,2026-09-18T20:43:00,Low,AST-CSE-08-033,C2 Beacon,TA0011,Open,AN-CSE-08-03,25,6,False,
AL-002868,CSE-08,2026-09-15T06:46:00,High,AST-CSE-08-039,Privilege Escalation,TA0004,Closed,AN-CSE-08-04,68,9,False,
AL-002869,CSE-08,2026-08-23T11:00:00,Medium,AST-CSE-08-036,Malware,TA0002,Closed,AN-CSE-08-08,25,4,False,
AL-002870,CSE-08,2026-09-07T07:44:00,Medium,AST-CSE-08-012,C2 Beacon,TA0011,Open,AN-CSE-08-08,140,9,False,
AL-002871,CSE-08,2026-09-09T20:04:00,Low,AST-CSE-08-019,Malware,TA0002,Closed,AN-CSE-08-02,215,5,False,
AL-002872,CSE-08,2026-09-06T14:11:00,Medium,AST-CSE-08-026,Data Access Anomaly,TA0009,Open,AN-CSE-08-08,204,6,False,
AL-002873,CSE-08,2026-09-11T03:37:00,Medium,AST-CSE-08-032,Lateral Movement,TA0008,Closed,AN-CSE-08-04,205,3,False,
AL-002874,CSE-08,2026-09-02T14:08:00,Low,AST-CSE-08-025,C2 Beacon,TA0011,Open,AN-CSE-08-07,151,4,False,
AL-002875,CSE-08,2026-09-10T18:13:00,High,AST-CSE-08-018,Suspicious Login,TA0001,Open,AN-CSE-08-04,105,8,False,
AL-002876,CSE-08,2026-08-24T20:47:00,Low,AST-CSE-08-028,Brute Force,TA0006,Open,AN-CSE-08-07,232,5,False,
AL-002877,CSE-08,2026-08-23T14:09:00,High,AST-CSE-08-021,Lateral Movement,TA0008,Closed,AN-CSE-08-08,149,6,False,
AL-002878,CSE-08,2026-09-14T15:34:00,Medium,AST-CSE-08-033,Data Access Anomaly,TA0009,Closed,AN-CSE-08-04,186,5,False,
AL-002879,CSE-08,2026-08-29T01:05:00,Low,AST-CSE-08-016,C2 Beacon,TA0011,Closed,AN-CSE-08-01,215,8,False,
AL-002880,CSE-08,2026-08-28T10:22:00,Medium,AST-CSE-08-021,Malware,TA0002,Closed,AN-CSE-08-03,122,6,False,
AL-002881,CSE-08,2026-09-12T06:02:00,Medium,AST-CSE-08-001,Malware,TA0002,Closed,AN-CSE-08-04,198,6,False,
AL-002882,CSE-08,2026-08-23T17:40:00,Low,AST-CSE-08-015,Policy Violation,TA0005,Open,AN-CSE-08-05,108,8,False,
AL-002883,CSE-08,2026-09-20T09:34:00,Medium,AST-CSE-08-001,Lateral Movement,TA0008,Closed,AN-CSE-08-03,109,3,False,
AL-002884,CSE-08,2026-08-31T11:41:00,Low,AST-CSE-08-003,Brute Force,TA0006,Closed,AN-CSE-08-06,67,7,False,
AL-002885,CSE-08,2026-08-23T09:52:00,Medium,AST-CSE-08-020,Lateral Movement,TA0008,Open,AN-CSE-08-08,217,8,False,
AL-002886,CSE-08,2026-09-01T01:48:00,Low,AST-CSE-08-015,Lateral Movement,TA0008,Closed,AN-CSE-08-02,205,3,False,
AL-002887,CSE-08,2026-09-02T11:43:00,Medium,AST-CSE-08-010,Lateral Movement,TA0008,Closed,AN-CSE-08-03,67,6,False,
AL-002888,CSE-08,2026-08-29T23:03:00,Medium,AST-CSE-08-010,Suspicious Login,TA0001,Open,AN-CSE-08-03,108,3,False,
AL-002889,CSE-08,2026-09-12T19:48:00,Medium,AST-CSE-08-004,Suspicious Login,TA0001,Closed,AN-CSE-08-06,107,3,False,
AL-002890,CSE-08,2026-08-24T15:55:00,Low,AST-CSE-08-028,Malware,TA0002,Open,AN-CSE-08-04,40,6,False,
AL-002891,CSE-08,2026-09-09T14:46:00,Low,AST-CSE-08-020,Privilege Escalation,TA0004,Closed,AN-CSE-08-08,215,6,False,
AL-002892,CSE-08,2026-09-16T22:31:00,Medium,AST-CSE-08-031,Brute Force,TA0006,Closed,AN-CSE-08-04,84,6,False,
AL-002893,CSE-08,2026-08-24T20:37:00,Medium,AST-CSE-08-009,Phishing,TA0001,Open,AN-CSE-08-07,215,9,False,
AL-002894,CSE-08,2026-09-17T06:12:00,High,AST-CSE-08-011,C2 Beacon,TA0011,Closed,AN-CSE-08-07,80,7,False,
AL-002895,CSE-08,2026-09-19T17:21:00,Medium,AST-CSE-08-033,Policy Violation,TA0005,Open,AN-CSE-08-01,79,3,False,
AL-002896,CSE-08,2026-08-24T04:01:00,Critical,AST-CSE-08-028,Lateral Movement,TA0008,Closed,AN-CSE-08-06,8,1,False,
AL-002897,CSE-08,2026-08-29T01:14:00,Medium,AST-CSE-08-004,Exfiltration,TA0010,Open,AN-CSE-08-03,52,8,False,
AL-002898,CSE-08,2026-08-26T08:49:00,High,AST-CSE-08-027,Policy Violation,TA0005,Open,AN-CSE-08-04,73,9,False,
AL-002899,CSE-08,2026-09-10T19:38:00,Low,AST-CSE-08-036,Suspicious Login,TA0001,Closed,AN-CSE-08-02,186,4,False,
AL-002900,CSE-08,2026-09-12T23:41:00,Medium,AST-CSE-08-010,Privilege Escalation,TA0004,Open,AN-CSE-08-06,193,4,False,
AL-002901,CSE-08,2026-09-12T07:30:00,High,AST-CSE-08-012,Lateral Movement,TA0008,Closed,AN-CSE-08-06,128,6,False,
AL-002902,CSE-08,2026-09-16T13:39:00,Medium,AST-CSE-08-012,Data Access Anomaly,TA0009,Open,AN-CSE-08-05,211,5,False,
AL-002903,CSE-08,2026-09-03T13:48:00,Low,AST-CSE-08-017,Lateral Movement,TA0008,Closed,AN-CSE-08-05,177,5,False,
AL-002904,CSE-08,2026-08-24T06:18:00,Low,AST-CSE-08-006,Malware,TA0002,Closed,AN-CSE-08-08,193,8,False,
AL-002905,CSE-08,2026-08-29T17:53:00,Medium,AST-CSE-08-021,Malware,TA0002,Closed,AN-CSE-08-08,119,9,False,
AL-002906,CSE-08,2026-09-14T19:53:00,High,AST-CSE-08-005,Policy Violation,TA0005,Open,AN-CSE-08-07,172,3,False,
AL-002907,CSE-08,2026-08-24T16:51:00,Medium,AST-CSE-08-004,Suspicious Login,TA0001,Closed,AN-CSE-08-03,160,4,False,
AL-002908,CSE-08,2026-09-06T05:17:00,Low,AST-CSE-08-037,Phishing,TA0001,Closed,AN-CSE-08-08,143,3,False,
AL-002909,CSE-08,2026-08-29T21:29:00,Medium,AST-CSE-08-023,Brute Force,TA0006,Open,AN-CSE-08-01,94,5,False,
AL-002910,CSE-08,2026-09-14T10:44:00,Medium,AST-CSE-08-040,Phishing,TA0001,Closed,AN-CSE-08-05,22,9,False,
AL-002911,CSE-08,2026-09-07T12:09:00,Low,AST-CSE-08-001,Brute Force,TA0006,Closed,AN-CSE-08-04,162,7,False,
AL-002912,CSE-08,2026-08-23T10:50:00,Medium,AST-CSE-08-014,Exfiltration,TA0010,Closed,AN-CSE-08-06,135,9,False,
AL-002913,CSE-08,2026-09-19T04:00:00,Medium,AST-CSE-08-004,Lateral Movement,TA0008,Closed,AN-CSE-08-04,195,8,False,
AL-002914,CSE-08,2026-09-02T13:14:00,Medium,AST-CSE-08-023,Exfiltration,TA0010,Open,AN-CSE-08-03,128,7,False,
AL-002915,CSE-08,2026-09-12T18:18:00,Critical,AST-CSE-08-007,Malware,TA0002,Closed,AN-CSE-08-03,33,3,False,
AL-002916,CSE-08,2026-09-08T10:54:00,High,AST-CSE-08-007,Lateral Movement,TA0008,Closed,AN-CSE-08-05,15,3,False,
AL-002917,CSE-08,2026-08-26T04:49:00,High,AST-CSE-08-035,Suspicious Login,TA0001,Open,AN-CSE-08-01,65,8,False,
AL-002918,CSE-08,2026-08-27T15:34:00,Medium,AST-CSE-08-005,C2 Beacon,TA0011,Open,AN-CSE-08-04,22,4,False,
AL-002919,CSE-08,2026-08-28T20:45:00,Medium,AST-CSE-08-037,Phishing,TA0001,Open,AN-CSE-08-07,139,8,False,
AL-002920,CSE-08,2026-09-06T20:49:00,Medium,AST-CSE-08-038,Exfiltration,TA0010,Closed,AN-CSE-08-01,110,4,False,
AL-002921,CSE-08,2026-09-05T11:31:00,Low,AST-CSE-08-017,Phishing,TA0001,Closed,AN-CSE-08-02,88,7,False,
AL-002922,CSE-08,2026-09-10T08:49:00,Low,AST-CSE-08-002,Suspicious Login,TA0001,Closed,AN-CSE-08-04,155,5,False,
AL-002923,CSE-08,2026-09-01T03:09:00,Low,AST-CSE-08-008,Data Access Anomaly,TA0009,Open,AN-CSE-08-05,113,6,False,
AL-002924,CSE-08,2026-09-09T01:36:00,Medium,AST-CSE-08-031,Brute Force,TA0006,Closed,AN-CSE-08-02,136,6,False,
AL-002925,CSE-08,2026-08-27T14:09:00,Medium,AST-CSE-08-006,Lateral Movement,TA0008,Open,AN-CSE-08-02,192,7,False,
AL-002926,CSE-08,2026-09-12T17:38:00,Low,AST-CSE-08-027,Brute Force,TA0006,Closed,AN-CSE-08-07,209,6,False,
AL-002927,CSE-08,2026-09-20T00:37:00,High,AST-CSE-08-029,Suspicious Login,TA0001,Open,AN-CSE-08-08,40,4,False,
AL-002928,CSE-08,2026-08-25T10:50:00,Low,AST-CSE-08-034,Policy Violation,TA0005,Closed,AN-CSE-08-03,187,8,False,
AL-002929,CSE-08,2026-08-25T23:04:00,Medium,AST-CSE-08-025,Phishing,TA0001,Open,AN-CSE-08-07,128,4,False,
AL-002930,CSE-08,2026-08-30T08:56:00,Medium,AST-CSE-08-014,Malware,TA0002,Closed,AN-CSE-08-08,44,8,False,
AL-002931,CSE-08,2026-09-10T19:46:00,Medium,AST-CSE-08-012,Phishing,TA0001,Closed,AN-CSE-08-02,156,8,False,
AL-002932,CSE-08,2026-09-20T03:36:00,Medium,AST-CSE-08-014,C2 Beacon,TA0011,Open,AN-CSE-08-06,164,6,False,
AL-002933,CSE-08,2026-09-13T23:25:00,Low,AST-CSE-08-033,Policy Violation,TA0005,Closed,AN-CSE-08-04,91,7,False,
AL-002934,CSE-08,2026-09-12T23:14:00,Low,AST-CSE-08-032,Data Access Anomaly,TA0009,Closed,AN-CSE-08-04,40,9,False,
AL-002935,CSE-08,2026-09-15T13:22:00,Low,AST-CSE-08-037,Brute Force,TA0006,Closed,AN-CSE-08-02,62,6,False,
AL-002936,CSE-08,2026-09-12T09:58:00,Medium,AST-CSE-08-025,Privilege Escalation,TA0004,Closed,AN-CSE-08-05,210,8,False,
AL-002937,CSE-08,2026-09-06T06:52:00,High,AST-CSE-08-038,Phishing,TA0001,Closed,AN-CSE-08-03,46,7,False,
AL-002938,CSE-08,2026-09-05T13:23:00,Medium,AST-CSE-08-002,Phishing,TA0001,Closed,AN-CSE-08-07,237,9,False,
AL-002939,CSE-08,2026-08-27T12:27:00,Medium,AST-CSE-08-022,Policy Violation,TA0005,Open,AN-CSE-08-05,142,5,False,
AL-002940,CSE-08,2026-09-19T01:50:00,Medium,AST-CSE-08-040,Policy Violation,TA0005,Closed,AN-CSE-08-03,51,3,False,
AL-002941,CSE-08,2026-09-07T00:27:00,Low,AST-CSE-08-035,C2 Beacon,TA0011,Closed,AN-CSE-08-02,156,8,False,
AL-002942,CSE-08,2026-09-13T15:09:00,Critical,AST-CSE-08-001,C2 Beacon,TA0011,Closed,AN-CSE-08-06,77,3,False,
AL-002943,CSE-08,2026-09-09T00:32:00,Medium,AST-CSE-08-007,Brute Force,TA0006,Closed,AN-CSE-08-03,212,6,False,
AL-002944,CSE-08,2026-09-07T05:29:00,Medium,AST-CSE-08-027,Data Access Anomaly,TA0009,Open,AN-CSE-08-02,234,4,False,
AL-002945,CSE-08,2026-09-18T23:27:00,Low,AST-CSE-08-038,Data Access Anomaly,TA0009,Closed,AN-CSE-08-03,49,9,False,
AL-002946,CSE-08,2026-09-05T00:48:00,Critical,AST-CSE-08-001,Policy Violation,TA0005,Closed,AN-CSE-08-03,71,9,False,
AL-002947,CSE-08,2026-09-13T09:30:00,Low,AST-CSE-08-027,Phishing,TA0001,Closed,AN-CSE-08-06,29,9,False,
AL-002948,CSE-08,2026-09-12T20:17:00,Low,AST-CSE-08-020,Data Access Anomaly,TA0009,Closed,AN-CSE-08-03,211,5,False,
AL-002949,CSE-08,2026-09-09T13:34:00,Medium,AST-CSE-08-034,Privilege Escalation,TA0004,Closed,AN-CSE-08-04,170,7,False,
AL-002950,CSE-08,2026-08-28T05:22:00,Low,AST-CSE-08-010,Policy Violation,TA0005,Closed,AN-CSE-08-03,102,9,False,
AL-002951,CSE-08,2026-09-17T16:16:00,Low,AST-CSE-08-007,Policy Violation,TA0005,Open,AN-CSE-08-03,37,8,False,
AL-002952,CSE-08,2026-08-23T06:03:00,Low,AST-CSE-08-017,Policy Violation,TA0005,Closed,AN-CSE-08-02,66,8,False,
AL-002953,CSE-16,2026-09-11T02:43:00,Medium,AST-CSE-16-035,Phishing,TA0001,Closed,AN-CSE-16-03,161,9,False,
AL-002954,CSE-16,2026-09-12T04:09:00,High,AST-CSE-16-010,Malware,TA0002,Closed,AN-CSE-16-06,168,5,False,
AL-002955,CSE-16,2026-09-18T08:18:00,Low,AST-CSE-16-027,Privilege Escalation,TA0004,Closed,AN-CSE-16-07,106,6,False,
AL-002956,CSE-16,2026-09-11T08:41:00,Low,AST-CSE-16-001,Data Access Anomaly,TA0009,Open,AN-CSE-16-08,178,7,False,
AL-002957,CSE-16,2026-09-10T02:07:00,Medium,AST-CSE-16-005,Lateral Movement,TA0008,Open,AN-CSE-16-03,103,3,False,
AL-002958,CSE-16,2026-08-25T06:36:00,Medium,AST-CSE-16-040,Malware,TA0002,Closed,AN-CSE-16-02,230,9,False,
AL-002959,CSE-16,2026-09-09T16:43:00,Medium,AST-CSE-16-002,Lateral Movement,TA0008,Closed,AN-CSE-16-03,171,4,False,
AL-002960,CSE-16,2026-08-28T23:33:00,Medium,AST-CSE-16-012,Lateral Movement,TA0008,Open,AN-CSE-16-07,218,4,False,
AL-002961,CSE-16,2026-09-08T09:24:00,High,AST-CSE-16-023,Lateral Movement,TA0008,Open,AN-CSE-16-05,31,8,False,
AL-002962,CSE-16,2026-08-24T16:10:00,Medium,AST-CSE-16-013,Data Access Anomaly,TA0009,Closed,AN-CSE-16-04,98,4,False,
AL-002963,CSE-16,2026-09-06T14:49:00,Critical,AST-CSE-16-010,Exfiltration,TA0010,Escalated,AN-CSE-16-04,63,4,True,
AL-002964,CSE-16,2026-09-13T03:47:00,Medium,AST-CSE-16-034,Suspicious Login,TA0001,Closed,AN-CSE-16-08,208,7,False,
AL-002965,CSE-16,2026-09-18T19:33:00,High,AST-CSE-16-028,Data Access Anomaly,TA0009,Closed,AN-CSE-16-06,59,5,False,
AL-002966,CSE-16,2026-09-01T07:25:00,Medium,AST-CSE-16-036,Brute Force,TA0006,Closed,AN-CSE-16-06,135,5,False,
AL-002967,CSE-16,2026-09-09T06:12:00,Medium,AST-CSE-16-022,Malware,TA0002,Open,AN-CSE-16-06,142,9,False,
AL-002968,CSE-16,2026-08-25T16:05:00,Medium,AST-CSE-16-001,Lateral Movement,TA0008,Open,AN-CSE-16-07,73,5,False,
AL-002969,CSE-16,2026-09-19T03:31:00,Medium,AST-CSE-16-007,Policy Violation,TA0005,Closed,AN-CSE-16-02,153,4,False,
AL-002970,CSE-16,2026-09-10T03:52:00,Low,AST-CSE-16-003,Data Access Anomaly,TA0009,Open,AN-CSE-16-08,90,5,False,
AL-002971,CSE-16,2026-09-03T22:33:00,Medium,AST-CSE-16-040,C2 Beacon,TA0011,Closed,AN-CSE-16-08,176,7,False,
AL-002972,CSE-16,2026-09-16T21:16:00,Medium,AST-CSE-16-030,Malware,TA0002,Open,AN-CSE-16-01,238,6,False,
AL-002973,CSE-16,2026-08-31T21:02:00,Low,AST-CSE-16-004,Phishing,TA0001,Open,AN-CSE-16-02,214,4,False,
AL-002974,CSE-16,2026-09-07T20:07:00,High,AST-CSE-16-017,Policy Violation,TA0005,Open,AN-CSE-16-06,98,3,False,
AL-002975,CSE-16,2026-09-03T22:59:00,Medium,AST-CSE-16-022,Phishing,TA0001,Closed,AN-CSE-16-02,189,5,False,
AL-002976,CSE-16,2026-08-29T05:37:00,High,AST-CSE-16-037,Brute Force,TA0006,Closed,AN-CSE-16-07,98,3,False,
AL-002977,CSE-16,2026-08-25T22:34:00,Medium,AST-CSE-16-021,Malware,TA0002,Closed,AN-CSE-16-04,99,3,False,
AL-002978,CSE-16,2026-09-07T09:30:00,Low,AST-CSE-16-017,Brute Force,TA0006,Closed,AN-CSE-16-03,225,6,False,
AL-002979,CSE-16,2026-09-10T10:05:00,Low,AST-CSE-16-020,Malware,TA0002,Closed,AN-CSE-16-04,200,6,False,
AL-002980,CSE-16,2026-09-10T19:10:00,Low,AST-CSE-16-012,C2 Beacon,TA0011,Closed,AN-CSE-16-02,214,9,False,
AL-002981,CSE-16,2026-08-26T12:34:00,Medium,AST-CSE-16-034,Exfiltration,TA0010,Open,AN-CSE-16-01,70,5,False,
AL-002982,CSE-16,2026-08-25T09:59:00,Critical,AST-CSE-16-023,Lateral Movement,TA0008,Escalated,AN-CSE-16-02,51,6,True,
AL-002983,CSE-16,2026-08-25T16:19:00,Medium,AST-CSE-16-025,Data Access Anomaly,TA0009,Open,AN-CSE-16-04,95,8,False,
AL-002984,CSE-16,2026-08-22T13:29:00,Low,AST-CSE-16-024,Brute Force,TA0006,Closed,AN-CSE-16-08,116,9,False,
AL-002985,CSE-16,2026-09-07T07:57:00,Medium,AST-CSE-16-004,Lateral Movement,TA0008,Closed,AN-CSE-16-04,75,5,False,
AL-002986,CSE-16,2026-09-11T23:28:00,Medium,AST-CSE-16-019,Lateral Movement,TA0008,Closed,AN-CSE-16-07,203,4,False,
AL-002987,CSE-16,2026-09-16T05:46:00,Critical,AST-CSE-16-007,Suspicious Login,TA0001,Escalated,AN-CSE-16-06,122,3,True,
AL-002988,CSE-16,2026-08-25T08:04:00,Low,AST-CSE-16-004,Policy Violation,TA0005,Closed,AN-CSE-16-08,111,6,False,
AL-002989,CSE-16,2026-08-23T07:36:00,Medium,AST-CSE-16-028,Brute Force,TA0006,Closed,AN-CSE-16-04,133,7,False,
AL-002990,CSE-16,2026-08-21T18:02:00,Medium,AST-CSE-16-003,Suspicious Login,TA0001,Closed,AN-CSE-16-08,87,9,False,
AL-002991,CSE-16,2026-09-10T15:45:00,Medium,AST-CSE-16-024,Data Access Anomaly,TA0009,Closed,AN-CSE-16-05,202,5,False,
AL-002992,CSE-16,2026-09-05T12:31:00,Low,AST-CSE-16-038,Privilege Escalation,TA0004,Closed,AN-CSE-16-05,27,9,False,
AL-002993,CSE-16,2026-09-02T20:42:00,Medium,AST-CSE-16-031,C2 Beacon,TA0011,Closed,AN-CSE-16-01,58,3,False,
AL-002994,CSE-16,2026-09-10T16:32:00,Medium,AST-CSE-16-027,Policy Violation,TA0005,Closed,AN-CSE-16-06,42,3,False,
AL-002995,CSE-16,2026-09-14T10:21:00,Medium,AST-CSE-16-031,Lateral Movement,TA0008,Closed,AN-CSE-16-01,184,8,False,
AL-002996,CSE-16,2026-08-25T22:37:00,Low,AST-CSE-16-037,Exfiltration,TA0010,Closed,AN-CSE-16-07,149,4,False,
AL-002997,CSE-16,2026-09-04T01:19:00,Medium,AST-CSE-16-019,Exfiltration,TA0010,Closed,AN-CSE-16-07,107,4,False,
AL-002998,CSE-16,2026-09-18T15:17:00,Medium,AST-CSE-16-009,C2 Beacon,TA0011,Closed,AN-CSE-16-01,29,5,False,
AL-002999,CSE-16,2026-09-18T10:13:00,Low,AST-CSE-16-002,Data Access Anomaly,TA0009,Open,AN-CSE-16-04,169,9,False,
AL-003000,CSE-16,2026-08-31T13:12:00,Critical,AST-CSE-16-024,C2 Beacon,TA0011,Escalated,AN-CSE-16-07,35,3,True,
AL-003001,CSE-16,2026-09-06T03:35:00,High,AST-CSE-16-021,Suspicious Login,TA0001,Closed,AN-CSE-16-07,93,6,False,
AL-003002,CSE-16,2026-08-26T15:34:00,Medium,AST-CSE-16-028,Phishing,TA0001,Closed,AN-CSE-16-08,91,8,False,
AL-003003,CSE-16,2026-08-30T23:25:00,Medium,AST-CSE-16-038,C2 Beacon,TA0011,Closed,AN-CSE-16-03,24,8,False,
AL-003004,CSE-16,2026-08-31T17:37:00,Medium,AST-CSE-16-009,Privilege Escalation,TA0004,Closed,AN-CSE-16-01,178,3,False,
AL-003005,CSE-16,2026-09-19T12:49:00,Low,AST-CSE-16-011,Lateral Movement,TA0008,Closed,AN-CSE-16-03,93,9,False,
AL-003006,CSE-16,2026-08-30T04:21:00,Low,AST-CSE-16-021,Exfiltration,TA0010,Closed,AN-CSE-16-07,59,3,False,
AL-003007,CSE-16,2026-08-23T09:26:00,Critical,AST-CSE-16-004,Privilege Escalation,TA0004,Escalated,AN-CSE-16-07,93,6,True,
AL-003008,CSE-16,2026-08-25T09:44:00,Medium,AST-CSE-16-016,Lateral Movement,TA0008,Closed,AN-CSE-16-08,148,5,False,
AL-003009,CSE-16,2026-09-11T08:00:00,Medium,AST-CSE-16-017,Policy Violation,TA0005,Closed,AN-CSE-16-04,87,5,False,
AL-003010,CSE-16,2026-09-12T19:30:00,Low,AST-CSE-16-002,Brute Force,TA0006,Open,AN-CSE-16-04,41,7,False,
AL-003011,CSE-16,2026-08-23T20:30:00,Medium,AST-CSE-16-027,C2 Beacon,TA0011,Closed,AN-CSE-16-05,43,4,False,
AL-003012,CSE-16,2026-09-20T07:38:00,Medium,AST-CSE-16-005,Suspicious Login,TA0001,Closed,AN-CSE-16-06,127,9,False,
AL-003013,CSE-16,2026-08-31T19:11:00,Medium,AST-CSE-16-035,Phishing,TA0001,Closed,AN-CSE-16-06,197,3,False,
AL-003014,CSE-16,2026-08-22T16:09:00,Medium,AST-CSE-16-036,Data Access Anomaly,TA0009,Open,AN-CSE-16-01,153,5,False,
AL-003015,CSE-16,2026-09-02T23:39:00,Low,AST-CSE-16-005,Brute Force,TA0006,Closed,AN-CSE-16-06,234,9,False,
AL-003016,CSE-16,2026-09-01T06:47:00,Medium,AST-CSE-16-025,Policy Violation,TA0005,Closed,AN-CSE-16-04,44,7,False,
AL-003017,CSE-16,2026-09-02T09:25:00,Low,AST-CSE-16-020,Suspicious Login,TA0001,Closed,AN-CSE-16-01,70,7,False,
AL-003018,CSE-16,2026-09-15T13:22:00,High,AST-CSE-16-017,C2 Beacon,TA0011,Open,AN-CSE-16-03,55,3,False,
AL-003019,CSE-16,2026-08-28T04:12:00,Medium,AST-CSE-16-039,Privilege Escalation,TA0004,Closed,AN-CSE-16-01,208,3,False,
AL-003020,CSE-16,2026-09-05T05:42:00,Medium,AST-CSE-16-005,Suspicious Login,TA0001,Closed,AN-CSE-16-02,95,8,False,
AL-003021,CSE-16,2026-09-09T15:38:00,High,AST-CSE-16-006,Lateral Movement,TA0008,Closed,AN-CSE-16-06,28,3,False,
AL-003022,CSE-16,2026-08-26T02:42:00,High,AST-CSE-16-015,Malware,TA0002,Open,AN-CSE-16-01,151,3,False,
AL-003023,CSE-16,2026-08-22T12:34:00,Medium,AST-CSE-16-007,Malware,TA0002,Closed,AN-CSE-16-06,97,8,False,
AL-003024,CSE-16,2026-08-24T13:33:00,Medium,AST-CSE-16-021,Policy Violation,TA0005,Closed,AN-CSE-16-04,98,5,False,
AL-003025,CSE-16,2026-09-14T16:23:00,Low,AST-CSE-16-008,Suspicious Login,TA0001,Open,AN-CSE-16-02,177,9,False,
AL-003026,CSE-16,2026-09-07T02:17:00,High,AST-CSE-16-018,Privilege Escalation,TA0004,Closed,AN-CSE-16-02,3,0,False,
AL-003027,CSE-16,2026-08-27T23:19:00,Low,AST-CSE-16-027,Phishing,TA0001,Closed,AN-CSE-16-07,43,3,False,
AL-003028,CSE-16,2026-09-12T07:09:00,High,AST-CSE-16-034,Brute Force,TA0006,Open,AN-CSE-16-02,51,6,False,
AL-003029,CSE-16,2026-08-30T20:38:00,Low,AST-CSE-16-009,Brute Force,TA0006,Open,AN-CSE-16-07,220,6,False,
AL-003030,CSE-16,2026-09-19T19:48:00,Low,AST-CSE-16-037,C2 Beacon,TA0011,Closed,AN-CSE-16-05,224,8,False,
AL-003031,CSE-16,2026-09-13T07:18:00,Medium,AST-CSE-16-001,Malware,TA0002,Open,AN-CSE-16-06,214,4,False,
AL-003032,CSE-16,2026-09-15T07:59:00,Low,AST-CSE-16-030,Malware,TA0002,Closed,AN-CSE-16-01,189,6,False,
AL-003033,CSE-16,2026-08-28T07:44:00,Medium,AST-CSE-16-036,Privilege Escalation,TA0004,Open,AN-CSE-16-04,51,4,False,
AL-003034,CSE-16,2026-09-14T13:09:00,Medium,AST-CSE-16-023,Phishing,TA0001,Open,AN-CSE-16-01,151,9,False,
AL-003035,CSE-16,2026-09-03T23:59:00,Low,AST-CSE-16-002,Brute Force,TA0006,Closed,AN-CSE-16-07,161,3,False,
AL-003036,CSE-16,2026-08-26T00:06:00,Critical,AST-CSE-16-012,Exfiltration,TA0010,Closed,AN-CSE-16-05,82,6,False,
AL-003037,CSE-16,2026-09-02T11:44:00,Critical,AST-CSE-16-039,Privilege Escalation,TA0004,Escalated,AN-CSE-16-02,164,7,True,
AL-003038,CSE-16,2026-09-16T23:39:00,High,AST-CSE-16-026,Exfiltration,TA0010,Open,AN-CSE-16-06,49,4,False,
AL-003039,CSE-16,2026-08-21T19:32:00,Medium,AST-CSE-16-036,Policy Violation,TA0005,Open,AN-CSE-16-07,198,7,False,
AL-003040,CSE-16,2026-08-30T10:34:00,High,AST-CSE-16-016,Phishing,TA0001,Open,AN-CSE-16-03,50,9,False,
AL-003041,CSE-16,2026-08-25T12:05:00,Low,AST-CSE-16-002,Phishing,TA0001,Closed,AN-CSE-16-04,22,5,False,
AL-003042,CSE-16,2026-09-06T09:12:00,Medium,AST-CSE-16-038,Exfiltration,TA0010,Closed,AN-CSE-16-01,24,4,False,
AL-003043,CSE-16,2026-09-03T17:09:00,Low,AST-CSE-16-008,Exfiltration,TA0010,Open,AN-CSE-16-06,163,4,False,
AL-003044,CSE-16,2026-09-01T13:12:00,Medium,AST-CSE-16-037,Exfiltration,TA0010,Open,AN-CSE-16-02,227,7,False,
AL-003045,CSE-16,2026-09-06T07:25:00,High,AST-CSE-16-004,Privilege Escalation,TA0004,Closed,AN-CSE-16-04,38,8,False,
AL-003046,CSE-16,2026-08-24T17:39:00,Medium,AST-CSE-16-031,Lateral Movement,TA0008,Closed,AN-CSE-16-04,206,6,False,
AL-003047,CSE-16,2026-09-03T19:35:00,High,AST-CSE-16-001,Suspicious Login,TA0001,Open,AN-CSE-16-07,99,6,False,
AL-003048,CSE-16,2026-09-08T14:18:00,Low,AST-CSE-16-010,Data Access Anomaly,TA0009,Closed,AN-CSE-16-03,60,7,False,
AL-003049,CSE-16,2026-09-16T19:47:00,Low,AST-CSE-16-035,Malware,TA0002,Closed,AN-CSE-16-03,73,3,False,
AL-003050,CSE-16,2026-09-02T12:41:00,Medium,AST-CSE-16-033,Suspicious Login,TA0001,Closed,AN-CSE-16-07,124,8,False,
AL-003051,CSE-16,2026-09-08T03:40:00,Medium,AST-CSE-16-033,Malware,TA0002,Closed,AN-CSE-16-04,88,8,False,
AL-003052,CSE-16,2026-09-05T01:51:00,Low,AST-CSE-16-037,Privilege Escalation,TA0004,Closed,AN-CSE-16-02,182,4,False,
AL-003053,CSE-16,2026-08-29T13:39:00,Low,AST-CSE-16-031,Privilege Escalation,TA0004,Closed,AN-CSE-16-03,199,7,False,
AL-003054,CSE-16,2026-09-12T09:17:00,Low,AST-CSE-16-018,Suspicious Login,TA0001,Closed,AN-CSE-16-02,94,7,False,
AL-003055,CSE-16,2026-08-27T08:07:00,Medium,AST-CSE-16-011,C2 Beacon,TA0011,Closed,AN-CSE-16-02,178,6,False,
AL-003056,CSE-16,2026-08-31T22:38:00,High,AST-CSE-16-017,Privilege Escalation,TA0004,Open,AN-CSE-16-06,106,9,False,
AL-003057,CSE-16,2026-08-31T23:32:00,Low,AST-CSE-16-028,Exfiltration,TA0010,Closed,AN-CSE-16-07,204,3,False,
AL-003058,CSE-16,2026-09-04T06:57:00,Medium,AST-CSE-16-037,Lateral Movement,TA0008,Closed,AN-CSE-16-02,69,9,False,
AL-003059,CSE-16,2026-08-30T15:51:00,Medium,AST-CSE-16-006,Privilege Escalation,TA0004,Open,AN-CSE-16-03,57,4,False,
AL-003060,CSE-16,2026-09-14T02:11:00,Low,AST-CSE-16-018,Suspicious Login,TA0001,Closed,AN-CSE-16-03,125,7,False,
AL-003061,CSE-16,2026-09-06T15:16:00,Low,AST-CSE-16-037,Suspicious Login,TA0001,Open,AN-CSE-16-01,225,8,False,
AL-003062,CSE-16,2026-09-14T05:02:00,Critical,AST-CSE-16-003,Exfiltration,TA0010,Closed,AN-CSE-16-05,33,9,False,
AL-003063,CSE-16,2026-08-22T19:35:00,Medium,AST-CSE-16-029,Lateral Movement,TA0008,Closed,AN-CSE-16-07,144,3,False,
AL-003064,CSE-16,2026-08-23T11:38:00,Medium,AST-CSE-16-021,Exfiltration,TA0010,Open,AN-CSE-16-04,120,3,False,
AL-003065,CSE-16,2026-08-21T12:08:00,Low,AST-CSE-16-028,Policy Violation,TA0005,Closed,AN-CSE-16-07,55,6,False,
AL-003066,CSE-16,2026-09-07T13:06:00,Low,AST-CSE-16-004,Privilege Escalation,TA0004,Open,AN-CSE-16-05,36,3,False,
AL-003067,CSE-16,2026-09-08T22:32:00,Low,AST-CSE-16-010,Suspicious Login,TA0001,Closed,AN-CSE-16-03,113,8,False,
AL-003068,CSE-16,2026-09-09T01:14:00,Low,AST-CSE-16-011,Phishing,TA0001,Open,AN-CSE-16-04,240,3,False,
AL-003069,CSE-16,2026-09-09T18:52:00,Medium,AST-CSE-16-032,Policy Violation,TA0005,Closed,AN-CSE-16-02,118,4,False,
AL-003070,CSE-16,2026-09-08T23:30:00,Low,AST-CSE-16-017,Lateral Movement,TA0008,Closed,AN-CSE-16-05,121,3,False,
AL-003071,CSE-16,2026-09-19T20:07:00,Low,AST-CSE-16-036,Data Access Anomaly,TA0009,Open,AN-CSE-16-06,220,7,False,
AL-003072,CSE-16,2026-09-17T21:30:00,Medium,AST-CSE-16-037,Phishing,TA0001,Open,AN-CSE-16-06,59,7,False,
AL-003073,CSE-16,2026-09-10T16:11:00,High,AST-CSE-16-018,Exfiltration,TA0010,Closed,AN-CSE-16-03,40,6,False,
AL-003074,CSE-16,2026-08-26T14:12:00,High,AST-CSE-16-040,Suspicious Login,TA0001,Open,AN-CSE-16-04,179,5,False,
AL-003075,CSE-16,2026-09-05T22:38:00,Medium,AST-CSE-16-037,Policy Violation,TA0005,Closed,AN-CSE-16-07,169,3,False,
AL-003076,CSE-16,2026-08-27T16:44:00,Medium,AST-CSE-16-002,Privilege Escalation,TA0004,Closed,AN-CSE-16-04,98,4,False,
AL-003077,CSE-16,2026-09-17T01:05:00,Medium,AST-CSE-16-035,Policy Violation,TA0005,Open,AN-CSE-16-07,64,4,False,
AL-003078,CSE-16,2026-09-01T10:29:00,Medium,AST-CSE-16-001,Data Access Anomaly,TA0009,Closed,AN-CSE-16-07,197,4,False,
AL-003079,CSE-16,2026-09-01T21:31:00,High,AST-CSE-16-008,Privilege Escalation,TA0004,Closed,AN-CSE-16-02,2,0,False,
AL-003080,CSE-16,2026-09-05T21:06:00,Medium,AST-CSE-16-008,Privilege Escalation,TA0004,Closed,AN-CSE-16-04,177,5,False,
AL-003081,CSE-16,2026-09-05T07:49:00,Low,AST-CSE-16-005,Exfiltration,TA0010,Closed,AN-CSE-16-06,139,7,False,
AL-003082,CSE-16,2026-09-10T03:19:00,High,AST-CSE-16-026,Exfiltration,TA0010,Closed,AN-CSE-16-08,115,7,False,
AL-003083,CSE-16,2026-08-30T01:51:00,High,AST-CSE-16-024,Policy Violation,TA0005,Closed,AN-CSE-16-04,152,5,False,
AL-003084,CSE-16,2026-08-26T14:13:00,Critical,AST-CSE-16-023,Suspicious Login,TA0001,Escalated,AN-CSE-16-06,168,5,True,
AL-003085,CSE-16,2026-09-06T23:58:00,High,AST-CSE-16-024,Suspicious Login,TA0001,Closed,AN-CSE-16-03,150,9,False,
AL-003086,CSE-16,2026-09-13T05:13:00,Medium,AST-CSE-16-008,Lateral Movement,TA0008,Closed,AN-CSE-16-05,96,3,False,
AL-003087,CSE-16,2026-09-01T21:20:00,Medium,AST-CSE-16-007,Exfiltration,TA0010,Open,AN-CSE-16-02,146,8,False,
AL-003088,CSE-16,2026-09-16T18:38:00,Low,AST-CSE-16-032,Lateral Movement,TA0008,Open,AN-CSE-16-06,30,7,False,
AL-003089,CSE-16,2026-09-08T13:11:00,Low,AST-CSE-16-014,Policy Violation,TA0005,Closed,AN-CSE-16-07,138,3,False,
AL-003090,CSE-16,2026-09-17T21:38:00,High,AST-CSE-16-039,C2 Beacon,TA0011,Closed,AN-CSE-16-01,25,9,False,
AL-003091,CSE-16,2026-09-05T17:10:00,Low,AST-CSE-16-029,Malware,TA0002,Closed,AN-CSE-16-05,145,7,False,
AL-003092,CSE-16,2026-09-10T01:17:00,Low,AST-CSE-16-039,Brute Force,TA0006,Closed,AN-CSE-16-02,200,4,False,
AL-003093,CSE-16,2026-09-12T14:25:00,Low,AST-CSE-16-024,Data Access Anomaly,TA0009,Closed,AN-CSE-16-07,193,4,False,
AL-003094,CSE-16,2026-09-13T00:04:00,Medium,AST-CSE-16-013,C2 Beacon,TA0011,Closed,AN-CSE-16-06,172,6,False,
AL-003095,CSE-16,2026-09-15T18:26:00,Medium,AST-CSE-16-032,Malware,TA0002,Closed,AN-CSE-16-04,41,4,False,
AL-003096,CSE-16,2026-09-01T11:56:00,Low,AST-CSE-16-023,Phishing,TA0001,Closed,AN-CSE-16-05,174,6,False,
AL-003097,CSE-16,2026-09-01T04:33:00,Medium,AST-CSE-16-011,Policy Violation,TA0005,Closed,AN-CSE-16-07,77,5,False,
AL-003098,CSE-16,2026-08-25T09:16:00,Medium,AST-CSE-16-037,C2 Beacon,TA0011,Open,AN-CSE-16-05,25,4,False,
AL-003099,CSE-16,2026-08-29T12:46:00,Low,AST-CSE-16-001,Malware,TA0002,Closed,AN-CSE-16-06,131,9,False,
AL-003100,CSE-16,2026-09-19T19:49:00,Medium,AST-CSE-16-036,Brute Force,TA0006,Closed,AN-CSE-16-06,191,6,False,
AL-003101,CSE-16,2026-08-29T09:51:00,Low,AST-CSE-16-031,Data Access Anomaly,TA0009,Closed,AN-CSE-16-07,169,3,False,
AL-003102,CSE-16,2026-08-26T06:56:00,Low,AST-CSE-16-009,Brute Force,TA0006,Closed,AN-CSE-16-05,62,5,False,
AL-003103,CSE-16,2026-09-01T20:10:00,Low,AST-CSE-16-025,Phishing,TA0001,Closed,AN-CSE-16-03,227,7,False,
AL-003104,CSE-16,2026-09-11T15:20:00,Medium,AST-CSE-16-026,Privilege Escalation,TA0004,Closed,AN-CSE-16-05,115,8,False,
AL-003105,CSE-16,2026-09-10T03:42:00,Low,AST-CSE-16-012,Privilege Escalation,TA0004,Open,AN-CSE-16-02,44,9,False,
AL-003106,CSE-16,2026-09-07T21:48:00,High,AST-CSE-16-035,Privilege Escalation,TA0004,Closed,AN-CSE-16-01,51,3,False,
AL-003107,CSE-16,2026-09-02T05:32:00,High,AST-CSE-16-036,Suspicious Login,TA0001,Closed,AN-CSE-16-07,40,7,False,
AL-003108,CSE-16,2026-08-30T07:50:00,Medium,AST-CSE-16-032,Phishing,TA0001,Open,AN-CSE-16-01,86,8,False,
AL-003109,CSE-16,2026-09-12T10:03:00,High,AST-CSE-16-016,Lateral Movement,TA0008,Open,AN-CSE-16-02,128,4,False,
AL-003110,CSE-16,2026-09-19T19:30:00,Critical,AST-CSE-16-014,C2 Beacon,TA0011,Closed,AN-CSE-16-07,9,1,False,
AL-003111,CSE-16,2026-09-06T14:18:00,Critical,AST-CSE-16-003,Data Access Anomaly,TA0009,Escalated,AN-CSE-16-08,154,4,True,
AL-003112,CSE-16,2026-09-09T11:30:00,Low,AST-CSE-16-025,Brute Force,TA0006,Closed,AN-CSE-16-07,196,9,False,
AL-003113,CSE-16,2026-09-05T07:58:00,Low,AST-CSE-16-027,Brute Force,TA0006,Closed,AN-CSE-16-05,236,7,False,
AL-003114,CSE-16,2026-09-16T19:36:00,Medium,AST-CSE-16-036,Malware,TA0002,Closed,AN-CSE-16-04,231,8,False,
AL-003115,CSE-16,2026-08-25T23:44:00,Medium,AST-CSE-16-025,Exfiltration,TA0010,Open,AN-CSE-16-07,47,7,False,
AL-003116,CSE-16,2026-08-28T14:12:00,Critical,AST-CSE-16-006,C2 Beacon,TA0011,Escalated,AN-CSE-16-04,20,6,True,
AL-003117,CSE-16,2026-09-01T12:15:00,Critical,AST-CSE-16-017,Data Access Anomaly,TA0009,Escalated,AN-CSE-16-08,73,5,True,
AL-003118,CSE-16,2026-09-19T08:25:00,Medium,AST-CSE-16-008,Data Access Anomaly,TA0009,Open,AN-CSE-16-02,115,7,False,
AL-003119,CSE-16,2026-09-03T07:23:00,Medium,AST-CSE-16-007,Lateral Movement,TA0008,Closed,AN-CSE-16-07,22,6,False,
AL-003120,CSE-16,2026-08-22T04:56:00,Low,AST-CSE-16-012,Phishing,TA0001,Closed,AN-CSE-16-04,121,8,False,
AL-003121,CSE-16,2026-09-20T07:49:00,Medium,AST-CSE-16-022,Brute Force,TA0006,Closed,AN-CSE-16-02,208,9,False,
AL-003122,CSE-16,2026-08-26T03:28:00,Medium,AST-CSE-16-036,Suspicious Login,TA0001,Closed,AN-CSE-16-01,235,7,False,
AL-003123,CSE-16,2026-08-26T19:08:00,Medium,AST-CSE-16-013,Privilege Escalation,TA0004,Open,AN-CSE-16-05,234,7,False,
AL-003124,CSE-16,2026-09-06T04:04:00,Medium,AST-CSE-16-006,Malware,TA0002,Closed,AN-CSE-16-06,142,5,False,
AL-003125,CSE-16,2026-08-26T13:15:00,Medium,AST-CSE-16-017,C2 Beacon,TA0011,Closed,AN-CSE-16-06,61,8,False,
AL-003126,CSE-16,2026-08-27T09:51:00,Low,AST-CSE-16-020,Malware,TA0002,Closed,AN-CSE-16-04,166,5,False,
AL-003127,CSE-16,2026-09-01T18:00:00,Low,AST-CSE-16-033,Data Access Anomaly,TA0009,Open,AN-CSE-16-04,214,9,False,
AL-003128,CSE-16,2026-09-05T09:06:00,Medium,AST-CSE-16-030,Phishing,TA0001,Closed,AN-CSE-16-08,69,3,False,
AL-003129,CSE-16,2026-09-18T17:41:00,Medium,AST-CSE-16-027,Suspicious Login,TA0001,Closed,AN-CSE-16-02,198,6,False,
AL-003130,CSE-16,2026-09-11T18:09:00,Low,AST-CSE-16-022,Phishing,TA0001,Open,AN-CSE-16-04,181,7,False,
AL-003131,CSE-16,2026-09-07T18:44:00,High,AST-CSE-16-021,Lateral Movement,TA0008,Closed,AN-CSE-16-02,131,9,False,
AL-003132,CSE-16,2026-09-07T11:00:00,Low,AST-CSE-16-030,Policy Violation,TA0005,Open,AN-CSE-16-07,99,5,False,
AL-003133,CSE-16,2026-08-30T04:07:00,Medium,AST-CSE-16-038,Policy Violation,TA0005,Closed,AN-CSE-16-02,140,9,False,
AL-003134,CSE-16,2026-09-11T17:10:00,High,AST-CSE-16-003,Lateral Movement,TA0008,Closed,AN-CSE-16-07,130,5,False,
AL-003135,CSE-16,2026-09-20T02:26:00,High,AST-CSE-16-017,Privilege Escalation,TA0004,Closed,AN-CSE-16-05,26,7,False,
AL-003136,CSE-16,2026-09-03T09:38:00,Low,AST-CSE-16-029,Lateral Movement,TA0008,Closed,AN-CSE-16-07,107,9,False,
AL-003137,CSE-16,2026-08-31T17:03:00,Critical,AST-CSE-16-011,Policy Violation,TA0005,Escalated,AN-CSE-16-06,91,9,True,
AL-003138,CSE-16,2026-09-04T17:30:00,High,AST-CSE-16-008,Phishing,TA0001,Closed,AN-CSE-16-07,130,5,False,
AL-003139,CSE-16,2026-09-15T19:24:00,Medium,AST-CSE-16-023,C2 Beacon,TA0011,Open,AN-CSE-16-08,119,8,False,
AL-003140,CSE-16,2026-09-11T14:59:00,Medium,AST-CSE-16-014,Exfiltration,TA0010,Closed,AN-CSE-16-04,175,7,False,
AL-003141,CSE-16,2026-08-27T23:00:00,Low,AST-CSE-16-025,Suspicious Login,TA0001,Open,AN-CSE-16-07,171,8,False,
AL-003142,CSE-16,2026-09-04T07:01:00,Critical,AST-CSE-16-012,C2 Beacon,TA0011,Escalated,AN-CSE-16-07,136,3,True,
AL-003143,CSE-16,2026-09-05T16:37:00,Low,AST-CSE-16-029,Policy Violation,TA0005,Open,AN-CSE-16-08,187,4,False,
AL-003144,CSE-16,2026-09-12T20:31:00,High,AST-CSE-16-037,C2 Beacon,TA0011,Open,AN-CSE-16-03,128,3,False,
AL-003145,CSE-16,2026-08-27T04:38:00,Low,AST-CSE-16-006,Malware,TA0002,Closed,AN-CSE-16-02,172,6,False,
AL-003146,CSE-16,2026-08-22T15:02:00,Medium,AST-CSE-16-012,Malware,TA0002,Closed,AN-CSE-16-03,61,4,False,
AL-003147,CSE-16,2026-09-13T16:23:00,Low,AST-CSE-16-016,Malware,TA0002,Closed,AN-CSE-16-04,117,3,False,
AL-003148,CSE-16,2026-09-11T13:46:00,Medium,AST-CSE-16-002,C2 Beacon,TA0011,Closed,AN-CSE-16-01,108,8,False,
AL-003149,CSE-16,2026-08-22T23:40:00,Medium,AST-CSE-16-013,Privilege Escalation,TA0004,Open,AN-CSE-16-03,43,4,False,
AL-003150,CSE-16,2026-08-25T10:58:00,Medium,AST-CSE-16-022,Lateral Movement,TA0008,Open,AN-CSE-16-07,87,5,False,
AL-003151,CSE-16,2026-09-05T01:45:00,Medium,AST-CSE-16-036,Privilege Escalation,TA0004,Open,AN-CSE-16-02,168,8,False,
AL-003152,CSE-16,2026-09-09T02:03:00,High,AST-CSE-16-001,Exfiltration,TA0010,Closed,AN-CSE-16-03,16,5,False,
AL-003153,CSE-16,2026-09-11T07:37:00,Low,AST-CSE-16-029,C2 Beacon,TA0011,Closed,AN-CSE-16-06,142,7,False,
AL-003154,CSE-16,2026-09-05T18:35:00,Medium,AST-CSE-16-036,Suspicious Login,TA0001,Open,AN-CSE-16-01,30,4,False,
AL-003155,CSE-16,2026-09-13T09:02:00,High,AST-CSE-16-038,Brute Force,TA0006,Open,AN-CSE-16-08,38,7,False,
AL-003156,CSE-16,2026-09-07T05:23:00,Medium,AST-CSE-16-021,Suspicious Login,TA0001,Open,AN-CSE-16-03,140,7,False,
AL-003157,CSE-16,2026-09-03T20:48:00,Low,AST-CSE-16-031,Brute Force,TA0006,Closed,AN-CSE-16-02,60,9,False,
AL-003158,CSE-16,2026-09-14T17:08:00,Low,AST-CSE-16-037,Privilege Escalation,TA0004,Closed,AN-CSE-16-02,190,7,False,
AL-003159,CSE-16,2026-09-20T04:48:00,High,AST-CSE-16-020,Exfiltration,TA0010,Closed,AN-CSE-16-03,144,3,False,
AL-003160,CSE-16,2026-08-29T10:49:00,Medium,AST-CSE-16-001,Malware,TA0002,Closed,AN-CSE-16-08,195,3,False,
AL-003161,CSE-16,2026-08-27T13:19:00,Low,AST-CSE-16-002,Brute Force,TA0006,Closed,AN-CSE-16-01,145,5,False,
AL-003162,CSE-16,2026-09-11T19:29:00,Critical,AST-CSE-16-024,Exfiltration,TA0010,Closed,AN-CSE-16-03,32,3,False,
AL-003163,CSE-16,2026-09-06T01:19:00,High,AST-CSE-16-026,C2 Beacon,TA0011,Closed,AN-CSE-16-01,106,4,False,
AL-003164,CSE-16,2026-09-15T10:46:00,High,AST-CSE-16-037,Policy Violation,TA0005,Closed,AN-CSE-16-07,151,9,False,
AL-003165,CSE-16,2026-08-26T05:48:00,Low,AST-CSE-16-019,Suspicious Login,TA0001,Closed,AN-CSE-16-01,115,7,False,
AL-003166,CSE-16,2026-09-13T23:26:00,Low,AST-CSE-16-010,Lateral Movement,TA0008,Closed,AN-CSE-16-01,223,3,False,
AL-003167,CSE-16,2026-09-16T04:52:00,Low,AST-CSE-16-022,Policy Violation,TA0005,Open,AN-CSE-16-07,88,8,False,
AL-003168,CSE-16,2026-09-16T16:20:00,Medium,AST-CSE-16-035,Privilege Escalation,TA0004,Open,AN-CSE-16-08,113,3,False,
AL-003169,CSE-16,2026-08-31T20:18:00,Medium,AST-CSE-16-007,Data Access Anomaly,TA0009,Closed,AN-CSE-16-03,53,5,False,
AL-003170,CSE-16,2026-08-23T18:51:00,Critical,AST-CSE-16-037,Brute Force,TA0006,Escalated,AN-CSE-16-06,73,8,True,
AL-003171,CSE-16,2026-08-25T03:24:00,Low,AST-CSE-16-037,Policy Violation,TA0005,Open,AN-CSE-16-04,169,5,False,
AL-003172,CSE-16,2026-09-09T18:20:00,Low,AST-CSE-16-011,Data Access Anomaly,TA0009,Closed,AN-CSE-16-06,227,3,False,
AL-003173,CSE-16,2026-08-30T21:55:00,Low,AST-CSE-16-028,Lateral Movement,TA0008,Closed,AN-CSE-16-05,24,9,False,
AL-003174,CSE-16,2026-08-24T08:10:00,Medium,AST-CSE-16-022,Policy Violation,TA0005,Closed,AN-CSE-16-05,96,7,False,
AL-003175,CSE-16,2026-09-08T07:38:00,Medium,AST-CSE-16-016,Data Access Anomaly,TA0009,Open,AN-CSE-16-02,159,4,False,
AL-003176,CSE-16,2026-09-01T20:14:00,Medium,AST-CSE-16-005,Brute Force,TA0006,Open,AN-CSE-16-08,185,6,False,
AL-003177,CSE-16,2026-08-27T03:41:00,High,AST-CSE-16-030,Policy Violation,TA0005,Closed,AN-CSE-16-04,65,8,False,
AL-003178,CSE-16,2026-09-03T20:50:00,Low,AST-CSE-16-020,Data Access Anomaly,TA0009,Closed,AN-CSE-16-07,48,5,False,
AL-003179,CSE-16,2026-08-23T14:19:00,Low,AST-CSE-16-020,Lateral Movement,TA0008,Closed,AN-CSE-16-01,177,7,False,
AL-003180,CSE-16,2026-08-31T11:19:00,Low,AST-CSE-16-015,Exfiltration,TA0010,Closed,AN-CSE-16-05,140,7,False,
AL-003181,CSE-16,2026-09-02T03:00:00,Low,AST-CSE-16-004,Malware,TA0002,Closed,AN-CSE-16-02,110,6,False,
AL-003182,CSE-16,2026-08-23T06:35:00,High,AST-CSE-16-031,C2 Beacon,TA0011,Closed,AN-CSE-16-07,50,4,False,
AL-003183,CSE-16,2026-09-19T04:34:00,High,AST-CSE-16-017,Data Access Anomaly,TA0009,Closed,AN-CSE-16-04,36,8,False,
AL-003184,CSE-16,2026-09-15T21:45:00,Medium,AST-CSE-16-004,Phishing,TA0001,Closed,AN-CSE-16-02,49,9,False,
AL-003185,CSE-16,2026-08-22T09:44:00,Medium,AST-CSE-16-012,Brute Force,TA0006,Open,AN-CSE-16-08,104,6,False,
AL-003186,CSE-16,2026-09-04T03:52:00,Medium,AST-CSE-16-001,Malware,TA0002,Open,AN-CSE-16-04,104,7,False,
AL-003187,CSE-16,2026-09-15T06:24:00,Low,AST-CSE-16-018,Policy Violation,TA0005,Closed,AN-CSE-16-04,214,8,False,
AL-003188,CSE-16,2026-08-21T13:30:00,Low,AST-CSE-16-040,C2 Beacon,TA0011,Closed,AN-CSE-16-08,41,5,False,
AL-003189,CSE-16,2026-09-14T22:11:00,Low,AST-CSE-16-039,Malware,TA0002,Closed,AN-CSE-16-03,139,8,False,
AL-003190,CSE-16,2026-08-28T05:51:00,Critical,AST-CSE-16-026,Privilege Escalation,TA0004,Escalated,AN-CSE-16-01,177,3,True,
AL-003191,CSE-16,2026-08-24T15:41:00,Critical,AST-CSE-16-030,C2 Beacon,TA0011,Escalated,AN-CSE-16-05,143,6,True,
AL-003192,CSE-16,2026-09-18T13:02:00,High,AST-CSE-16-021,Privilege Escalation,TA0004,Closed,AN-CSE-16-05,78,3,False,
AL-003193,CSE-16,2026-08-27T13:13:00,Medium,AST-CSE-16-040,Policy Violation,TA0005,Closed,AN-CSE-16-01,133,5,False,
AL-003194,CSE-16,2026-09-11T04:17:00,Medium,AST-CSE-16-037,Lateral Movement,TA0008,Closed,AN-CSE-16-07,90,5,False,
AL-003195,CSE-16,2026-08-29T00:49:00,Low,AST-CSE-16-038,Brute Force,TA0006,Closed,AN-CSE-16-08,76,5,False,
AL-003196,CSE-16,2026-08-24T19:54:00,Low,AST-CSE-16-013,Lateral Movement,TA0008,Closed,AN-CSE-16-04,143,4,False,
AL-003197,CSE-16,2026-08-24T14:47:00,Medium,AST-CSE-16-022,Lateral Movement,TA0008,Closed,AN-CSE-16-01,78,6,False,
AL-003198,CSE-16,2026-08-26T20:01:00,High,AST-CSE-16-007,Brute Force,TA0006,Closed,AN-CSE-16-05,160,7,False,
AL-003199,CSE-16,2026-09-13T04:38:00,High,AST-CSE-16-013,Policy Violation,TA0005,Closed,AN-CSE-16-01,33,6,False,
AL-003200,CSE-16,2026-09-10T08:08:00,Low,AST-CSE-16-009,Lateral Movement,TA0008,Closed,AN-CSE-16-01,42,5,False,
AL-003201,CSE-16,2026-09-18T17:43:00,Low,AST-CSE-16-021,Suspicious Login,TA0001,Open,AN-CSE-16-01,58,8,False,
AL-003202,CSE-16,2026-09-18T09:23:00,Medium,AST-CSE-16-020,Privilege Escalation,TA0004,Closed,AN-CSE-16-03,115,9,False,
AL-003203,CSE-16,2026-08-26T10:29:00,High,AST-CSE-16-009,Privilege Escalation,TA0004,Open,AN-CSE-16-02,78,9,False,
AL-003204,CSE-16,2026-08-28T04:14:00,Medium,AST-CSE-16-023,Malware,TA0002,Closed,AN-CSE-16-05,85,9,False,
AL-003205,CSE-16,2026-08-28T20:06:00,High,AST-CSE-16-040,Policy Violation,TA0005,Closed,AN-CSE-16-06,46,6,False,
AL-003206,CSE-16,2026-08-30T15:52:00,Low,AST-CSE-16-015,Brute Force,TA0006,Closed,AN-CSE-16-05,24,9,False,
AL-003207,CSE-16,2026-08-24T09:18:00,High,AST-CSE-16-008,C2 Beacon,TA0011,Closed,AN-CSE-16-06,125,4,False,
AL-003208,CSE-16,2026-09-19T21:33:00,Low,AST-CSE-16-009,Malware,TA0002,Closed,AN-CSE-16-02,94,4,False,
AL-003209,CSE-16,2026-09-07T19:09:00,Medium,AST-CSE-16-021,Data Access Anomaly,TA0009,Closed,AN-CSE-16-06,127,7,False,
AL-003210,CSE-16,2026-08-30T05:16:00,Medium,AST-CSE-16-030,Phishing,TA0001,Open,AN-CSE-16-07,149,3,False,
AL-003211,CSE-16,2026-09-18T02:12:00,High,AST-CSE-16-038,Malware,TA0002,Closed,AN-CSE-16-07,27,8,False,
AL-003212,CSE-16,2026-09-03T19:28:00,Medium,AST-CSE-16-039,Brute Force,TA0006,Closed,AN-CSE-16-02,73,3,False,
AL-003213,CSE-16,2026-09-12T18:27:00,Medium,AST-CSE-16-026,Phishing,TA0001,Open,AN-CSE-16-02,150,6,False,
AL-003214,CSE-16,2026-08-24T14:38:00,High,AST-CSE-16-035,Privilege Escalation,TA0004,Closed,AN-CSE-16-07,2,1,False,
AL-003215,CSE-16,2026-09-07T18:26:00,Medium,AST-CSE-16-003,Data Access Anomaly,TA0009,Closed,AN-CSE-16-03,65,7,False,
AL-003216,CSE-16,2026-08-28T20:50:00,Low,AST-CSE-16-001,Policy Violation,TA0005,Open,AN-CSE-16-01,161,3,False,
AL-003217,CSE-16,2026-09-13T21:47:00,High,AST-CSE-16-019,Policy Violation,TA0005,Open,AN-CSE-16-06,19,6,False,
AL-003218,CSE-16,2026-09-13T10:11:00,Low,AST-CSE-16-015,Malware,TA0002,Open,AN-CSE-16-07,153,9,False,
AL-003219,CSE-16,2026-08-31T03:38:00,Medium,AST-CSE-16-038,Data Access Anomaly,TA0009,Closed,AN-CSE-16-05,72,6,False,
AL-003220,CSE-16,2026-09-11T17:58:00,Medium,AST-CSE-16-006,Exfiltration,TA0010,Closed,AN-CSE-16-07,151,8,False,
AL-003221,CSE-16,2026-09-03T01:12:00,Critical,AST-CSE-16-029,Privilege Escalation,TA0004,Escalated,AN-CSE-16-08,36,6,True,
AL-003222,CSE-16,2026-09-01T00:08:00,Medium,AST-CSE-16-028,Malware,TA0002,Closed,AN-CSE-16-07,97,4,False,
AL-003223,CSE-16,2026-08-30T21:47:00,Low,AST-CSE-16-033,Malware,TA0002,Closed,AN-CSE-16-03,28,4,False,
AL-003224,CSE-16,2026-08-27T05:45:00,Medium,AST-CSE-16-034,Privilege Escalation,TA0004,Closed,AN-CSE-16-08,143,9,False,
AL-003225,CSE-16,2026-09-04T13:25:00,High,AST-CSE-16-002,Lateral Movement,TA0008,Closed,AN-CSE-16-08,56,9,False,
AL-003226,CSE-16,2026-09-04T14:51:00,Medium,AST-CSE-16-007,Privilege Escalation,TA0004,Open,AN-CSE-16-01,56,5,False,
AL-003227,CSE-16,2026-08-25T02:39:00,Low,AST-CSE-16-004,Brute Force,TA0006,Closed,AN-CSE-16-06,34,5,False,
AL-003228,CSE-16,2026-08-27T12:58:00,Medium,AST-CSE-16-038,Malware,TA0002,Open,AN-CSE-16-04,146,6,False,
AL-003229,CSE-16,2026-09-05T07:41:00,Medium,AST-CSE-16-030,Lateral Movement,TA0008,Closed,AN-CSE-16-07,74,3,False,
AL-003230,CSE-16,2026-08-26T14:57:00,Medium,AST-CSE-16-019,Lateral Movement,TA0008,Closed,AN-CSE-16-01,40,5,False,
AL-003231,CSE-16,2026-09-01T04:59:00,Medium,AST-CSE-16-021,Brute Force,TA0006,Closed,AN-CSE-16-08,202,5,False,
AL-003232,CSE-16,2026-08-30T22:40:00,Medium,AST-CSE-16-029,Data Access Anomaly,TA0009,Open,AN-CSE-16-05,119,4,False,
AL-003233,CSE-16,2026-09-09T08:27:00,Low,AST-CSE-16-040,Policy Violation,TA0005,Closed,AN-CSE-16-07,106,4,False,
AL-003234,CSE-16,2026-09-15T07:45:00,Critical,AST-CSE-16-021,C2 Beacon,TA0011,Escalated,AN-CSE-16-01,88,3,True,
AL-003235,CSE-16,2026-09-17T06:37:00,Low,AST-CSE-16-030,Policy Violation,TA0005,Open,AN-CSE-16-02,152,7,False,
AL-003236,CSE-16,2026-09-03T15:50:00,High,AST-CSE-16-003,Exfiltration,TA0010,Closed,AN-CSE-16-01,120,6,False,
AL-003237,CSE-16,2026-08-24T06:47:00,Low,AST-CSE-16-003,Suspicious Login,TA0001,Closed,AN-CSE-16-03,161,5,False,
AL-003238,CSE-16,2026-09-02T23:09:00,Critical,AST-CSE-16-032,Data Access Anomaly,TA0009,Escalated,AN-CSE-16-04,98,4,True,
AL-003239,CSE-16,2026-08-26T02:41:00,Low,AST-CSE-16-040,Privilege Escalation,TA0004,Closed,AN-CSE-16-05,57,4,False,
AL-003240,CSE-16,2026-09-02T23:48:00,High,AST-CSE-16-036,Brute Force,TA0006,Closed,AN-CSE-16-02,133,4,False,
AL-003241,CSE-16,2026-09-13T09:07:00,Medium,AST-CSE-16-005,Exfiltration,TA0010,Closed,AN-CSE-16-02,28,8,False,
AL-003242,CSE-16,2026-08-26T08:02:00,Medium,AST-CSE-16-025,C2 Beacon,TA0011,Closed,AN-CSE-16-05,174,9,False,
AL-003243,CSE-16,2026-09-18T11:44:00,Critical,AST-CSE-16-037,C2 Beacon,TA0011,Closed,AN-CSE-16-08,3,0,False,
AL-003244,CSE-16,2026-09-01T07:14:00,Low,AST-CSE-16-007,Data Access Anomaly,TA0009,Open,AN-CSE-16-06,116,8,False,
AL-003245,CSE-16,2026-08-27T20:34:00,Low,AST-CSE-16-039,Brute Force,TA0006,Closed,AN-CSE-16-04,31,4,False,
AL-003246,CSE-16,2026-08-27T09:27:00,High,AST-CSE-16-006,Exfiltration,TA0010,Closed,AN-CSE-16-02,158,8,False,
AL-003247,CSE-16,2026-09-10T09:16:00,Low,AST-CSE-16-020,Malware,TA0002,Closed,AN-CSE-16-04,182,3,False,
AL-003248,CSE-16,2026-09-06T10:28:00,Medium,AST-CSE-16-038,Malware,TA0002,Closed,AN-CSE-16-06,166,8,False,
AL-003249,CSE-16,2026-09-10T14:08:00,Medium,AST-CSE-16-004,C2 Beacon,TA0011,Closed,AN-CSE-16-08,37,3,False,
AL-003250,CSE-16,2026-09-08T23:43:00,Low,AST-CSE-16-007,Exfiltration,TA0010,Closed,AN-CSE-16-06,215,4,False,
AL-003251,CSE-16,2026-08-26T10:31:00,Medium,AST-CSE-16-021,Policy Violation,TA0005,Closed,AN-CSE-16-05,74,9,False,
AL-003252,CSE-16,2026-09-01T16:02:00,Medium,AST-CSE-16-017,Exfiltration,TA0010,Open,AN-CSE-16-08,78,4,False,
AL-003253,CSE-16,2026-09-01T02:55:00,Medium,AST-CSE-16-007,Lateral Movement,TA0008,Closed,AN-CSE-16-03,123,5,False,
AL-003254,CSE-16,2026-09-14T22:12:00,Critical,AST-CSE-16-001,C2 Beacon,TA0011,Escalated,AN-CSE-16-08,31,8,True,
AL-003255,CSE-16,2026-09-08T04:55:00,Medium,AST-CSE-16-003,Privilege Escalation,TA0004,Closed,AN-CSE-16-01,156,7,False,
AL-003256,CSE-16,2026-09-17T06:40:00,Medium,AST-CSE-16-022,Exfiltration,TA0010,Closed,AN-CSE-16-04,119,5,False,
AL-003257,CSE-16,2026-09-03T23:31:00,Medium,AST-CSE-16-004,Exfiltration,TA0010,Open,AN-CSE-16-05,116,9,False,
AL-003258,CSE-16,2026-09-04T03:27:00,Medium,AST-CSE-16-038,Suspicious Login,TA0001,Closed,AN-CSE-16-02,186,4,False,
AL-003259,CSE-16,2026-08-21T21:09:00,Low,AST-CSE-16-007,Malware,TA0002,Closed,AN-CSE-16-08,38,6,False,
AL-003260,CSE-16,2026-08-22T02:22:00,Medium,AST-CSE-16-015,Policy Violation,TA0005,Closed,AN-CSE-16-04,228,3,False,
AL-003261,CSE-16,2026-08-23T09:32:00,High,AST-CSE-16-034,Phishing,TA0001,Closed,AN-CSE-16-02,123,9,False,
AL-003262,CSE-16,2026-09-15T09:43:00,Medium,AST-CSE-16-003,Exfiltration,TA0010,Closed,AN-CSE-16-05,227,5,False,
AL-003263,CSE-16,2026-09-13T04:46:00,Medium,AST-CSE-16-038,C2 Beacon,TA0011,Open,AN-CSE-16-05,206,6,False,
AL-003264,CSE-16,2026-09-12T17:54:00,Low,AST-CSE-16-022,Privilege Escalation,TA0004,Closed,AN-CSE-16-08,26,9,False,
AL-003265,CSE-16,2026-09-20T10:41:00,High,AST-CSE-16-015,Privilege Escalation,TA0004,Closed,AN-CSE-16-03,118,5,False,
AL-003266,CSE-16,2026-08-31T20:19:00,Low,AST-CSE-16-025,Phishing,TA0001,Open,AN-CSE-16-08,136,4,False,
AL-003267,CSE-16,2026-09-16T03:28:00,Low,AST-CSE-16-020,C2 Beacon,TA0011,Open,AN-CSE-16-08,58,4,False,
AL-003268,CSE-16,2026-09-08T01:18:00,Low,AST-CSE-16-036,Privilege Escalation,TA0004,Closed,AN-CSE-16-04,59,9,False,
AL-003269,CSE-16,2026-09-18T03:16:00,Medium,AST-CSE-16-025,Suspicious Login,TA0001,Open,AN-CSE-16-02,81,5,False,
AL-003270,CSE-16,2026-09-04T16:36:00,Low,AST-CSE-16-013,Phishing,TA0001,Closed,AN-CSE-16-08,130,3,False,
AL-003271,CSE-16,2026-09-05T04:08:00,Medium,AST-CSE-16-024,Suspicious Login,TA0001,Open,AN-CSE-16-06,52,3,False,
AL-003272,CSE-16,2026-09-19T23:16:00,High,AST-CSE-16-008,C2 Beacon,TA0011,Closed,AN-CSE-16-04,7,1,False,
AL-003273,CSE-16,2026-08-24T17:26:00,Medium,AST-CSE-16-026,Exfiltration,TA0010,Open,AN-CSE-16-08,95,8,False,
AL-003274,CSE-16,2026-08-24T04:22:00,Medium,AST-CSE-16-021,Privilege Escalation,TA0004,Open,AN-CSE-16-04,53,6,False,
AL-003275,CSE-16,2026-09-07T12:23:00,Low,AST-CSE-16-007,Suspicious Login,TA0001,Open,AN-CSE-16-03,52,7,False,
AL-003276,CSE-16,2026-08-22T06:36:00,Critical,AST-CSE-16-004,Privilege Escalation,TA0004,Closed,AN-CSE-16-01,35,9,False,
AL-003277,CSE-16,2026-09-07T09:34:00,Low,AST-CSE-16-004,Phishing,TA0001,Open,AN-CSE-16-02,137,4,False,
AL-003278,CSE-16,2026-08-27T16:20:00,Low,AST-CSE-16-017,Exfiltration,TA0010,Closed,AN-CSE-16-02,42,9,False,
AL-003279,CSE-16,2026-09-02T19:52:00,Medium,AST-CSE-16-001,Malware,TA0002,Closed,AN-CSE-16-04,97,8,False,
AL-003280,CSE-16,2026-08-29T14:04:00,Critical,AST-CSE-16-037,Data Access Anomaly,TA0009,Closed,AN-CSE-16-07,65,8,False,
AL-003281,CSE-16,2026-09-04T08:29:00,Medium,AST-CSE-16-004,Exfiltration,TA0010,Closed,AN-CSE-16-08,82,8,False,
AL-003282,CSE-16,2026-09-17T16:52:00,Low,AST-CSE-16-024,Privilege Escalation,TA0004,Open,AN-CSE-16-03,217,7,False,
AL-003283,CSE-16,2026-09-14T09:27:00,Critical,AST-CSE-16-009,Brute Force,TA0006,Escalated,AN-CSE-16-07,46,6,True,
AL-003284,CSE-16,2026-09-07T03:12:00,High,AST-CSE-16-015,Malware,TA0002,Closed,AN-CSE-16-02,126,7,False,
AL-003285,CSE-16,2026-08-21T15:21:00,High,AST-CSE-16-028,Suspicious Login,TA0001,Closed,AN-CSE-16-02,133,6,False,
AL-003286,CSE-16,2026-08-25T17:18:00,High,AST-CSE-16-001,Lateral Movement,TA0008,Closed,AN-CSE-16-02,73,8,False,
AL-003287,CSE-16,2026-09-03T07:04:00,Low,AST-CSE-16-022,Brute Force,TA0006,Closed,AN-CSE-16-07,46,4,False,
AL-003288,CSE-16,2026-09-11T16:06:00,Medium,AST-CSE-16-039,Lateral Movement,TA0008,Closed,AN-CSE-16-06,62,4,False,
AL-003289,CSE-16,2026-09-12T03:41:00,Medium,AST-CSE-16-012,Data Access Anomaly,TA0009,Open,AN-CSE-16-05,83,9,False,
AL-003290,CSE-16,2026-09-17T08:56:00,Medium,AST-CSE-16-028,Suspicious Login,TA0001,Closed,AN-CSE-16-05,76,4,False,
AL-003291,CSE-16,2026-08-28T19:59:00,Critical,AST-CSE-16-028,Exfiltration,TA0010,Escalated,AN-CSE-16-06,137,3,True,
AL-003292,CSE-16,2026-08-29T13:57:00,Medium,AST-CSE-16-021,Privilege Escalation,TA0004,Closed,AN-CSE-16-07,62,9,False,
AL-003293,CSE-16,2026-09-19T06:01:00,Low,AST-CSE-16-034,Policy Violation,TA0005,Closed,AN-CSE-16-06,196,4,False,
AL-003294,CSE-16,2026-09-06T06:53:00,Low,AST-CSE-16-018,C2 Beacon,TA0011,Closed,AN-CSE-16-07,205,6,False,
AL-003295,CSE-16,2026-09-09T19:41:00,High,AST-CSE-16-002,Lateral Movement,TA0008,Open,AN-CSE-16-02,16,4,False,
AL-003296,CSE-16,2026-09-01T17:29:00,Medium,AST-CSE-16-021,Privilege Escalation,TA0004,Open,AN-CSE-16-08,204,6,False,
AL-003297,CSE-16,2026-09-04T17:40:00,Low,AST-CSE-16-013,Data Access Anomaly,TA0009,Closed,AN-CSE-16-06,184,9,False,
AL-003298,CSE-16,2026-09-18T09:56:00,Medium,AST-CSE-16-017,Policy Violation,TA0005,Closed,AN-CSE-16-08,120,6,False,
AL-003299,CSE-16,2026-09-08T23:19:00,Medium,AST-CSE-16-014,Suspicious Login,TA0001,Closed,AN-CSE-16-08,46,3,False,
AL-003300,CSE-16,2026-08-24T06:47:00,Medium,AST-CSE-16-024,Suspicious Login,TA0001,Closed,AN-CSE-16-04,23,7,False,
AL-003301,CSE-16,2026-09-18T12:28:00,Low,AST-CSE-16-024,C2 Beacon,TA0011,Closed,AN-CSE-16-03,62,8,False,
AL-003302,CSE-16,2026-09-13T06:09:00,Medium,AST-CSE-16-036,Brute Force,TA0006,Open,AN-CSE-16-02,140,8,False,
AL-003303,CSE-16,2026-09-14T15:32:00,High,AST-CSE-16-034,Suspicious Login,TA0001,Closed,AN-CSE-16-04,105,9,False,
AL-003304,CSE-16,2026-09-19T20:52:00,High,AST-CSE-16-035,Privilege Escalation,TA0004,Closed,AN-CSE-16-01,129,9,False,
AL-003305,CSE-16,2026-09-05T03:07:00,High,AST-CSE-16-036,Exfiltration,TA0010,Open,AN-CSE-16-02,56,6,False,
AL-003306,CSE-16,2026-09-10T09:50:00,Medium,AST-CSE-16-028,Lateral Movement,TA0008,Open,AN-CSE-16-06,43,8,False,
AL-003307,CSE-16,2026-08-23T09:58:00,Low,AST-CSE-16-002,Malware,TA0002,Closed,AN-CSE-16-02,196,7,False,
AL-003308,CSE-16,2026-09-15T05:16:00,Medium,AST-CSE-16-009,Brute Force,TA0006,Closed,AN-CSE-16-01,127,3,False,
AL-003309,CSE-16,2026-09-19T07:13:00,High,AST-CSE-16-009,Brute Force,TA0006,Closed,AN-CSE-16-04,63,8,False,
AL-003310,CSE-16,2026-09-06T01:09:00,High,AST-CSE-16-010,Exfiltration,TA0010,Open,AN-CSE-16-04,126,9,False,
AL-003311,CSE-16,2026-09-01T08:05:00,Critical,AST-CSE-16-010,Suspicious Login,TA0001,Escalated,AN-CSE-16-07,71,3,True,
AL-003312,CSE-16,2026-09-02T20:14:00,Medium,AST-CSE-16-028,Data Access Anomaly,TA0009,Closed,AN-CSE-16-05,72,9,False,
AL-003313,CSE-16,2026-09-12T09:59:00,Medium,AST-CSE-16-017,Privilege Escalation,TA0004,Open,AN-CSE-16-07,120,5,False,
AL-003314,CSE-16,2026-09-03T02:42:00,Critical,AST-CSE-16-030,Malware,TA0002,Escalated,AN-CSE-16-06,40,5,True,
AL-003315,CSE-16,2026-09-15T17:34:00,Medium,AST-CSE-16-007,Policy Violation,TA0005,Closed,AN-CSE-16-03,170,4,False,
AL-003316,CSE-16,2026-09-10T11:19:00,Medium,AST-CSE-16-007,Phishing,TA0001,Closed,AN-CSE-16-07,200,6,False,
AL-003317,CSE-16,2026-09-14T13:39:00,Medium,AST-CSE-16-013,Phishing,TA0001,Closed,AN-CSE-16-06,82,8,False,
AL-003318,CSE-16,2026-09-09T19:07:00,Low,AST-CSE-16-009,Suspicious Login,TA0001,Open,AN-CSE-16-04,185,6,False,
AL-003319,CSE-16,2026-09-11T12:57:00,Medium,AST-CSE-16-020,Lateral Movement,TA0008,Closed,AN-CSE-16-05,123,4,False,
AL-003320,CSE-16,2026-08-27T08:55:00,Medium,AST-CSE-16-013,Data Access Anomaly,TA0009,Closed,AN-CSE-16-02,218,4,False,
AL-003321,CSE-16,2026-08-25T06:31:00,Low,AST-CSE-16-021,Suspicious Login,TA0001,Closed,AN-CSE-16-08,161,7,False,
AL-003322,CSE-16,2026-09-06T03:26:00,High,AST-CSE-16-026,Malware,TA0002,Closed,AN-CSE-16-01,2,1,False,
AL-003323,CSE-16,2026-09-04T11:15:00,Low,AST-CSE-16-023,Suspicious Login,TA0001,Closed,AN-CSE-16-08,159,6,False,
AL-003324,CSE-16,2026-08-23T04:37:00,High,AST-CSE-16-020,Brute Force,TA0006,Closed,AN-CSE-16-06,6,1,False,
AL-003325,CSE-16,2026-08-28T00:24:00,Critical,AST-CSE-16-039,Brute Force,TA0006,Escalated,AN-CSE-16-07,128,6,True,
AL-003326,CSE-16,2026-08-25T21:23:00,Low,AST-CSE-16-006,Phishing,TA0001,Closed,AN-CSE-16-04,98,9,False,
AL-003327,CSE-16,2026-09-06T03:40:00,Low,AST-CSE-16-030,C2 Beacon,TA0011,Open,AN-CSE-16-02,119,3,False,
AL-003328,CSE-16,2026-09-01T21:02:00,Low,AST-CSE-16-037,Privilege Escalation,TA0004,Open,AN-CSE-16-01,47,5,False,
AL-003329,CSE-16,2026-09-14T05:36:00,High,AST-CSE-16-011,Brute Force,TA0006,Closed,AN-CSE-16-07,146,4,False,
AL-003330,CSE-16,2026-09-18T07:18:00,Low,AST-CSE-16-030,C2 Beacon,TA0011,Closed,AN-CSE-16-04,146,5,False,
AL-003331,CSE-16,2026-08-27T17:22:00,Low,AST-CSE-16-007,Phishing,TA0001,Open,AN-CSE-16-08,240,9,False,
AL-003332,CSE-16,2026-08-22T01:16:00,High,AST-CSE-16-009,Policy Violation,TA0005,Closed,AN-CSE-16-07,5,0,False,
AL-003333,CSE-16,2026-08-22T19:17:00,Low,AST-CSE-16-034,Policy Violation,TA0005,Closed,AN-CSE-16-06,57,7,False,
AL-003334,CSE-16,2026-09-03T15:54:00,Medium,AST-CSE-16-036,Data Access Anomaly,TA0009,Closed,AN-CSE-16-05,167,6,False,
AL-003335,CSE-16,2026-08-22T18:00:00,Low,AST-CSE-16-016,Malware,TA0002,Closed,AN-CSE-16-01,147,7,False,
AL-003336,CSE-16,2026-08-23T12:19:00,Low,AST-CSE-16-040,Data Access Anomaly,TA0009,Open,AN-CSE-16-05,100,6,False,
AL-003337,CSE-16,2026-08-24T10:32:00,Medium,AST-CSE-16-017,Exfiltration,TA0010,Open,AN-CSE-16-07,232,4,False,
AL-003338,CSE-16,2026-08-27T01:42:00,Medium,AST-CSE-16-028,Brute Force,TA0006,Closed,AN-CSE-16-04,135,9,False,
AL-003339,CSE-16,2026-09-19T12:44:00,Low,AST-CSE-16-037,Phishing,TA0001,Closed,AN-CSE-16-04,186,7,False,
AL-003340,CSE-16,2026-08-30T15:15:00,Medium,AST-CSE-16-040,Suspicious Login,TA0001,Open,AN-CSE-16-01,175,8,False,
AL-003341,CSE-16,2026-09-09T21:28:00,Medium,AST-CSE-16-028,Privilege Escalation,TA0004,Closed,AN-CSE-16-04,147,5,False,
AL-003342,CSE-16,2026-09-04T02:08:00,Medium,AST-CSE-16-036,Phishing,TA0001,Closed,AN-CSE-16-04,193,3,False,
AL-003343,CSE-16,2026-08-30T14:54:00,Low,AST-CSE-16-014,Malware,TA0002,Open,AN-CSE-16-08,119,3,False,
AL-003344,CSE-16,2026-08-30T16:00:00,Medium,AST-CSE-16-013,Privilege Escalation,TA0004,Open,AN-CSE-16-08,75,6,False,
AL-003345,CSE-16,2026-08-28T13:28:00,High,AST-CSE-16-011,Brute Force,TA0006,Closed,AN-CSE-16-06,75,4,False,
AL-003346,CSE-16,2026-09-15T18:39:00,Medium,AST-CSE-16-038,Data Access Anomaly,TA0009,Closed,AN-CSE-16-01,77,3,False,
AL-003347,CSE-16,2026-09-06T04:40:00,High,AST-CSE-16-026,Privilege Escalation,TA0004,Closed,AN-CSE-16-06,87,7,False,
AL-003348,CSE-16,2026-09-19T05:52:00,Medium,AST-CSE-16-010,Exfiltration,TA0010,Closed,AN-CSE-16-03,143,6,False,
AL-003349,CSE-16,2026-09-10T10:23:00,Low,AST-CSE-16-019,C2 Beacon,TA0011,Closed,AN-CSE-16-04,100,5,False,
AL-003350,CSE-16,2026-09-16T10:58:00,Low,AST-CSE-16-029,Malware,TA0002,Closed,AN-CSE-16-07,84,3,False,
AL-003351,CSE-16,2026-08-22T00:24:00,Medium,AST-CSE-16-027,Exfiltration,TA0010,Closed,AN-CSE-16-05,224,6,False,
AL-003352,CSE-16,2026-09-12T14:22:00,Medium,AST-CSE-16-011,Phishing,TA0001,Open,AN-CSE-16-02,57,6,False,
AL-003353,CSE-16,2026-09-05T12:35:00,Medium,AST-CSE-16-001,C2 Beacon,TA0011,Closed,AN-CSE-16-02,63,9,False,
AL-003354,CSE-16,2026-08-31T11:37:00,Medium,AST-CSE-16-035,Lateral Movement,TA0008,Open,AN-CSE-16-07,127,7,False,
AL-003355,CSE-16,2026-08-22T03:37:00,Medium,AST-CSE-16-023,Lateral Movement,TA0008,Closed,AN-CSE-16-06,107,7,False,
AL-003356,CSE-16,2026-09-13T13:39:00,Low,AST-CSE-16-004,Brute Force,TA0006,Open,AN-CSE-16-07,147,6,False,
AL-003357,CSE-16,2026-09-14T04:19:00,Low,AST-CSE-16-039,Exfiltration,TA0010,Open,AN-CSE-16-03,239,4,False,
AL-003358,CSE-16,2026-08-24T22:58:00,Medium,AST-CSE-16-039,Malware,TA0002,Closed,AN-CSE-16-01,197,8,False,
AL-003359,CSE-16,2026-08-30T07:33:00,Medium,AST-CSE-16-026,Data Access Anomaly,TA0009,Closed,AN-CSE-16-01,195,4,False,
AL-003360,CSE-16,2026-09-09T14:59:00,Medium,AST-CSE-16-004,Data Access Anomaly,TA0009,Closed,AN-CSE-16-07,217,7,False,
AL-003361,CSE-16,2026-08-28T09:39:00,Critical,AST-CSE-16-028,Policy Violation,TA0005,Escalated,AN-CSE-16-02,29,4,True,
AL-003362,CSE-16,2026-09-18T21:33:00,Medium,AST-CSE-16-014,Exfiltration,TA0010,Closed,AN-CSE-16-08,49,6,False,
AL-003363,CSE-16,2026-08-30T04:12:00,Medium,AST-CSE-16-005,Suspicious Login,TA0001,Closed,AN-CSE-16-04,182,9,False,
AL-003364,CSE-16,2026-09-07T15:21:00,Medium,AST-CSE-16-039,Brute Force,TA0006,Closed,AN-CSE-16-03,237,5,False,
AL-003365,CSE-16,2026-09-14T22:58:00,High,AST-CSE-16-002,Policy Violation,TA0005,Open,AN-CSE-16-01,47,4,False,
AL-003366,CSE-16,2026-09-12T06:31:00,Medium,AST-CSE-16-015,Policy Violation,TA0005,Closed,AN-CSE-16-01,178,7,False,
AL-003367,CSE-16,2026-09-06T06:03:00,Medium,AST-CSE-16-032,Suspicious Login,TA0001,Closed,AN-CSE-16-03,69,4,False,
AL-003368,CSE-16,2026-09-14T22:24:00,Low,AST-CSE-16-034,Malware,TA0002,Open,AN-CSE-16-01,86,6,False,
AL-003369,CSE-16,2026-09-10T07:13:00,Medium,AST-CSE-16-027,Privilege Escalation,TA0004,Open,AN-CSE-16-05,23,9,False,
AL-003370,CSE-16,2026-08-23T03:32:00,Medium,AST-CSE-16-027,Malware,TA0002,Closed,AN-CSE-16-03,85,9,False,
AL-003371,CSE-16,2026-09-05T18:31:00,Medium,AST-CSE-16-012,Privilege Escalation,TA0004,Closed,AN-CSE-16-05,160,7,False,
AL-003372,CSE-16,2026-08-28T13:22:00,Critical,AST-CSE-16-001,Policy Violation,TA0005,Escalated,AN-CSE-16-05,137,6,True,
AL-003373,CSE-19,2026-09-20T12:00:00,High,AST-CSE-19-001,Malware,TA0002,Closed,AN-CSE-19-01,12,1,False,
AL-003374,CSE-19,2026-09-19T12:00:00,High,AST-CSE-19-001,Malware,TA0002,Closed,AN-CSE-19-01,12,1,False,
AL-003375,CSE-19,2026-09-18T12:00:00,High,AST-CSE-19-001,Malware,TA0002,Closed,AN-CSE-19-01,12,1,False,
AL-003376,CSE-19,2026-09-17T12:00:00,High,AST-CSE-19-001,Malware,TA0002,Closed,AN-CSE-19-01,12,1,False,
AL-003377,CSE-19,2026-09-16T12:00:00,High,AST-CSE-19-001,Malware,TA0002,Closed,AN-CSE-19-01,12,1,False,
AL-003378,CSE-19,2026-09-15T12:00:00,High,AST-CSE-19-001,Malware,TA0002,Closed,AN-CSE-19-01,12,1,False,
