case_id,alert_ids,entity_id,creation_timestamp,closure_timestamp,analyst_id,status,closure_notes,root_cause,remediation
CS-000001,AL-000001,CSE-07,2026-09-01T13:40:00,2026-09-01T13:48:00,AN-CSE-07-04,Closed,"Investigated Phishing on AST-CSE-07-018. Pulled IOCs, reviewed 1 artefacts, contained locally. Root cause documented.",,
CS-000002,AL-000002,CSE-07,2026-08-27T18:26:00,2026-08-27T18:34:00,AN-CSE-07-05,Closed,"Investigated Exfiltration on AST-CSE-07-010. Pulled IOCs, reviewed 1 artefacts, contained locally. Root cause documented.",,
CS-000003,AL-000003,CSE-07,2026-09-15T19:29:00,2026-09-15T23:29:00,AN-CSE-07-02,Closed,"Investigated Lateral Movement on AST-CSE-07-024. Pulled IOCs, reviewed 3 artefacts, contained locally. Root cause documented.",Lateral Movement on AST-CSE-07-024,patched / blocked
CS-000004,AL-000004,CSE-07,2026-09-07T23:22:00,2026-09-08T02:03:00,AN-CSE-07-08,Closed,"Investigated C2 Beacon on AST-CSE-07-011. Pulled IOCs, reviewed 9 artefacts, contained locally. Root cause documented.",C2 Beacon on AST-CSE-07-011,patched / blocked
CS-000005,AL-000005,CSE-07,2026-08-26T15:39:00,2026-08-26T16:39:00,AN-CSE-07-02,Closed,"Investigated Suspicious Login on AST-CSE-07-008. Pulled IOCs, reviewed 6 artefacts, contained locally. Root cause documented.",Suspicious Login on AST-CSE-07-008,patched / blocked
CS-000006,AL-000006,CSE-07,2026-09-04T08:05:00,2026-09-04T10:34:00,AN-CSE-07-05,Closed,"Investigated Suspicious Login on AST-CSE-07-017. Pulled IOCs, reviewed 7 artefacts, contained locally. Root cause documented.",Suspicious Login on AST-CSE-07-017,patched / blocked
CS-000007,AL-000007,CSE-07,2026-09-02T19:02:00,2026-09-02T21:27:00,AN-CSE-07-01,Closed,Checked logs. User confirmed activity. Closing ticket. No further action.,Privilege Escalation on AST-CSE-07-010,patched / blocked
CS-000008,AL-000008,CSE-07,2026-08-22T17:55:00,2026-08-22T18:00:00,AN-CSE-07-02,Closed,Closed as false positive.,,
CS-000009,AL-000011,CSE-07,2026-08-28T15:57:00,2026-08-28T16:04:00,AN-CSE-07-04,Closed,Closed as false positive.,,
CS-000010,AL-000012,CSE-07,2026-08-21T17:24:00,2026-08-21T17:33:00,AN-CSE-07-08,Closed,"Investigated Suspicious Login on AST-CSE-07-014. Pulled IOCs, reviewed 1 artefacts, contained locally. Root cause documented.",,
CS-000011,AL-000013,CSE-07,2026-09-07T00:33:00,2026-09-07T00:35:00,AN-CSE-07-07,Closed,"Investigated Phishing on AST-CSE-07-013. Pulled IOCs, reviewed 0 artefacts, contained locally. Root cause documented.",,
CS-000012,AL-000014,CSE-07,2026-09-17T04:48:00,2026-09-17T05:43:00,AN-CSE-07-04,Closed,"Investigated Privilege Escalation on AST-CSE-07-026. Pulled IOCs, reviewed 6 artefacts, contained locally. Root cause documented.",Privilege Escalation on AST-CSE-07-026,patched / blocked
CS-000013,AL-000015,CSE-07,2026-08-22T09:32:00,2026-08-22T12:05:00,AN-CSE-07-02,Closed,"Investigated Policy Violation on AST-CSE-07-018. Pulled IOCs, reviewed 9 artefacts, contained locally. Root cause documented.",Policy Violation on AST-CSE-07-018,patched / blocked
CS-000014,AL-000016,CSE-07,2026-09-04T20:47:00,2026-09-04T20:51:00,AN-CSE-07-07,Closed,"Investigated Lateral Movement on AST-CSE-07-006. Pulled IOCs, reviewed 1 artefacts, contained locally. Root cause documented.",,
CS-000015,AL-000018,CSE-07,2026-09-14T10:23:00,2026-09-14T10:25:00,AN-CSE-07-01,Closed,Checked logs. User confirmed activity. Closing ticket. No further action.,,
CS-000016,AL-000019,CSE-07,2026-09-04T09:06:00,2026-09-04T09:38:00,AN-CSE-07-03,Closed,"Investigated Suspicious Login on AST-CSE-07-033. Pulled IOCs, reviewed 8 artefacts, contained locally. Root cause documented.",Suspicious Login on AST-CSE-07-033,patched / blocked
CS-000017,AL-000021,CSE-07,2026-09-10T04:44:00,2026-09-10T07:49:00,AN-CSE-07-07,Closed,"Investigated Lateral Movement on AST-CSE-07-017. Pulled IOCs, reviewed 5 artefacts, contained locally. Root cause documented.",Lateral Movement on AST-CSE-07-017,patched / blocked
CS-000018,AL-000022,CSE-07,2026-08-31T17:54:00,2026-08-31T18:00:00,AN-CSE-07-02,Closed,Closed as false positive.,,
CS-000019,AL-000026,CSE-07,2026-08-24T10:55:00,2026-08-24T11:26:00,AN-CSE-07-07,Closed,"Investigated Exfiltration on AST-CSE-07-032. Pulled IOCs, reviewed 3 artefacts, contained locally. Root cause documented.",Exfiltration on AST-CSE-07-032,patched / blocked
CS-000020,AL-000027,CSE-07,2026-09-05T18:15:00,2026-09-05T18:18:00,AN-CSE-07-07,Closed,"Investigated Exfiltration on AST-CSE-07-009. Pulled IOCs, reviewed 0 artefacts, contained locally. Root cause documented.",,
CS-000021,AL-000028,CSE-07,2026-09-08T17:25:00,2026-09-08T17:33:00,AN-CSE-07-03,Closed,Closed as false positive.,,
CS-000022,AL-000029,CSE-07,2026-08-30T08:38:00,2026-08-30T12:09:00,AN-CSE-07-07,Closed,"Investigated Lateral Movement on AST-CSE-07-023. Pulled IOCs, reviewed 4 artefacts, contained locally. Root cause documented.",Lateral Movement on AST-CSE-07-023,patched / blocked
CS-000023,AL-000031,CSE-07,2026-09-16T23:05:00,2026-09-17T00:21:00,AN-CSE-07-01,Closed,Checked logs. User confirmed activity. Closing ticket. No further action.,Brute Force on AST-CSE-07-018,patched / blocked
CS-000024,AL-000032,CSE-07,2026-08-30T05:35:00,2026-08-30T05:38:00,AN-CSE-07-06,Closed,"Investigated Lateral Movement on AST-CSE-07-020. Pulled IOCs, reviewed 1 artefacts, contained locally. Root cause documented.",,
CS-000025,AL-000034,CSE-07,2026-08-28T01:33:00,2026-08-28T04:20:00,AN-CSE-07-02,Closed,"Investigated Data Access Anomaly on AST-CSE-07-007. Pulled IOCs, reviewed 4 artefacts, contained locally. Root cause documented.",Data Access Anomaly on AST-CSE-07-007,patched / blocked
CS-000026,AL-000035,CSE-07,2026-08-25T18:17:00,2026-08-25T18:54:00,AN-CSE-07-04,Closed,"Investigated Malware on AST-CSE-07-028. Pulled IOCs, reviewed 8 artefacts, contained locally. Root cause documented.",Malware on AST-CSE-07-028,patched / blocked
CS-000027,AL-000036,CSE-07,2026-09-16T12:03:00,2026-09-16T15:13:00,AN-CSE-07-05,Closed,"Investigated Privilege Escalation on AST-CSE-07-040. Pulled IOCs, reviewed 6 artefacts, contained locally. Root cause documented.",Privilege Escalation on AST-CSE-07-040,patched / blocked
CS-000028,AL-000039,CSE-07,2026-08-30T05:28:00,2026-08-30T09:11:00,AN-CSE-07-08,Closed,"Investigated Policy Violation on AST-CSE-07-021. Pulled IOCs, reviewed 8 artefacts, contained locally. Root cause documented.",Policy Violation on AST-CSE-07-021,patched / blocked
CS-000029,AL-000041,CSE-07,2026-09-16T11:58:00,2026-09-16T14:54:00,AN-CSE-07-04,Closed,"Investigated Lateral Movement on AST-CSE-07-020. Pulled IOCs, reviewed 9 artefacts, contained locally. Root cause documented.",Lateral Movement on AST-CSE-07-020,patched / blocked
CS-000030,AL-000043,CSE-07,2026-09-13T06:09:00,2026-09-13T07:32:00,AN-CSE-07-08,Closed,"Investigated Phishing on AST-CSE-07-001. Pulled IOCs, reviewed 9 artefacts, contained locally. Root cause documented.",Phishing on AST-CSE-07-001,patched / blocked
CS-000031,AL-000045,CSE-07,2026-09-02T21:03:00,2026-09-02T23:24:00,AN-CSE-07-03,Closed,"Investigated C2 Beacon on AST-CSE-07-033. Pulled IOCs, reviewed 6 artefacts, contained locally. Root cause documented.",C2 Beacon on AST-CSE-07-033,patched / blocked
CS-000032,AL-000046,CSE-07,2026-09-13T03:32:00,2026-09-13T04:52:00,AN-CSE-07-02,Closed,"Investigated Suspicious Login on AST-CSE-07-018. Pulled IOCs, reviewed 5 artefacts, contained locally. Root cause documented.",Suspicious Login on AST-CSE-07-018,patched / blocked
CS-000033,AL-000047,CSE-07,2026-09-16T04:36:00,2026-09-16T04:39:00,AN-CSE-07-03,Closed,"Investigated Suspicious Login on AST-CSE-07-021. Pulled IOCs, reviewed 1 artefacts, contained locally. Root cause documented.",,
CS-000034,AL-000052,CSE-07,2026-09-06T06:57:00,2026-09-06T07:02:00,AN-CSE-07-05,Closed,"Investigated C2 Beacon on AST-CSE-07-006. Pulled IOCs, reviewed 1 artefacts, contained locally. Root cause documented.",,
CS-000035,AL-000053,CSE-07,2026-09-08T03:12:00,2026-09-08T03:52:00,AN-CSE-07-07,Closed,"Investigated Privilege Escalation on AST-CSE-07-021. Pulled IOCs, reviewed 6 artefacts, contained locally. Root cause documented.",Privilege Escalation on AST-CSE-07-021,patched / blocked
CS-000036,AL-000054,CSE-07,2026-09-09T04:19:00,2026-09-09T07:25:00,AN-CSE-07-02,Closed,"Investigated Malware on AST-CSE-07-035. Pulled IOCs, reviewed 3 artefacts, contained locally. Root cause documented.",Malware on AST-CSE-07-035,patched / blocked
CS-000037,AL-000056,CSE-07,2026-08-31T12:15:00,2026-08-31T12:19:00,AN-CSE-07-02,Closed,"Investigated Privilege Escalation on AST-CSE-07-017. Pulled IOCs, reviewed 1 artefacts, contained locally. Root cause documented.",,
CS-000038,AL-000057,CSE-07,2026-09-10T17:17:00,2026-09-10T17:22:00,AN-CSE-07-07,Closed,Closed as false positive.,,
CS-000039,AL-000058,CSE-07,2026-09-01T08:10:00,2026-09-01T10:19:00,AN-CSE-07-01,Closed,Reviewed alert. No malicious activity observed. Closed as false positive per SOP.,Exfiltration on AST-CSE-07-007,patched / blocked
CS-000040,AL-000059,CSE-07,2026-09-06T20:54:00,2026-09-06T21:01:00,AN-CSE-07-07,Closed,Closed as false positive.,,
CS-000041,AL-000060,CSE-07,2026-09-05T22:08:00,2026-09-05T23:30:00,AN-CSE-07-05,Closed,"Investigated Suspicious Login on AST-CSE-07-040. Pulled IOCs, reviewed 9 artefacts, contained locally. Root cause documented.",Suspicious Login on AST-CSE-07-040,patched / blocked
CS-000042,AL-000061,CSE-07,2026-09-05T17:21:00,2026-09-05T17:30:00,AN-CSE-07-07,Closed,"Investigated Policy Violation on AST-CSE-07-018. Pulled IOCs, reviewed 1 artefacts, contained locally. Root cause documented.",,
CS-000043,AL-000062,CSE-07,2026-08-26T03:39:00,2026-08-26T03:45:00,AN-CSE-07-05,Closed,"Investigated Policy Violation on AST-CSE-07-012. Pulled IOCs, reviewed 0 artefacts, contained locally. Root cause documented.",,
CS-000044,AL-000063,CSE-07,2026-08-27T22:29:00,2026-08-27T22:38:00,AN-CSE-07-04,Closed,"Investigated Lateral Movement on AST-CSE-07-034. Pulled IOCs, reviewed 1 artefacts, contained locally. Root cause documented.",,
CS-000045,AL-000065,CSE-07,2026-08-27T18:39:00,2026-08-27T20:08:00,AN-CSE-07-06,Closed,"Investigated Privilege Escalation on AST-CSE-07-034. Pulled IOCs, reviewed 5 artefacts, contained locally. Root cause documented.",Privilege Escalation on AST-CSE-07-034,patched / blocked
CS-000046,AL-000066,CSE-07,2026-08-27T18:12:00,2026-08-27T21:41:00,AN-CSE-07-03,Closed,"Investigated Lateral Movement on AST-CSE-07-008. Pulled IOCs, reviewed 6 artefacts, contained locally. Root cause documented.",Lateral Movement on AST-CSE-07-008,patched / blocked
CS-000047,AL-000068,CSE-07,2026-09-18T18:42:00,2026-09-18T22:14:00,AN-CSE-07-03,Closed,"Investigated Brute Force on AST-CSE-07-035. Pulled IOCs, reviewed 6 artefacts, contained locally. Root cause documented.",Brute Force on AST-CSE-07-035,patched / blocked
CS-000048,AL-000069,CSE-07,2026-09-04T21:39:00,2026-09-04T23:03:00,AN-CSE-07-03,Closed,"Investigated Data Access Anomaly on AST-CSE-07-001. Pulled IOCs, reviewed 9 artefacts, contained locally. Root cause documented.",Data Access Anomaly on AST-CSE-07-001,patched / blocked
CS-000049,AL-000070,CSE-07,2026-09-17T17:20:00,2026-09-17T21:07:00,AN-CSE-07-01,Closed,Reviewed alert. No malicious activity observed. Closed as false positive per SOP.,Phishing on AST-CSE-07-008,patched / blocked
CS-000050,AL-000071,CSE-07,2026-08-31T16:10:00,2026-08-31T18:07:00,AN-CSE-07-04,Closed,"Investigated Suspicious Login on AST-CSE-07-008. Pulled IOCs, reviewed 6 artefacts, contained locally. Root cause documented.",Suspicious Login on AST-CSE-07-008,patched / blocked
CS-000051,AL-000072,CSE-07,2026-09-10T17:21:00,2026-09-10T20:50:00,AN-CSE-07-01,Closed,Reviewed alert. No malicious activity observed. Closed as false positive per SOP.,Data Access Anomaly on AST-CSE-07-020,patched / blocked
CS-000052,AL-000075,CSE-07,2026-09-12T15:51:00,2026-09-12T15:54:00,AN-CSE-07-05,Closed,"Investigated C2 Beacon on AST-CSE-07-013. Pulled IOCs, reviewed 0 artefacts, contained locally. Root cause documented.",,
CS-000053,AL-000076,CSE-07,2026-08-24T17:02:00,2026-08-24T19:21:00,AN-CSE-07-05,Closed,"Investigated Exfiltration on AST-CSE-07-011. Pulled IOCs, reviewed 8 artefacts, contained locally. Root cause documented.",Exfiltration on AST-CSE-07-011,patched / blocked
CS-000054,AL-000078,CSE-07,2026-08-29T17:23:00,2026-08-29T17:29:00,AN-CSE-07-01,Closed,Reviewed alert. No malicious activity observed. Closed as false positive per SOP.,,
CS-000055,AL-000079,CSE-07,2026-08-22T03:49:00,2026-08-22T06:14:00,AN-CSE-07-07,Closed,"Investigated Suspicious Login on AST-CSE-07-031. Pulled IOCs, reviewed 3 artefacts, contained locally. Root cause documented.",Suspicious Login on AST-CSE-07-031,patched / blocked
CS-000056,AL-000080,CSE-07,2026-08-30T08:06:00,2026-08-30T11:23:00,AN-CSE-07-03,Closed,"Investigated C2 Beacon on AST-CSE-07-023. Pulled IOCs, reviewed 6 artefacts, contained locally. Root cause documented.",C2 Beacon on AST-CSE-07-023,patched / blocked
CS-000057,AL-000081,CSE-07,2026-09-18T01:44:00,2026-09-18T03:42:00,AN-CSE-07-06,Closed,"Investigated Suspicious Login on AST-CSE-07-026. Pulled IOCs, reviewed 9 artefacts, contained locally. Root cause documented.",Suspicious Login on AST-CSE-07-026,patched / blocked
CS-000058,AL-000082,CSE-07,2026-09-13T19:37:00,2026-09-13T23:11:00,AN-CSE-07-08,Closed,"Investigated Policy Violation on AST-CSE-07-035. Pulled IOCs, reviewed 3 artefacts, contained locally. Root cause documented.",Policy Violation on AST-CSE-07-035,patched / blocked
CS-000059,AL-000083,CSE-07,2026-09-10T21:04:00,2026-09-11T00:00:00,AN-CSE-07-08,Closed,"Investigated Suspicious Login on AST-CSE-07-018. Pulled IOCs, reviewed 7 artefacts, contained locally. Root cause documented.",Suspicious Login on AST-CSE-07-018,patched / blocked
CS-000060,AL-000084,CSE-07,2026-09-02T22:55:00,2026-09-02T23:44:00,AN-CSE-07-04,Closed,"Investigated Exfiltration on AST-CSE-07-011. Pulled IOCs, reviewed 6 artefacts, contained locally. Root cause documented.",Exfiltration on AST-CSE-07-011,patched / blocked
CS-000061,AL-000085,CSE-07,2026-09-10T19:15:00,2026-09-10T21:38:00,AN-CSE-07-05,Closed,"Investigated Policy Violation on AST-CSE-07-010. Pulled IOCs, reviewed 6 artefacts, contained locally. Root cause documented.",Policy Violation on AST-CSE-07-010,patched / blocked
CS-000062,AL-000086,CSE-07,2026-09-13T16:28:00,2026-09-13T16:34:00,AN-CSE-07-03,Closed,"Investigated Suspicious Login on AST-CSE-07-030. Pulled IOCs, reviewed 1 artefacts, contained locally. Root cause documented.",,
CS-000063,AL-000087,CSE-07,2026-09-20T02:14:00,2026-09-20T05:02:00,AN-CSE-07-05,Closed,"Investigated Suspicious Login on AST-CSE-07-022. Pulled IOCs, reviewed 8 artefacts, contained locally. Root cause documented.",Suspicious Login on AST-CSE-07-022,patched / blocked
CS-000064,AL-000088,CSE-07,2026-09-09T01:25:00,2026-09-09T03:07:00,AN-CSE-07-07,Closed,"Investigated Policy Violation on AST-CSE-07-010. Pulled IOCs, reviewed 9 artefacts, contained locally. Root cause documented.",Policy Violation on AST-CSE-07-010,patched / blocked
CS-000065,AL-000089,CSE-07,2026-08-26T22:58:00,2026-08-26T23:06:00,AN-CSE-07-06,Closed,"Investigated C2 Beacon on AST-CSE-07-037. Pulled IOCs, reviewed 1 artefacts, contained locally. Root cause documented.",,
CS-000066,AL-000090,CSE-07,2026-09-15T19:23:00,2026-09-15T23:19:00,AN-CSE-07-06,Closed,"Investigated Policy Violation on AST-CSE-07-010. Pulled IOCs, reviewed 6 artefacts, contained locally. Root cause documented.",Policy Violation on AST-CSE-07-010,patched / blocked
CS-000067,AL-000091,CSE-07,2026-09-15T22:05:00,2026-09-15T23:27:00,AN-CSE-07-03,Closed,"Investigated Policy Violation on AST-CSE-07-034. Pulled IOCs, reviewed 5 artefacts, contained locally. Root cause documented.",Policy Violation on AST-CSE-07-034,patched / blocked
CS-000068,AL-000092,CSE-07,2026-09-09T15:15:00,2026-09-09T15:44:00,AN-CSE-07-08,Closed,"Investigated Suspicious Login on AST-CSE-07-022. Pulled IOCs, reviewed 7 artefacts, contained locally. Root cause documented.",Suspicious Login on AST-CSE-07-022,patched / blocked
CS-000069,AL-000093,CSE-07,2026-09-07T08:12:00,2026-09-07T11:29:00,AN-CSE-07-02,Closed,"Investigated Lateral Movement on AST-CSE-07-019. Pulled IOCs, reviewed 5 artefacts, contained locally. Root cause documented.",Lateral Movement on AST-CSE-07-019,patched / blocked
CS-000070,AL-000094,CSE-07,2026-09-08T22:51:00,2026-09-09T01:35:00,AN-CSE-07-04,Closed,"Investigated Malware on AST-CSE-07-021. Pulled IOCs, reviewed 8 artefacts, contained locally. Root cause documented.",Malware on AST-CSE-07-021,patched / blocked
CS-000071,AL-000095,CSE-07,2026-08-23T23:21:00,2026-08-23T23:25:00,AN-CSE-07-04,Closed,Closed as false positive.,,
CS-000072,AL-000096,CSE-07,2026-09-06T02:17:00,2026-09-06T04:05:00,AN-CSE-07-03,Closed,"Investigated Malware on AST-CSE-07-017. Pulled IOCs, reviewed 7 artefacts, contained locally. Root cause documented.",Malware on AST-CSE-07-017,patched / blocked
CS-000073,AL-000097,CSE-07,2026-09-11T05:36:00,2026-09-11T07:33:00,AN-CSE-07-08,Closed,"Investigated Exfiltration on AST-CSE-07-028. Pulled IOCs, reviewed 7 artefacts, contained locally. Root cause documented.",Exfiltration on AST-CSE-07-028,patched / blocked
CS-000074,AL-000100,CSE-07,2026-08-26T12:11:00,2026-08-26T12:13:00,AN-CSE-07-03,Closed,"Investigated Data Access Anomaly on AST-CSE-07-013. Pulled IOCs, reviewed 1 artefacts, contained locally. Root cause documented.",,
CS-000075,AL-000101,CSE-07,2026-08-28T07:55:00,2026-08-28T10:01:00,AN-CSE-07-05,Closed,"Investigated Malware on AST-CSE-07-029. Pulled IOCs, reviewed 4 artefacts, contained locally. Root cause documented.",Malware on AST-CSE-07-029,patched / blocked
CS-000076,AL-000102,CSE-07,2026-09-08T19:28:00,2026-09-08T20:53:00,AN-CSE-07-05,Closed,"Investigated Suspicious Login on AST-CSE-07-009. Pulled IOCs, reviewed 9 artefacts, contained locally. Root cause documented.",Suspicious Login on AST-CSE-07-009,patched / blocked
CS-000077,AL-000103,CSE-07,2026-09-06T09:51:00,2026-09-06T13:16:00,AN-CSE-07-04,Closed,"Investigated Privilege Escalation on AST-CSE-07-019. Pulled IOCs, reviewed 8 artefacts, contained locally. Root cause documented.",Privilege Escalation on AST-CSE-07-019,patched / blocked
CS-000078,AL-000104,CSE-07,2026-09-08T11:44:00,2026-09-08T11:50:00,AN-CSE-07-02,Closed,"Investigated Privilege Escalation on AST-CSE-07-036. Pulled IOCs, reviewed 1 artefacts, contained locally. Root cause documented.",,
CS-000079,AL-000105,CSE-07,2026-09-05T11:21:00,2026-09-05T12:37:00,AN-CSE-07-06,Closed,"Investigated Phishing on AST-CSE-07-024. Pulled IOCs, reviewed 8 artefacts, contained locally. Root cause documented.",Phishing on AST-CSE-07-024,patched / blocked
CS-000080,AL-000106,CSE-07,2026-09-17T07:58:00,2026-09-17T10:24:00,AN-CSE-07-01,Closed,Reviewed alert. No malicious activity observed. Closed as false positive per SOP.,Exfiltration on AST-CSE-07-030,patched / blocked
CS-000081,AL-000107,CSE-07,2026-09-08T14:13:00,2026-09-08T17:39:00,AN-CSE-07-07,Closed,"Investigated Brute Force on AST-CSE-07-035. Pulled IOCs, reviewed 4 artefacts, contained locally. Root cause documented.",Brute Force on AST-CSE-07-035,patched / blocked
CS-000082,AL-000108,CSE-07,2026-09-12T10:16:00,2026-09-12T12:29:00,AN-CSE-07-06,Closed,"Investigated Policy Violation on AST-CSE-07-007. Pulled IOCs, reviewed 4 artefacts, contained locally. Root cause documented.",Policy Violation on AST-CSE-07-007,patched / blocked
CS-000083,AL-000109,CSE-07,2026-08-31T00:57:00,2026-08-31T01:48:00,AN-CSE-07-07,Closed,"Investigated Privilege Escalation on AST-CSE-07-007. Pulled IOCs, reviewed 9 artefacts, contained locally. Root cause documented.",Privilege Escalation on AST-CSE-07-007,patched / blocked
CS-000084,AL-000111,CSE-07,2026-09-03T05:23:00,2026-09-03T06:42:00,AN-CSE-07-04,Closed,"Investigated Phishing on AST-CSE-07-014. Pulled IOCs, reviewed 5 artefacts, contained locally. Root cause documented.",Phishing on AST-CSE-07-014,patched / blocked
CS-000085,AL-000112,CSE-07,2026-09-16T07:26:00,2026-09-16T08:14:00,AN-CSE-07-05,Closed,"Investigated Malware on AST-CSE-07-039. Pulled IOCs, reviewed 8 artefacts, contained locally. Root cause documented.",Malware on AST-CSE-07-039,patched / blocked
CS-000086,AL-000113,CSE-07,2026-08-26T04:23:00,2026-08-26T05:50:00,AN-CSE-07-06,Closed,"Investigated Malware on AST-CSE-07-009. Pulled IOCs, reviewed 3 artefacts, contained locally. Root cause documented.",Malware on AST-CSE-07-009,patched / blocked
CS-000087,AL-000114,CSE-07,2026-09-17T20:32:00,2026-09-17T20:35:00,AN-CSE-07-06,Closed,"Investigated Suspicious Login on AST-CSE-07-027. Pulled IOCs, reviewed 1 artefacts, contained locally. Root cause documented.",,
CS-000088,AL-000115,CSE-07,2026-09-18T12:10:00,2026-09-18T12:37:00,AN-CSE-07-05,Closed,"Investigated Lateral Movement on AST-CSE-07-033. Pulled IOCs, reviewed 3 artefacts, contained locally. Root cause documented.",Lateral Movement on AST-CSE-07-033,patched / blocked
CS-000089,AL-000117,CSE-07,2026-08-31T15:23:00,2026-08-31T15:29:00,AN-CSE-07-06,Closed,"Investigated Phishing on AST-CSE-07-010. Pulled IOCs, reviewed 1 artefacts, contained locally. Root cause documented.",,
CS-000090,AL-000118,CSE-07,2026-08-25T13:53:00,2026-08-25T15:11:00,AN-CSE-07-04,Closed,"Investigated Data Access Anomaly on AST-CSE-07-033. Pulled IOCs, reviewed 6 artefacts, contained locally. Root cause documented.",Data Access Anomaly on AST-CSE-07-033,patched / blocked
CS-000091,AL-000120,CSE-07,2026-09-18T09:33:00,2026-09-18T09:40:00,AN-CSE-07-02,Closed,"Investigated Phishing on AST-CSE-07-031. Pulled IOCs, reviewed 0 artefacts, contained locally. Root cause documented.",,
CS-000092,AL-000121,CSE-07,2026-09-02T18:39:00,2026-09-02T21:49:00,AN-CSE-07-02,Closed,"Investigated Malware on AST-CSE-07-036. Pulled IOCs, reviewed 9 artefacts, contained locally. Root cause documented.",Malware on AST-CSE-07-036,patched / blocked
CS-000093,AL-000122,CSE-07,2026-09-16T17:28:00,2026-09-16T19:51:00,AN-CSE-07-04,Closed,"Investigated Data Access Anomaly on AST-CSE-07-019. Pulled IOCs, reviewed 4 artefacts, contained locally. Root cause documented.",Data Access Anomaly on AST-CSE-07-019,patched / blocked
CS-000094,AL-000124,CSE-07,2026-08-21T14:07:00,2026-08-21T14:10:00,AN-CSE-07-05,Closed,Closed as false positive.,,
CS-000095,AL-000125,CSE-07,2026-08-27T15:59:00,2026-08-27T16:03:00,AN-CSE-07-02,Closed,Closed as false positive.,,
CS-000096,AL-000128,CSE-07,2026-09-10T14:17:00,2026-09-10T15:55:00,AN-CSE-07-08,Closed,"Investigated Privilege Escalation on AST-CSE-07-008. Pulled IOCs, reviewed 3 artefacts, contained locally. Root cause documented.",Privilege Escalation on AST-CSE-07-008,patched / blocked
CS-000097,AL-000129,CSE-07,2026-09-14T02:47:00,2026-09-14T02:52:00,AN-CSE-07-03,Closed,Closed as false positive.,,
CS-000098,AL-000130,CSE-07,2026-08-29T04:28:00,2026-08-29T08:28:00,AN-CSE-07-06,Closed,"Investigated Brute Force on AST-CSE-07-012. Pulled IOCs, reviewed 8 artefacts, contained locally. Root cause documented.",Brute Force on AST-CSE-07-012,patched / blocked
CS-000099,AL-000131,CSE-07,2026-09-18T01:24:00,2026-09-18T04:45:00,AN-CSE-07-07,Closed,"Investigated Malware on AST-CSE-07-028. Pulled IOCs, reviewed 8 artefacts, contained locally. Root cause documented.",Malware on AST-CSE-07-028,patched / blocked
CS-000100,AL-000132,CSE-07,2026-09-10T06:09:00,2026-09-10T08:01:00,AN-CSE-07-08,Closed,"Investigated Phishing on AST-CSE-07-019. Pulled IOCs, reviewed 3 artefacts, contained locally. Root cause documented.",Phishing on AST-CSE-07-019,patched / blocked
CS-000101,AL-000133,CSE-07,2026-09-07T19:55:00,2026-09-07T23:25:00,AN-CSE-07-07,Closed,"Investigated Lateral Movement on AST-CSE-07-007. Pulled IOCs, reviewed 5 artefacts, contained locally. Root cause documented.",Lateral Movement on AST-CSE-07-007,patched / blocked
CS-000102,AL-000134,CSE-07,2026-08-31T08:27:00,2026-08-31T08:34:00,AN-CSE-07-04,Closed,Closed as false positive.,,
CS-000103,AL-000135,CSE-07,2026-09-12T05:49:00,2026-09-12T05:52:00,AN-CSE-07-03,Closed,"Investigated Lateral Movement on AST-CSE-07-010. Pulled IOCs, reviewed 0 artefacts, contained locally. Root cause documented.",,
CS-000104,AL-000136,CSE-07,2026-08-26T17:32:00,2026-08-26T20:32:00,AN-CSE-07-06,Closed,"Investigated Policy Violation on AST-CSE-07-032. Pulled IOCs, reviewed 5 artefacts, contained locally. Root cause documented.",Policy Violation on AST-CSE-07-032,patched / blocked
CS-000105,AL-000137,CSE-07,2026-08-31T02:10:00,2026-08-31T04:00:00,AN-CSE-07-05,Closed,"Investigated Phishing on AST-CSE-07-029. Pulled IOCs, reviewed 7 artefacts, contained locally. Root cause documented.",Phishing on AST-CSE-07-029,patched / blocked
CS-000106,AL-000144,CSE-07,2026-08-30T07:02:00,2026-08-30T07:10:00,AN-CSE-07-06,Closed,"Investigated Privilege Escalation on AST-CSE-07-010. Pulled IOCs, reviewed 0 artefacts, contained locally. Root cause documented.",,
CS-000107,AL-000146,CSE-07,2026-09-06T19:37:00,2026-09-06T20:43:00,AN-CSE-07-01,Closed,Checked logs. User confirmed activity. Closing ticket. No further action.,Phishing on AST-CSE-07-034,patched / blocked
CS-000108,AL-000150,CSE-07,2026-09-10T20:03:00,2026-09-10T22:49:00,AN-CSE-07-04,Closed,"Investigated Lateral Movement on AST-CSE-07-029. Pulled IOCs, reviewed 6 artefacts, contained locally. Root cause documented.",Lateral Movement on AST-CSE-07-029,patched / blocked
CS-000109,AL-000151,CSE-07,2026-09-07T06:08:00,2026-09-07T07:03:00,AN-CSE-07-04,Closed,"Investigated C2 Beacon on AST-CSE-07-019. Pulled IOCs, reviewed 9 artefacts, contained locally. Root cause documented.",C2 Beacon on AST-CSE-07-019,patched / blocked
CS-000110,AL-000152,CSE-07,2026-09-16T13:06:00,2026-09-16T16:41:00,AN-CSE-07-02,Closed,"Investigated Privilege Escalation on AST-CSE-07-031. Pulled IOCs, reviewed 4 artefacts, contained locally. Root cause documented.",Privilege Escalation on AST-CSE-07-031,patched / blocked
CS-000111,AL-000153,CSE-07,2026-09-07T09:02:00,2026-09-07T09:09:00,AN-CSE-07-04,Closed,"Investigated Suspicious Login on AST-CSE-07-029. Pulled IOCs, reviewed 0 artefacts, contained locally. Root cause documented.",,
CS-000112,AL-000154,CSE-07,2026-09-09T04:36:00,2026-09-09T05:03:00,AN-CSE-07-02,Closed,"Investigated Malware on AST-CSE-07-027. Pulled IOCs, reviewed 5 artefacts, contained locally. Root cause documented.",Malware on AST-CSE-07-027,patched / blocked
CS-000113,AL-000155,CSE-07,2026-09-10T20:16:00,2026-09-10T20:25:00,AN-CSE-07-03,Closed,"Investigated Brute Force on AST-CSE-07-022. Pulled IOCs, reviewed 1 artefacts, contained locally. Root cause documented.",,
CS-000114,AL-000159,CSE-07,2026-09-09T04:24:00,2026-09-09T04:30:00,AN-CSE-07-07,Closed,Closed as false positive.,,
CS-000115,AL-000160,CSE-07,2026-09-08T00:44:00,2026-09-08T00:51:00,AN-CSE-07-01,Closed,Closed as false positive.,,
CS-000116,AL-000161,CSE-07,2026-09-09T15:49:00,2026-09-09T18:11:00,AN-CSE-07-08,Closed,"Investigated Malware on AST-CSE-07-009. Pulled IOCs, reviewed 8 artefacts, contained locally. Root cause documented.",Malware on AST-CSE-07-009,patched / blocked
CS-000117,AL-000162,CSE-07,2026-09-06T10:42:00,2026-09-06T11:53:00,AN-CSE-07-04,Closed,"Investigated Phishing on AST-CSE-07-009. Pulled IOCs, reviewed 3 artefacts, contained locally. Root cause documented.",Phishing on AST-CSE-07-009,patched / blocked
CS-000118,AL-000163,CSE-07,2026-08-24T18:30:00,2026-08-24T21:35:00,AN-CSE-07-05,Closed,"Investigated Suspicious Login on AST-CSE-07-020. Pulled IOCs, reviewed 4 artefacts, contained locally. Root cause documented.",Suspicious Login on AST-CSE-07-020,patched / blocked
CS-000119,AL-000164,CSE-07,2026-09-10T03:53:00,2026-09-10T05:55:00,AN-CSE-07-06,Closed,"Investigated Malware on AST-CSE-07-023. Pulled IOCs, reviewed 8 artefacts, contained locally. Root cause documented.",Malware on AST-CSE-07-023,patched / blocked
CS-000120,AL-000165,CSE-07,2026-09-04T13:29:00,2026-09-04T16:01:00,AN-CSE-07-06,Closed,"Investigated Privilege Escalation on AST-CSE-07-025. Pulled IOCs, reviewed 5 artefacts, contained locally. Root cause documented.",Privilege Escalation on AST-CSE-07-025,patched / blocked
CS-000121,AL-000167,CSE-07,2026-08-28T22:50:00,2026-08-28T23:20:00,AN-CSE-07-08,Closed,"Investigated Exfiltration on AST-CSE-07-019. Pulled IOCs, reviewed 8 artefacts, contained locally. Root cause documented.",Exfiltration on AST-CSE-07-019,patched / blocked
CS-000122,AL-000170,CSE-07,2026-09-02T10:22:00,2026-09-02T12:16:00,AN-CSE-07-03,Closed,"Investigated Privilege Escalation on AST-CSE-07-024. Pulled IOCs, reviewed 5 artefacts, contained locally. Root cause documented.",Privilege Escalation on AST-CSE-07-024,patched / blocked
CS-000123,AL-000171,CSE-07,2026-09-08T23:40:00,2026-09-08T23:43:00,AN-CSE-07-05,Closed,"Investigated Data Access Anomaly on AST-CSE-07-005. Pulled IOCs, reviewed 0 artefacts, contained locally. Root cause documented.",,
CS-000124,AL-000172,CSE-07,2026-08-21T18:53:00,2026-08-21T22:13:00,AN-CSE-07-05,Closed,"Investigated Policy Violation on AST-CSE-07-012. Pulled IOCs, reviewed 6 artefacts, contained locally. Root cause documented.",Policy Violation on AST-CSE-07-012,patched / blocked
CS-000125,AL-000174,CSE-07,2026-08-24T01:18:00,2026-08-24T03:58:00,AN-CSE-07-06,Closed,"Investigated Phishing on AST-CSE-07-029. Pulled IOCs, reviewed 7 artefacts, contained locally. Root cause documented.",Phishing on AST-CSE-07-029,patched / blocked
CS-000126,AL-000175,CSE-07,2026-08-21T13:20:00,2026-08-21T15:50:00,AN-CSE-07-03,Closed,"Investigated Brute Force on AST-CSE-07-020. Pulled IOCs, reviewed 4 artefacts, contained locally. Root cause documented.",Brute Force on AST-CSE-07-020,patched / blocked
CS-000127,AL-000176,CSE-07,2026-09-05T11:37:00,2026-09-05T11:41:00,AN-CSE-07-06,Closed,"Investigated Brute Force on AST-CSE-07-013. Pulled IOCs, reviewed 0 artefacts, contained locally. Root cause documented.",,
CS-000128,AL-000177,CSE-07,2026-08-28T12:30:00,2026-08-28T16:20:00,AN-CSE-07-07,Closed,"Investigated Exfiltration on AST-CSE-07-005. Pulled IOCs, reviewed 7 artefacts, contained locally. Root cause documented.",Exfiltration on AST-CSE-07-005,patched / blocked
CS-000129,AL-000179,CSE-07,2026-09-15T22:28:00,2026-09-16T01:00:00,AN-CSE-07-01,Closed,Reviewed alert. No malicious activity observed. Closed as false positive per SOP.,Brute Force on AST-CSE-07-038,patched / blocked
CS-000130,AL-000181,CSE-07,2026-09-10T16:26:00,2026-09-10T16:30:00,AN-CSE-07-02,Closed,"Investigated Exfiltration on AST-CSE-07-036. Pulled IOCs, reviewed 0 artefacts, contained locally. Root cause documented.",,
CS-000131,AL-000182,CSE-07,2026-09-01T01:07:00,2026-09-01T01:34:00,AN-CSE-07-01,Closed,Checked logs. User confirmed activity. Closing ticket. No further action.,Data Access Anomaly on AST-CSE-07-011,patched / blocked
CS-000132,AL-000183,CSE-07,2026-08-31T11:29:00,2026-08-31T13:06:00,AN-CSE-07-05,Closed,"Investigated Data Access Anomaly on AST-CSE-07-014. Pulled IOCs, reviewed 6 artefacts, contained locally. Root cause documented.",Data Access Anomaly on AST-CSE-07-014,patched / blocked
CS-000133,AL-000184,CSE-07,2026-08-29T10:50:00,2026-08-29T13:08:00,AN-CSE-07-08,Closed,"Investigated Exfiltration on AST-CSE-07-026. Pulled IOCs, reviewed 4 artefacts, contained locally. Root cause documented.",Exfiltration on AST-CSE-07-026,patched / blocked
CS-000134,AL-000185,CSE-07,2026-08-29T01:14:00,2026-08-29T02:07:00,AN-CSE-07-06,Closed,"Investigated Brute Force on AST-CSE-07-039. Pulled IOCs, reviewed 9 artefacts, contained locally. Root cause documented.",Brute Force on AST-CSE-07-039,patched / blocked
CS-000135,AL-000186,CSE-07,2026-09-12T21:53:00,2026-09-12T21:57:00,AN-CSE-07-05,Closed,"Investigated Suspicious Login on AST-CSE-07-033. Pulled IOCs, reviewed 0 artefacts, contained locally. Root cause documented.",,
CS-000136,AL-000187,CSE-07,2026-09-07T04:05:00,2026-09-07T06:52:00,AN-CSE-07-03,Closed,"Investigated C2 Beacon on AST-CSE-07-019. Pulled IOCs, reviewed 8 artefacts, contained locally. Root cause documented.",C2 Beacon on AST-CSE-07-019,patched / blocked
CS-000137,AL-000189,CSE-07,2026-09-09T10:57:00,2026-09-09T11:06:00,AN-CSE-07-05,Closed,"Investigated Lateral Movement on AST-CSE-07-030. Pulled IOCs, reviewed 1 artefacts, contained locally. Root cause documented.",,
CS-000138,AL-000190,CSE-07,2026-09-07T07:04:00,2026-09-07T10:39:00,AN-CSE-07-05,Closed,"Investigated Malware on AST-CSE-07-035. Pulled IOCs, reviewed 6 artefacts, contained locally. Root cause documented.",Malware on AST-CSE-07-035,patched / blocked
CS-000139,AL-000192,CSE-07,2026-09-17T07:54:00,2026-09-17T09:40:00,AN-CSE-07-07,Closed,"Investigated Data Access Anomaly on AST-CSE-07-018. Pulled IOCs, reviewed 7 artefacts, contained locally. Root cause documented.",Data Access Anomaly on AST-CSE-07-018,patched / blocked
CS-000140,AL-000193,CSE-07,2026-09-07T19:58:00,2026-09-07T23:20:00,AN-CSE-07-01,Closed,Checked logs. User confirmed activity. Closing ticket. No further action.,Lateral Movement on AST-CSE-07-010,patched / blocked
CS-000141,AL-000194,CSE-07,2026-09-16T01:01:00,2026-09-16T03:58:00,AN-CSE-07-06,Closed,"Investigated Data Access Anomaly on AST-CSE-07-010. Pulled IOCs, reviewed 8 artefacts, contained locally. Root cause documented.",Data Access Anomaly on AST-CSE-07-010,patched / blocked
CS-000142,AL-000195,CSE-07,2026-09-03T18:29:00,2026-09-03T18:53:00,AN-CSE-07-05,Closed,"Investigated Privilege Escalation on AST-CSE-07-038. Pulled IOCs, reviewed 5 artefacts, contained locally. Root cause documented.",Privilege Escalation on AST-CSE-07-038,patched / blocked
CS-000143,AL-000198,CSE-07,2026-09-09T22:51:00,2026-09-09T22:59:00,AN-CSE-07-07,Closed,Closed as false positive.,,
CS-000144,AL-000199,CSE-07,2026-09-09T14:30:00,2026-09-09T14:34:00,AN-CSE-07-07,Closed,"Investigated Suspicious Login on AST-CSE-07-009. Pulled IOCs, reviewed 1 artefacts, contained locally. Root cause documented.",,
CS-000145,AL-000200,CSE-07,2026-08-29T12:17:00,2026-08-29T13:26:00,AN-CSE-07-05,Closed,"Investigated Privilege Escalation on AST-CSE-07-035. Pulled IOCs, reviewed 4 artefacts, contained locally. Root cause documented.",Privilege Escalation on AST-CSE-07-035,patched / blocked
CS-000146,AL-000201,CSE-07,2026-09-11T02:15:00,2026-09-11T02:24:00,AN-CSE-07-04,Closed,"Investigated Exfiltration on AST-CSE-07-036. Pulled IOCs, reviewed 1 artefacts, contained locally. Root cause documented.",,
CS-000147,AL-000202,CSE-07,2026-08-21T12:43:00,2026-08-21T15:56:00,AN-CSE-07-05,Closed,"Investigated Privilege Escalation on AST-CSE-07-031. Pulled IOCs, reviewed 7 artefacts, contained locally. Root cause documented.",Privilege Escalation on AST-CSE-07-031,patched / blocked
CS-000148,AL-000203,CSE-07,2026-08-26T07:42:00,2026-08-26T11:04:00,AN-CSE-07-01,Closed,Checked logs. User confirmed activity. Closing ticket. No further action.,Privilege Escalation on AST-CSE-07-026,patched / blocked
CS-000149,AL-000205,CSE-07,2026-09-19T08:34:00,2026-09-19T09:19:00,AN-CSE-07-06,Closed,"Investigated Lateral Movement on AST-CSE-07-034. Pulled IOCs, reviewed 8 artefacts, contained locally. Root cause documented.",Lateral Movement on AST-CSE-07-034,patched / blocked
CS-000150,AL-000206,CSE-07,2026-09-14T22:19:00,2026-09-14T23:30:00,AN-CSE-07-08,Closed,"Investigated Suspicious Login on AST-CSE-07-001. Pulled IOCs, reviewed 9 artefacts, contained locally. Root cause documented.",Suspicious Login on AST-CSE-07-001,patched / blocked
CS-000151,AL-000207,CSE-07,2026-08-22T09:19:00,2026-08-22T12:44:00,AN-CSE-07-04,Closed,"Investigated Exfiltration on AST-CSE-07-021. Pulled IOCs, reviewed 9 artefacts, contained locally. Root cause documented.",Exfiltration on AST-CSE-07-021,patched / blocked
CS-000152,AL-000208,CSE-07,2026-09-15T10:07:00,2026-09-15T11:14:00,AN-CSE-07-07,Closed,"Investigated C2 Beacon on AST-CSE-07-012. Pulled IOCs, reviewed 8 artefacts, contained locally. Root cause documented.",C2 Beacon on AST-CSE-07-012,patched / blocked
CS-000153,AL-000209,CSE-07,2026-09-17T01:42:00,2026-09-17T04:21:00,AN-CSE-07-08,Closed,"Investigated Exfiltration on AST-CSE-07-001. Pulled IOCs, reviewed 7 artefacts, contained locally. Root cause documented.",Exfiltration on AST-CSE-07-001,patched / blocked
CS-000154,AL-000211,CSE-07,2026-08-26T02:24:00,2026-08-26T06:23:00,AN-CSE-07-04,Closed,"Investigated Malware on AST-CSE-07-012. Pulled IOCs, reviewed 8 artefacts, contained locally. Root cause documented.",Malware on AST-CSE-07-012,patched / blocked
CS-000155,AL-000212,CSE-07,2026-09-07T14:54:00,2026-09-07T17:16:00,AN-CSE-07-03,Closed,"Investigated Suspicious Login on AST-CSE-07-028. Pulled IOCs, reviewed 5 artefacts, contained locally. Root cause documented.",Suspicious Login on AST-CSE-07-028,patched / blocked
CS-000156,AL-000213,CSE-07,2026-09-06T03:39:00,2026-09-06T06:25:00,AN-CSE-07-05,Closed,"Investigated Exfiltration on AST-CSE-07-001. Pulled IOCs, reviewed 3 artefacts, contained locally. Root cause documented.",Exfiltration on AST-CSE-07-001,patched / blocked
CS-000157,AL-000214,CSE-07,2026-09-16T21:41:00,2026-09-16T21:47:00,AN-CSE-07-03,Closed,Closed as false positive.,,
CS-000158,AL-000215,CSE-07,2026-09-13T07:30:00,2026-09-13T10:25:00,AN-CSE-07-03,Closed,"Investigated Privilege Escalation on AST-CSE-07-019. Pulled IOCs, reviewed 5 artefacts, contained locally. Root cause documented.",Privilege Escalation on AST-CSE-07-019,patched / blocked
CS-000159,AL-000217,CSE-07,2026-08-29T00:56:00,2026-08-29T03:36:00,AN-CSE-07-02,Closed,"Investigated Suspicious Login on AST-CSE-07-006. Pulled IOCs, reviewed 7 artefacts, contained locally. Root cause documented.",Suspicious Login on AST-CSE-07-006,patched / blocked
CS-000160,AL-000218,CSE-07,2026-09-09T19:32:00,2026-09-09T19:41:00,AN-CSE-07-02,Closed,"Investigated Suspicious Login on AST-CSE-07-037. Pulled IOCs, reviewed 0 artefacts, contained locally. Root cause documented.",,
CS-000161,AL-000219,CSE-07,2026-09-06T07:28:00,2026-09-06T08:02:00,AN-CSE-07-07,Closed,"Investigated Policy Violation on AST-CSE-07-033. Pulled IOCs, reviewed 7 artefacts, contained locally. Root cause documented.",Policy Violation on AST-CSE-07-033,patched / blocked
CS-000162,AL-000220,CSE-07,2026-08-25T11:13:00,2026-08-25T11:44:00,AN-CSE-07-04,Closed,"Investigated Malware on AST-CSE-07-020. Pulled IOCs, reviewed 6 artefacts, contained locally. Root cause documented.",Malware on AST-CSE-07-020,patched / blocked
CS-000163,AL-000221,CSE-07,2026-08-22T09:01:00,2026-08-22T11:05:00,AN-CSE-07-08,Closed,"Investigated Suspicious Login on AST-CSE-07-005. Pulled IOCs, reviewed 4 artefacts, contained locally. Root cause documented.",Suspicious Login on AST-CSE-07-005,patched / blocked
CS-000164,AL-000223,CSE-07,2026-09-02T23:27:00,2026-09-02T23:32:00,AN-CSE-07-03,Closed,"Investigated Privilege Escalation on AST-CSE-07-009. Pulled IOCs, reviewed 0 artefacts, contained locally. Root cause documented.",,
CS-000165,AL-000224,CSE-07,2026-08-27T18:33:00,2026-08-27T19:56:00,AN-CSE-07-07,Closed,"Investigated Exfiltration on AST-CSE-07-002. Pulled IOCs, reviewed 6 artefacts, contained locally. Root cause documented.",Exfiltration on AST-CSE-07-002,patched / blocked
CS-000166,AL-000225,CSE-07,2026-08-22T12:12:00,2026-08-22T14:14:00,AN-CSE-07-02,Closed,"Investigated Exfiltration on AST-CSE-07-010. Pulled IOCs, reviewed 7 artefacts, contained locally. Root cause documented.",Exfiltration on AST-CSE-07-010,patched / blocked
CS-000167,AL-000226,CSE-07,2026-09-18T21:22:00,2026-09-18T21:24:00,AN-CSE-07-01,Closed,Checked logs. User confirmed activity. Closing ticket. No further action.,,
CS-000168,AL-000227,CSE-07,2026-08-27T10:52:00,2026-08-27T14:19:00,AN-CSE-07-05,Closed,"Investigated Lateral Movement on AST-CSE-07-035. Pulled IOCs, reviewed 7 artefacts, contained locally. Root cause documented.",Lateral Movement on AST-CSE-07-035,patched / blocked
CS-000169,AL-000228,CSE-07,2026-08-25T01:45:00,2026-08-25T04:54:00,AN-CSE-07-05,Closed,"Investigated Data Access Anomaly on AST-CSE-07-037. Pulled IOCs, reviewed 7 artefacts, contained locally. Root cause documented.",Data Access Anomaly on AST-CSE-07-037,patched / blocked
CS-000170,AL-000229,CSE-07,2026-09-02T17:04:00,2026-09-02T19:13:00,AN-CSE-07-03,Closed,"Investigated Exfiltration on AST-CSE-07-027. Pulled IOCs, reviewed 7 artefacts, contained locally. Root cause documented.",Exfiltration on AST-CSE-07-027,patched / blocked
CS-000171,AL-000231,CSE-07,2026-09-10T13:51:00,2026-09-10T16:34:00,AN-CSE-07-08,Closed,"Investigated Lateral Movement on AST-CSE-07-031. Pulled IOCs, reviewed 6 artefacts, contained locally. Root cause documented.",Lateral Movement on AST-CSE-07-031,patched / blocked
CS-000172,AL-000232,CSE-07,2026-09-13T03:47:00,2026-09-13T03:56:00,AN-CSE-07-06,Closed,"Investigated Suspicious Login on AST-CSE-07-036. Pulled IOCs, reviewed 1 artefacts, contained locally. Root cause documented.",,
CS-000173,AL-000233,CSE-07,2026-09-14T10:43:00,2026-09-14T13:37:00,AN-CSE-07-07,Closed,"Investigated Suspicious Login on AST-CSE-07-006. Pulled IOCs, reviewed 3 artefacts, contained locally. Root cause documented.",Suspicious Login on AST-CSE-07-006,patched / blocked
CS-000174,AL-000234,CSE-07,2026-09-03T05:30:00,2026-09-03T07:15:00,AN-CSE-07-04,Closed,"Investigated Data Access Anomaly on AST-CSE-07-013. Pulled IOCs, reviewed 5 artefacts, contained locally. Root cause documented.",Data Access Anomaly on AST-CSE-07-013,patched / blocked
CS-000175,AL-000236,CSE-07,2026-09-03T01:11:00,2026-09-03T03:47:00,AN-CSE-07-05,Closed,"Investigated C2 Beacon on AST-CSE-07-014. Pulled IOCs, reviewed 8 artefacts, contained locally. Root cause documented.",C2 Beacon on AST-CSE-07-014,patched / blocked
CS-000176,AL-000237,CSE-07,2026-08-22T20:31:00,2026-08-22T23:55:00,AN-CSE-07-02,Closed,"Investigated Exfiltration on AST-CSE-07-020. Pulled IOCs, reviewed 6 artefacts, contained locally. Root cause documented.",Exfiltration on AST-CSE-07-020,patched / blocked
CS-000177,AL-000239,CSE-07,2026-09-11T07:48:00,2026-09-11T10:33:00,AN-CSE-07-06,Closed,"Investigated Data Access Anomaly on AST-CSE-07-038. Pulled IOCs, reviewed 9 artefacts, contained locally. Root cause documented.",Data Access Anomaly on AST-CSE-07-038,patched / blocked
CS-000178,AL-000240,CSE-07,2026-08-30T01:44:00,2026-08-30T04:48:00,AN-CSE-07-08,Closed,"Investigated Suspicious Login on AST-CSE-07-032. Pulled IOCs, reviewed 8 artefacts, contained locally. Root cause documented.",Suspicious Login on AST-CSE-07-032,patched / blocked
CS-000179,AL-000241,CSE-07,2026-09-09T06:52:00,2026-09-09T09:30:00,AN-CSE-07-08,Closed,"Investigated Brute Force on AST-CSE-07-030. Pulled IOCs, reviewed 8 artefacts, contained locally. Root cause documented.",Brute Force on AST-CSE-07-030,patched / blocked
CS-000180,AL-000242,CSE-07,2026-09-17T14:57:00,2026-09-17T18:52:00,AN-CSE-07-01,Closed,Reviewed alert. No malicious activity observed. Closed as false positive per SOP.,Malware on AST-CSE-07-034,patched / blocked
CS-000181,AL-000243,CSE-07,2026-09-06T00:57:00,2026-09-06T00:59:00,AN-CSE-07-08,Closed,"Investigated Malware on AST-CSE-07-010. Pulled IOCs, reviewed 0 artefacts, contained locally. Root cause documented.",,
CS-000182,AL-000245,CSE-07,2026-09-16T19:51:00,2026-09-16T19:57:00,AN-CSE-07-04,Closed,"Investigated Brute Force on AST-CSE-07-028. Pulled IOCs, reviewed 1 artefacts, contained locally. Root cause documented.",,
CS-000183,AL-000246,CSE-07,2026-09-07T21:24:00,2026-09-07T21:29:00,AN-CSE-07-04,Closed,Closed as false positive.,,
CS-000184,AL-000247,CSE-07,2026-09-07T23:25:00,2026-09-07T23:42:00,AN-CSE-07-08,Closed,"Investigated Malware on AST-CSE-07-006. Pulled IOCs, reviewed 8 artefacts, contained locally. Root cause documented.",Malware on AST-CSE-07-006,patched / blocked
CS-000185,AL-000248,CSE-07,2026-08-31T01:24:00,2026-08-31T01:54:00,AN-CSE-07-02,Closed,"Investigated Policy Violation on AST-CSE-07-006. Pulled IOCs, reviewed 4 artefacts, contained locally. Root cause documented.",Policy Violation on AST-CSE-07-006,patched / blocked
CS-000186,AL-000249,CSE-07,2026-08-22T09:17:00,2026-08-22T12:01:00,AN-CSE-07-05,Closed,"Investigated Policy Violation on AST-CSE-07-037. Pulled IOCs, reviewed 8 artefacts, contained locally. Root cause documented.",Policy Violation on AST-CSE-07-037,patched / blocked
CS-000187,AL-000250,CSE-07,2026-09-13T17:51:00,2026-09-13T17:57:00,AN-CSE-07-07,Closed,Closed as false positive.,,
CS-000188,AL-000251,CSE-07,2026-09-03T01:36:00,2026-09-03T04:52:00,AN-CSE-07-03,Closed,"Investigated C2 Beacon on AST-CSE-07-037. Pulled IOCs, reviewed 8 artefacts, contained locally. Root cause documented.",C2 Beacon on AST-CSE-07-037,patched / blocked
CS-000189,AL-000252,CSE-07,2026-09-07T04:07:00,2026-09-07T04:11:00,AN-CSE-07-02,Closed,Closed as false positive.,,
CS-000190,AL-000253,CSE-07,2026-09-07T22:49:00,2026-09-08T01:47:00,AN-CSE-07-07,Closed,"Investigated Lateral Movement on AST-CSE-07-032. Pulled IOCs, reviewed 5 artefacts, contained locally. Root cause documented.",Lateral Movement on AST-CSE-07-032,patched / blocked
CS-000191,AL-000254,CSE-07,2026-09-07T13:10:00,2026-09-07T14:51:00,AN-CSE-07-03,Closed,"Investigated Phishing on AST-CSE-07-005. Pulled IOCs, reviewed 5 artefacts, contained locally. Root cause documented.",Phishing on AST-CSE-07-005,patched / blocked
CS-000192,AL-000255,CSE-07,2026-09-06T00:12:00,2026-09-06T00:54:00,AN-CSE-07-05,Closed,"Investigated Malware on AST-CSE-07-006. Pulled IOCs, reviewed 4 artefacts, contained locally. Root cause documented.",Malware on AST-CSE-07-006,patched / blocked
CS-000193,AL-000257,CSE-07,2026-09-06T23:11:00,2026-09-06T23:16:00,AN-CSE-07-02,Closed,Closed as false positive.,,
CS-000194,AL-000258,CSE-07,2026-09-11T20:51:00,2026-09-11T22:21:00,AN-CSE-07-02,Closed,"Investigated Brute Force on AST-CSE-07-011. Pulled IOCs, reviewed 6 artefacts, contained locally. Root cause documented.",Brute Force on AST-CSE-07-011,patched / blocked
CS-000195,AL-000259,CSE-07,2026-09-12T12:20:00,2026-09-12T13:30:00,AN-CSE-07-08,Closed,"Investigated Phishing on AST-CSE-07-031. Pulled IOCs, reviewed 6 artefacts, contained locally. Root cause documented.",Phishing on AST-CSE-07-031,patched / blocked
CS-000196,AL-000260,CSE-07,2026-09-08T01:07:00,2026-09-08T01:15:00,AN-CSE-07-07,Closed,Closed as false positive.,,
CS-000197,AL-000261,CSE-07,2026-08-29T05:30:00,2026-08-29T07:31:00,AN-CSE-07-06,Closed,"Investigated Privilege Escalation on AST-CSE-07-020. Pulled IOCs, reviewed 5 artefacts, contained locally. Root cause documented.",Privilege Escalation on AST-CSE-07-020,patched / blocked
CS-000198,AL-000263,CSE-07,2026-09-03T11:14:00,2026-09-03T12:27:00,AN-CSE-07-08,Closed,"Investigated Brute Force on AST-CSE-07-035. Pulled IOCs, reviewed 6 artefacts, contained locally. Root cause documented.",Brute Force on AST-CSE-07-035,patched / blocked
CS-000199,AL-000264,CSE-07,2026-09-15T15:41:00,2026-09-15T16:40:00,AN-CSE-07-04,Closed,"Investigated C2 Beacon on AST-CSE-07-005. Pulled IOCs, reviewed 8 artefacts, contained locally. Root cause documented.",C2 Beacon on AST-CSE-07-005,patched / blocked
CS-000200,AL-000267,CSE-07,2026-08-30T14:19:00,2026-08-30T16:03:00,AN-CSE-07-07,Closed,"Investigated Malware on AST-CSE-07-040. Pulled IOCs, reviewed 9 artefacts, contained locally. Root cause documented.",Malware on AST-CSE-07-040,patched / blocked
CS-000201,AL-000268,CSE-07,2026-09-12T19:13:00,2026-09-12T19:21:00,AN-CSE-07-04,Closed,"Investigated Malware on AST-CSE-07-007. Pulled IOCs, reviewed 1 artefacts, contained locally. Root cause documented.",,
CS-000202,AL-000269,CSE-07,2026-09-19T20:54:00,2026-09-19T20:57:00,AN-CSE-07-05,Closed,"Investigated Suspicious Login on AST-CSE-07-038. Pulled IOCs, reviewed 0 artefacts, contained locally. Root cause documented.",,
CS-000203,AL-000271,CSE-07,2026-09-18T13:53:00,2026-09-18T13:56:00,AN-CSE-07-01,Closed,Closed as false positive.,,
CS-000204,AL-000272,CSE-07,2026-09-09T18:33:00,2026-09-09T20:36:00,AN-CSE-07-08,Closed,"Investigated Brute Force on AST-CSE-07-034. Pulled IOCs, reviewed 8 artefacts, contained locally. Root cause documented.",Brute Force on AST-CSE-07-034,patched / blocked
CS-000205,AL-000273,CSE-07,2026-08-27T16:04:00,2026-08-27T18:13:00,AN-CSE-07-04,Closed,"Investigated C2 Beacon on AST-CSE-07-012. Pulled IOCs, reviewed 6 artefacts, contained locally. Root cause documented.",C2 Beacon on AST-CSE-07-012,patched / blocked
CS-000206,AL-000274,CSE-07,2026-08-29T09:24:00,2026-08-29T12:01:00,AN-CSE-07-02,Closed,"Investigated Lateral Movement on AST-CSE-07-014. Pulled IOCs, reviewed 4 artefacts, contained locally. Root cause documented.",Lateral Movement on AST-CSE-07-014,patched / blocked
CS-000207,AL-000277,CSE-07,2026-08-30T07:40:00,2026-08-30T08:29:00,AN-CSE-07-02,Closed,"Investigated Data Access Anomaly on AST-CSE-07-020. Pulled IOCs, reviewed 4 artefacts, contained locally. Root cause documented.",Data Access Anomaly on AST-CSE-07-020,patched / blocked
CS-000208,AL-000279,CSE-07,2026-09-11T07:49:00,2026-09-11T07:51:00,AN-CSE-07-06,Closed,"Investigated Suspicious Login on AST-CSE-07-012. Pulled IOCs, reviewed 1 artefacts, contained locally. Root cause documented.",,
CS-000209,AL-000280,CSE-07,2026-08-24T23:25:00,2026-08-24T23:34:00,AN-CSE-07-08,Closed,"Investigated Policy Violation on AST-CSE-07-001. Pulled IOCs, reviewed 1 artefacts, contained locally. Root cause documented.",,
CS-000210,AL-000281,CSE-07,2026-09-02T11:10:00,2026-09-02T11:16:00,AN-CSE-07-04,Closed,"Investigated Policy Violation on AST-CSE-07-029. Pulled IOCs, reviewed 0 artefacts, contained locally. Root cause documented.",,
CS-000211,AL-000282,CSE-07,2026-09-05T17:13:00,2026-09-05T17:16:00,AN-CSE-07-08,Closed,"Investigated Exfiltration on AST-CSE-07-035. Pulled IOCs, reviewed 0 artefacts, contained locally. Root cause documented.",,
CS-000212,AL-000283,CSE-07,2026-09-08T18:08:00,2026-09-08T20:20:00,AN-CSE-07-01,Closed,Checked logs. User confirmed activity. Closing ticket. No further action.,Suspicious Login on AST-CSE-07-018,patched / blocked
CS-000213,AL-000284,CSE-07,2026-09-18T21:44:00,2026-09-18T22:26:00,AN-CSE-07-06,Closed,"Investigated Lateral Movement on AST-CSE-07-007. Pulled IOCs, reviewed 6 artefacts, contained locally. Root cause documented.",Lateral Movement on AST-CSE-07-007,patched / blocked
CS-000214,AL-000285,CSE-07,2026-08-23T13:21:00,2026-08-23T14:16:00,AN-CSE-07-07,Closed,"Investigated Data Access Anomaly on AST-CSE-07-014. Pulled IOCs, reviewed 9 artefacts, contained locally. Root cause documented.",Data Access Anomaly on AST-CSE-07-014,patched / blocked
CS-000215,AL-000286,CSE-07,2026-09-03T03:22:00,2026-09-03T06:42:00,AN-CSE-07-03,Closed,"Investigated Malware on AST-CSE-07-014. Pulled IOCs, reviewed 5 artefacts, contained locally. Root cause documented.",Malware on AST-CSE-07-014,patched / blocked
CS-000216,AL-000287,CSE-07,2026-09-03T14:08:00,2026-09-03T17:40:00,AN-CSE-07-02,Closed,"Investigated Exfiltration on AST-CSE-07-037. Pulled IOCs, reviewed 9 artefacts, contained locally. Root cause documented.",Exfiltration on AST-CSE-07-037,patched / blocked
CS-000217,AL-000289,CSE-07,2026-08-31T03:20:00,2026-08-31T03:23:00,AN-CSE-07-07,Closed,"Investigated Policy Violation on AST-CSE-07-026. Pulled IOCs, reviewed 0 artefacts, contained locally. Root cause documented.",,
CS-000218,AL-000291,CSE-07,2026-08-29T00:06:00,2026-08-29T02:07:00,AN-CSE-07-02,Closed,"Investigated Policy Violation on AST-CSE-07-006. Pulled IOCs, reviewed 4 artefacts, contained locally. Root cause documented.",Policy Violation on AST-CSE-07-006,patched / blocked
CS-000219,AL-000292,CSE-07,2026-08-25T02:39:00,2026-08-25T05:03:00,AN-CSE-07-03,Closed,"Investigated Policy Violation on AST-CSE-07-014. Pulled IOCs, reviewed 9 artefacts, contained locally. Root cause documented.",Policy Violation on AST-CSE-07-014,patched / blocked
CS-000220,AL-000293,CSE-07,2026-08-22T06:32:00,2026-08-22T08:36:00,AN-CSE-07-08,Closed,"Investigated Policy Violation on AST-CSE-07-007. Pulled IOCs, reviewed 4 artefacts, contained locally. Root cause documented.",Policy Violation on AST-CSE-07-007,patched / blocked
CS-000221,AL-000295,CSE-07,2026-09-10T12:16:00,2026-09-10T12:59:00,AN-CSE-07-04,Closed,"Investigated Malware on AST-CSE-07-011. Pulled IOCs, reviewed 8 artefacts, contained locally. Root cause documented.",Malware on AST-CSE-07-011,patched / blocked
CS-000222,AL-000296,CSE-07,2026-09-15T17:46:00,2026-09-15T21:04:00,AN-CSE-07-08,Closed,"Investigated Lateral Movement on AST-CSE-07-001. Pulled IOCs, reviewed 5 artefacts, contained locally. Root cause documented.",Lateral Movement on AST-CSE-07-001,patched / blocked
CS-000223,AL-000297,CSE-07,2026-09-12T23:55:00,2026-09-13T01:49:00,AN-CSE-07-02,Closed,"Investigated Brute Force on AST-CSE-07-028. Pulled IOCs, reviewed 5 artefacts, contained locally. Root cause documented.",Brute Force on AST-CSE-07-028,patched / blocked
CS-000224,AL-000298,CSE-07,2026-08-30T07:56:00,2026-08-30T08:58:00,AN-CSE-07-01,Closed,Reviewed alert. No malicious activity observed. Closed as false positive per SOP.,Brute Force on AST-CSE-07-025,patched / blocked
CS-000225,AL-000301,CSE-07,2026-08-29T11:06:00,2026-08-29T14:01:00,AN-CSE-07-05,Closed,"Investigated Data Access Anomaly on AST-CSE-07-039. Pulled IOCs, reviewed 7 artefacts, contained locally. Root cause documented.",Data Access Anomaly on AST-CSE-07-039,patched / blocked
CS-000226,AL-000304,CSE-07,2026-09-14T20:11:00,2026-09-14T20:48:00,AN-CSE-07-02,Closed,"Investigated Privilege Escalation on AST-CSE-07-027. Pulled IOCs, reviewed 3 artefacts, contained locally. Root cause documented.",Privilege Escalation on AST-CSE-07-027,patched / blocked
CS-000227,AL-000305,CSE-07,2026-08-25T23:28:00,2026-08-26T01:56:00,AN-CSE-07-05,Closed,"Investigated Malware on AST-CSE-07-014. Pulled IOCs, reviewed 9 artefacts, contained locally. Root cause documented.",Malware on AST-CSE-07-014,patched / blocked
CS-000228,AL-000306,CSE-07,2026-09-02T18:21:00,2026-09-02T18:27:00,AN-CSE-07-03,Closed,"Investigated C2 Beacon on AST-CSE-07-028. Pulled IOCs, reviewed 0 artefacts, contained locally. Root cause documented.",,
CS-000229,AL-000308,CSE-07,2026-08-28T04:57:00,2026-08-28T07:08:00,AN-CSE-07-04,Closed,"Investigated Exfiltration on AST-CSE-07-005. Pulled IOCs, reviewed 3 artefacts, contained locally. Root cause documented.",Exfiltration on AST-CSE-07-005,patched / blocked
CS-000230,AL-000309,CSE-07,2026-08-29T12:18:00,2026-08-29T12:22:00,AN-CSE-07-03,Closed,Closed as false positive.,,
CS-000231,AL-000310,CSE-07,2026-08-27T03:14:00,2026-08-27T03:16:00,AN-CSE-07-02,Closed,"Investigated Privilege Escalation on AST-CSE-07-011. Pulled IOCs, reviewed 1 artefacts, contained locally. Root cause documented.",,
CS-000232,AL-000311,CSE-07,2026-09-11T13:24:00,2026-09-11T15:54:00,AN-CSE-07-02,Closed,"Investigated Exfiltration on AST-CSE-07-028. Pulled IOCs, reviewed 5 artefacts, contained locally. Root cause documented.",Exfiltration on AST-CSE-07-028,patched / blocked
CS-000233,AL-000312,CSE-07,2026-09-15T03:11:00,2026-09-15T03:14:00,AN-CSE-07-02,Closed,"Investigated Data Access Anomaly on AST-CSE-07-032. Pulled IOCs, reviewed 0 artefacts, contained locally. Root cause documented.",,
CS-000234,AL-000313,CSE-07,2026-08-24T11:45:00,2026-08-24T11:53:00,AN-CSE-07-01,Closed,Closed as false positive.,,
CS-000235,AL-000315,CSE-07,2026-09-18T23:56:00,2026-09-19T03:34:00,AN-CSE-07-08,Closed,"Investigated Lateral Movement on AST-CSE-07-012. Pulled IOCs, reviewed 9 artefacts, contained locally. Root cause documented.",Lateral Movement on AST-CSE-07-012,patched / blocked
CS-000236,AL-000317,CSE-07,2026-09-05T05:14:00,2026-09-05T07:18:00,AN-CSE-07-04,Closed,"Investigated Privilege Escalation on AST-CSE-07-030. Pulled IOCs, reviewed 3 artefacts, contained locally. Root cause documented.",Privilege Escalation on AST-CSE-07-030,patched / blocked
CS-000237,AL-000319,CSE-07,2026-09-12T22:29:00,2026-09-12T23:25:00,AN-CSE-07-01,Closed,Reviewed alert. No malicious activity observed. Closed as false positive per SOP.,Lateral Movement on AST-CSE-07-007,patched / blocked
CS-000238,AL-000321,CSE-07,2026-09-18T22:18:00,2026-09-18T23:44:00,AN-CSE-07-03,Closed,"Investigated Phishing on AST-CSE-07-026. Pulled IOCs, reviewed 9 artefacts, contained locally. Root cause documented.",Phishing on AST-CSE-07-026,patched / blocked
CS-000239,AL-000322,CSE-07,2026-09-12T04:56:00,2026-09-12T08:33:00,AN-CSE-07-04,Closed,"Investigated Privilege Escalation on AST-CSE-07-026. Pulled IOCs, reviewed 7 artefacts, contained locally. Root cause documented.",Privilege Escalation on AST-CSE-07-026,patched / blocked
CS-000240,AL-000323,CSE-07,2026-09-06T01:34:00,2026-09-06T01:39:00,AN-CSE-07-02,Closed,"Investigated Phishing on AST-CSE-07-010. Pulled IOCs, reviewed 1 artefacts, contained locally. Root cause documented.",,
CS-000241,AL-000324,CSE-07,2026-09-17T09:50:00,2026-09-17T13:08:00,AN-CSE-07-05,Closed,"Investigated Policy Violation on AST-CSE-07-020. Pulled IOCs, reviewed 7 artefacts, contained locally. Root cause documented.",Policy Violation on AST-CSE-07-020,patched / blocked
CS-000242,AL-000325,CSE-07,2026-08-29T04:38:00,2026-08-29T04:44:00,AN-CSE-07-07,Closed,"Investigated Privilege Escalation on AST-CSE-07-014. Pulled IOCs, reviewed 1 artefacts, contained locally. Root cause documented.",,
CS-000243,AL-000326,CSE-07,2026-08-23T21:25:00,2026-08-23T22:11:00,AN-CSE-07-04,Closed,"Investigated Malware on AST-CSE-07-012. Pulled IOCs, reviewed 9 artefacts, contained locally. Root cause documented.",Malware on AST-CSE-07-012,patched / blocked
CS-000244,AL-000327,CSE-07,2026-08-27T04:52:00,2026-08-27T04:59:00,AN-CSE-07-04,Closed,Closed as false positive.,,
CS-000245,AL-000328,CSE-07,2026-09-18T05:03:00,2026-09-18T05:08:00,AN-CSE-07-08,Closed,Closed as false positive.,,
CS-000246,AL-000329,CSE-07,2026-08-27T23:29:00,2026-08-28T01:38:00,AN-CSE-07-01,Closed,Reviewed alert. No malicious activity observed. Closed as false positive per SOP.,Data Access Anomaly on AST-CSE-07-011,patched / blocked
CS-000247,AL-000331,CSE-07,2026-09-08T07:34:00,2026-09-08T07:39:00,AN-CSE-07-04,Closed,"Investigated Malware on AST-CSE-07-031. Pulled IOCs, reviewed 0 artefacts, contained locally. Root cause documented.",,
CS-000248,AL-000332,CSE-07,2026-08-25T20:38:00,2026-08-25T21:44:00,AN-CSE-07-06,Closed,"Investigated Privilege Escalation on AST-CSE-07-025. Pulled IOCs, reviewed 3 artefacts, contained locally. Root cause documented.",Privilege Escalation on AST-CSE-07-025,patched / blocked
CS-000249,AL-000333,CSE-07,2026-08-26T03:57:00,2026-08-26T04:04:00,AN-CSE-07-08,Closed,Closed as false positive.,,
CS-000250,AL-000334,CSE-07,2026-08-21T12:57:00,2026-08-21T16:41:00,AN-CSE-07-04,Closed,"Investigated Suspicious Login on AST-CSE-07-018. Pulled IOCs, reviewed 6 artefacts, contained locally. Root cause documented.",Suspicious Login on AST-CSE-07-018,patched / blocked
CS-000251,AL-000335,CSE-07,2026-09-09T12:16:00,2026-09-09T12:18:00,AN-CSE-07-06,Closed,"Investigated Brute Force on AST-CSE-07-012. Pulled IOCs, reviewed 1 artefacts, contained locally. Root cause documented.",,
CS-000252,AL-000336,CSE-07,2026-09-13T20:26:00,2026-09-13T20:28:00,AN-CSE-07-05,Closed,"Investigated Data Access Anomaly on AST-CSE-07-037. Pulled IOCs, reviewed 0 artefacts, contained locally. Root cause documented.",,
CS-000253,AL-000337,CSE-07,2026-09-05T11:39:00,2026-09-05T11:46:00,AN-CSE-07-04,Closed,Closed as false positive.,,
CS-000254,AL-000338,CSE-07,2026-09-01T13:02:00,2026-09-01T13:09:00,AN-CSE-07-03,Closed,Closed as false positive.,,
CS-000255,AL-000339,CSE-07,2026-09-10T07:50:00,2026-09-10T10:14:00,AN-CSE-07-07,Closed,"Investigated Phishing on AST-CSE-07-038. Pulled IOCs, reviewed 8 artefacts, contained locally. Root cause documented.",Phishing on AST-CSE-07-038,patched / blocked
CS-000256,AL-000340,CSE-07,2026-08-21T16:10:00,2026-08-21T19:00:00,AN-CSE-07-06,Closed,"Investigated Suspicious Login on AST-CSE-07-012. Pulled IOCs, reviewed 9 artefacts, contained locally. Root cause documented.",Suspicious Login on AST-CSE-07-012,patched / blocked
CS-000257,AL-000344,CSE-07,2026-09-14T04:16:00,2026-09-14T04:21:00,AN-CSE-07-02,Closed,Closed as false positive.,,
CS-000258,AL-000346,CSE-07,2026-08-24T10:42:00,2026-08-24T10:47:00,AN-CSE-07-01,Closed,Closed as false positive.,,
CS-000259,AL-000348,CSE-07,2026-09-14T05:34:00,2026-09-14T05:40:00,AN-CSE-07-05,Closed,"Investigated Malware on AST-CSE-07-011. Pulled IOCs, reviewed 0 artefacts, contained locally. Root cause documented.",,
CS-000260,AL-000349,CSE-07,2026-09-02T20:51:00,2026-09-02T23:00:00,AN-CSE-07-01,Closed,Checked logs. User confirmed activity. Closing ticket. No further action.,Malware on AST-CSE-07-007,patched / blocked
CS-000261,AL-000350,CSE-07,2026-09-14T15:42:00,2026-09-14T15:45:00,AN-CSE-07-02,Closed,Closed as false positive.,,
CS-000262,AL-000351,CSE-07,2026-09-12T09:19:00,2026-09-12T11:16:00,AN-CSE-07-07,Closed,"Investigated Policy Violation on AST-CSE-07-031. Pulled IOCs, reviewed 5 artefacts, contained locally. Root cause documented.",Policy Violation on AST-CSE-07-031,patched / blocked
CS-000263,AL-000355,CSE-07,2026-08-25T17:17:00,2026-08-25T20:50:00,AN-CSE-07-03,Closed,"Investigated Data Access Anomaly on AST-CSE-07-033. Pulled IOCs, reviewed 6 artefacts, contained locally. Root cause documented.",Data Access Anomaly on AST-CSE-07-033,patched / blocked
CS-000264,AL-000359,CSE-07,2026-09-17T08:24:00,2026-09-17T11:01:00,AN-CSE-07-02,Closed,"Investigated Data Access Anomaly on AST-CSE-07-038. Pulled IOCs, reviewed 5 artefacts, contained locally. Root cause documented.",Data Access Anomaly on AST-CSE-07-038,patched / blocked
CS-000265,AL-000361,CSE-07,2026-09-18T12:30:00,2026-09-18T12:55:00,AN-CSE-07-05,Closed,"Investigated Privilege Escalation on AST-CSE-07-026. Pulled IOCs, reviewed 5 artefacts, contained locally. Root cause documented.",Privilege Escalation on AST-CSE-07-026,patched / blocked
CS-000266,AL-000362,CSE-07,2026-08-23T13:17:00,2026-08-23T14:35:00,AN-CSE-07-02,Closed,"Investigated Exfiltration on AST-CSE-07-020. Pulled IOCs, reviewed 4 artefacts, contained locally. Root cause documented.",Exfiltration on AST-CSE-07-020,patched / blocked
CS-000267,AL-000363,CSE-07,2026-09-06T16:19:00,2026-09-06T17:33:00,AN-CSE-07-02,Closed,"Investigated Privilege Escalation on AST-CSE-07-029. Pulled IOCs, reviewed 9 artefacts, contained locally. Root cause documented.",Privilege Escalation on AST-CSE-07-029,patched / blocked
CS-000268,AL-000364,CSE-07,2026-08-25T10:28:00,2026-08-25T13:49:00,AN-CSE-07-03,Closed,"Investigated Suspicious Login on AST-CSE-07-032. Pulled IOCs, reviewed 7 artefacts, contained locally. Root cause documented.",Suspicious Login on AST-CSE-07-032,patched / blocked
CS-000269,AL-000365,CSE-07,2026-09-20T06:48:00,2026-09-20T08:11:00,AN-CSE-07-04,Closed,"Investigated Suspicious Login on AST-CSE-07-009. Pulled IOCs, reviewed 3 artefacts, contained locally. Root cause documented.",Suspicious Login on AST-CSE-07-009,patched / blocked
CS-000270,AL-000366,CSE-07,2026-08-24T21:28:00,2026-08-24T22:19:00,AN-CSE-07-07,Closed,"Investigated Lateral Movement on AST-CSE-07-024. Pulled IOCs, reviewed 8 artefacts, contained locally. Root cause documented.",Lateral Movement on AST-CSE-07-024,patched / blocked
CS-000271,AL-000368,CSE-07,2026-09-19T06:06:00,2026-09-19T06:11:00,AN-CSE-07-04,Closed,Closed as false positive.,,
CS-000272,AL-000369,CSE-07,2026-08-31T06:22:00,2026-08-31T09:17:00,AN-CSE-07-01,Closed,Checked logs. User confirmed activity. Closing ticket. No further action.,Policy Violation on AST-CSE-07-001,patched / blocked
CS-000273,AL-000371,CSE-07,2026-09-03T14:07:00,2026-09-03T14:13:00,AN-CSE-07-06,Closed,"Investigated Data Access Anomaly on AST-CSE-07-026. Pulled IOCs, reviewed 1 artefacts, contained locally. Root cause documented.",,
CS-000274,AL-000372,CSE-07,2026-09-11T15:40:00,2026-09-11T15:48:00,AN-CSE-07-05,Closed,Closed as false positive.,,
CS-000275,AL-000373,CSE-07,2026-08-30T07:14:00,2026-08-30T08:49:00,AN-CSE-07-01,Closed,Checked logs. User confirmed activity. Closing ticket. No further action.,C2 Beacon on AST-CSE-07-039,patched / blocked
CS-000276,AL-000374,CSE-07,2026-09-02T05:39:00,2026-09-02T08:42:00,AN-CSE-07-04,Closed,"Investigated Malware on AST-CSE-07-025. Pulled IOCs, reviewed 9 artefacts, contained locally. Root cause documented.",Malware on AST-CSE-07-025,patched / blocked
CS-000277,AL-000375,CSE-19,2026-09-02T02:50:00,2026-09-02T04:26:00,AN-CSE-19-02,Closed,"Investigated Phishing on AST-CSE-19-009. Pulled IOCs, reviewed 5 artefacts, contained locally. Root cause documented.",Phishing on AST-CSE-19-009,patched / blocked
CS-000278,AL-000376,CSE-19,2026-09-06T14:52:00,2026-09-06T17:17:00,AN-CSE-19-06,Closed,"Investigated Data Access Anomaly on AST-CSE-19-034. Pulled IOCs, reviewed 5 artefacts, contained locally. Root cause documented.",Data Access Anomaly on AST-CSE-19-034,patched / blocked
CS-000279,AL-000377,CSE-19,2026-09-12T12:52:00,2026-09-12T12:56:00,AN-CSE-19-04,Closed,"Investigated C2 Beacon on AST-CSE-19-011. Pulled IOCs, reviewed 0 artefacts, contained locally. Root cause documented.",,
CS-000280,AL-000378,CSE-19,2026-08-31T03:11:00,2026-08-31T03:43:00,AN-CSE-19-01,Closed,Reviewed alert. No malicious activity observed. Closed as false positive per SOP.,Malware on AST-CSE-19-024,patched / blocked
CS-000281,AL-000380,CSE-19,2026-09-16T14:27:00,2026-09-16T17:46:00,AN-CSE-19-05,Closed,"Investigated Exfiltration on AST-CSE-19-001. Pulled IOCs, reviewed 4 artefacts, contained locally. Root cause documented.",Exfiltration on AST-CSE-19-001,patched / blocked
CS-000282,AL-000381,CSE-19,2026-09-17T02:53:00,2026-09-17T05:48:00,AN-CSE-19-02,Closed,"Investigated Suspicious Login on AST-CSE-19-007. Pulled IOCs, reviewed 4 artefacts, contained locally. Root cause documented.",Suspicious Login on AST-CSE-19-007,patched / blocked
CS-000283,AL-000382,CSE-19,2026-09-07T02:50:00,2026-09-07T04:03:00,AN-CSE-19-01,Closed,Checked logs. User confirmed activity. Closing ticket. No further action.,Lateral Movement on AST-CSE-19-034,patched / blocked
CS-000284,AL-000384,CSE-19,2026-09-06T02:44:00,2026-09-06T06:32:00,AN-CSE-19-08,Closed,"Investigated Exfiltration on AST-CSE-19-007. Pulled IOCs, reviewed 4 artefacts, contained locally. Root cause documented.",Exfiltration on AST-CSE-19-007,patched / blocked
CS-000285,AL-000385,CSE-19,2026-09-09T22:13:00,2026-09-10T01:47:00,AN-CSE-19-02,Closed,"Investigated Privilege Escalation on AST-CSE-19-019. Pulled IOCs, reviewed 3 artefacts, contained locally. Root cause documented.",Privilege Escalation on AST-CSE-19-019,patched / blocked
CS-000286,AL-000386,CSE-19,2026-08-22T21:21:00,2026-08-22T22:04:00,AN-CSE-19-05,Closed,"Investigated Brute Force on AST-CSE-19-009. Pulled IOCs, reviewed 5 artefacts, contained locally. Root cause documented.",Brute Force on AST-CSE-19-009,patched / blocked
CS-000287,AL-000387,CSE-19,2026-09-06T03:07:00,2026-09-06T05:29:00,AN-CSE-19-07,Closed,"Investigated Phishing on AST-CSE-19-012. Pulled IOCs, reviewed 9 artefacts, contained locally. Root cause documented.",Phishing on AST-CSE-19-012,patched / blocked
CS-000288,AL-000389,CSE-19,2026-08-27T00:21:00,2026-08-27T04:15:00,AN-CSE-19-01,Closed,Checked logs. User confirmed activity. Closing ticket. No further action.,Brute Force on AST-CSE-19-029,patched / blocked
CS-000289,AL-000393,CSE-19,2026-09-14T19:06:00,2026-09-14T20:08:00,AN-CSE-19-08,Closed,"Investigated Malware on AST-CSE-19-004. Pulled IOCs, reviewed 3 artefacts, contained locally. Root cause documented.",Malware on AST-CSE-19-004,patched / blocked
CS-000290,AL-000394,CSE-19,2026-09-18T19:46:00,2026-09-18T21:06:00,AN-CSE-19-07,Closed,"Investigated Privilege Escalation on AST-CSE-19-016. Pulled IOCs, reviewed 3 artefacts, contained locally. Root cause documented.",Privilege Escalation on AST-CSE-19-016,patched / blocked
CS-000291,AL-000396,CSE-19,2026-09-02T19:00:00,2026-09-02T21:58:00,AN-CSE-19-02,Closed,"Investigated C2 Beacon on AST-CSE-19-007. Pulled IOCs, reviewed 8 artefacts, contained locally. Root cause documented.",C2 Beacon on AST-CSE-19-007,patched / blocked
CS-000292,AL-000397,CSE-19,2026-08-29T21:39:00,2026-08-29T21:44:00,AN-CSE-19-06,Closed,"Investigated Suspicious Login on AST-CSE-19-033. Pulled IOCs, reviewed 1 artefacts, contained locally. Root cause documented.",,
CS-000293,AL-000399,CSE-19,2026-08-24T15:09:00,2026-08-24T17:04:00,AN-CSE-19-05,Closed,"Investigated Malware on AST-CSE-19-015. Pulled IOCs, reviewed 8 artefacts, contained locally. Root cause documented.",Malware on AST-CSE-19-015,patched / blocked
CS-000294,AL-000400,CSE-19,2026-08-24T13:13:00,2026-08-24T16:09:00,AN-CSE-19-07,Closed,"Investigated Brute Force on AST-CSE-19-003. Pulled IOCs, reviewed 4 artefacts, contained locally. Root cause documented.",Brute Force on AST-CSE-19-003,patched / blocked
CS-000295,AL-000403,CSE-19,2026-08-24T17:30:00,2026-08-24T18:34:00,AN-CSE-19-03,Closed,"Investigated Suspicious Login on AST-CSE-19-004. Pulled IOCs, reviewed 8 artefacts, contained locally. Root cause documented.",Suspicious Login on AST-CSE-19-004,patched / blocked
CS-000296,AL-000404,CSE-19,2026-09-01T01:28:00,2026-09-01T04:23:00,AN-CSE-19-07,Closed,"Investigated C2 Beacon on AST-CSE-19-007. Pulled IOCs, reviewed 8 artefacts, contained locally. Root cause documented.",C2 Beacon on AST-CSE-19-007,patched / blocked
CS-000297,AL-000405,CSE-19,2026-09-06T07:52:00,2026-09-06T11:23:00,AN-CSE-19-07,Closed,"Investigated Privilege Escalation on AST-CSE-19-026. Pulled IOCs, reviewed 7 artefacts, contained locally. Root cause documented.",Privilege Escalation on AST-CSE-19-026,patched / blocked
CS-000298,AL-000406,CSE-19,2026-08-21T18:20:00,2026-08-21T21:19:00,AN-CSE-19-04,Closed,"Investigated Privilege Escalation on AST-CSE-19-036. Pulled IOCs, reviewed 8 artefacts, contained locally. Root cause documented.",Privilege Escalation on AST-CSE-19-036,patched / blocked
CS-000299,AL-000408,CSE-19,2026-08-29T13:34:00,2026-08-29T15:42:00,AN-CSE-19-05,Closed,"Investigated Data Access Anomaly on AST-CSE-19-031. Pulled IOCs, reviewed 9 artefacts, contained locally. Root cause documented.",Data Access Anomaly on AST-CSE-19-031,patched / blocked
CS-000300,AL-000409,CSE-19,2026-09-16T10:18:00,2026-09-16T11:14:00,AN-CSE-19-01,Closed,Reviewed alert. No malicious activity observed. Closed as false positive per SOP.,Phishing on AST-CSE-19-034,patched / blocked
CS-000301,AL-000412,CSE-19,2026-09-12T05:21:00,2026-09-12T05:28:00,AN-CSE-19-08,Closed,"Investigated Malware on AST-CSE-19-036. Pulled IOCs, reviewed 0 artefacts, contained locally. Root cause documented.",,
CS-000302,AL-000413,CSE-19,2026-08-30T09:49:00,2026-08-30T10:39:00,AN-CSE-19-03,Closed,"Investigated Exfiltration on AST-CSE-19-013. Pulled IOCs, reviewed 6 artefacts, contained locally. Root cause documented.",Exfiltration on AST-CSE-19-013,patched / blocked
CS-000303,AL-000414,CSE-19,2026-09-16T06:23:00,2026-09-16T08:42:00,AN-CSE-19-05,Closed,"Investigated Exfiltration on AST-CSE-19-028. Pulled IOCs, reviewed 8 artefacts, contained locally. Root cause documented.",Exfiltration on AST-CSE-19-028,patched / blocked
CS-000304,AL-000415,CSE-19,2026-09-01T10:11:00,2026-09-01T12:57:00,AN-CSE-19-05,Closed,"Investigated Brute Force on AST-CSE-19-003. Pulled IOCs, reviewed 7 artefacts, contained locally. Root cause documented.",Brute Force on AST-CSE-19-003,patched / blocked
CS-000305,AL-000416,CSE-19,2026-09-14T19:56:00,2026-09-14T22:33:00,AN-CSE-19-03,Closed,"Investigated Privilege Escalation on AST-CSE-19-005. Pulled IOCs, reviewed 6 artefacts, contained locally. Root cause documented.",Privilege Escalation on AST-CSE-19-005,patched / blocked
CS-000306,AL-000419,CSE-19,2026-09-09T23:02:00,2026-09-10T01:40:00,AN-CSE-19-02,Closed,"Investigated Malware on AST-CSE-19-016. Pulled IOCs, reviewed 8 artefacts, contained locally. Root cause documented.",Malware on AST-CSE-19-016,patched / blocked
CS-000307,AL-000420,CSE-19,2026-09-03T21:29:00,2026-09-04T00:35:00,AN-CSE-19-01,Closed,Reviewed alert. No malicious activity observed. Closed as false positive per SOP.,Privilege Escalation on AST-CSE-19-034,patched / blocked
CS-000308,AL-000422,CSE-19,2026-08-24T13:04:00,2026-08-24T13:07:00,AN-CSE-19-07,Closed,"Investigated Phishing on AST-CSE-19-028. Pulled IOCs, reviewed 0 artefacts, contained locally. Root cause documented.",,
CS-000309,AL-000423,CSE-19,2026-09-18T10:49:00,2026-09-18T10:54:00,AN-CSE-19-05,Closed,"Investigated Privilege Escalation on AST-CSE-19-030. Pulled IOCs, reviewed 1 artefacts, contained locally. Root cause documented.",,
CS-000310,AL-000424,CSE-19,2026-09-07T22:40:00,2026-09-07T23:30:00,AN-CSE-19-01,Closed,Reviewed alert. No malicious activity observed. Closed as false positive per SOP.,C2 Beacon on AST-CSE-19-027,patched / blocked
CS-000311,AL-000426,CSE-19,2026-09-05T23:35:00,2026-09-06T02:11:00,AN-CSE-19-01,Closed,Checked logs. User confirmed activity. Closing ticket. No further action.,Exfiltration on AST-CSE-19-006,patched / blocked
CS-000312,AL-000428,CSE-19,2026-09-01T16:35:00,2026-09-01T16:42:00,AN-CSE-19-02,Closed,"Investigated Phishing on AST-CSE-19-010. Pulled IOCs, reviewed 0 artefacts, contained locally. Root cause documented.",,
CS-000313,AL-000431,CSE-19,2026-08-29T15:45:00,2026-08-29T16:22:00,AN-CSE-19-02,Closed,"Investigated Privilege Escalation on AST-CSE-19-032. Pulled IOCs, reviewed 4 artefacts, contained locally. Root cause documented.",Privilege Escalation on AST-CSE-19-032,patched / blocked
CS-000314,AL-000432,CSE-19,2026-08-30T02:16:00,2026-08-30T04:09:00,AN-CSE-19-03,Closed,"Investigated Policy Violation on AST-CSE-19-032. Pulled IOCs, reviewed 9 artefacts, contained locally. Root cause documented.",Policy Violation on AST-CSE-19-032,patched / blocked
CS-000315,AL-000433,CSE-19,2026-09-13T04:15:00,2026-09-13T04:22:00,AN-CSE-19-07,Closed,"Investigated Brute Force on AST-CSE-19-028. Pulled IOCs, reviewed 0 artefacts, contained locally. Root cause documented.",,
CS-000316,AL-000434,CSE-19,2026-09-09T02:29:00,2026-09-09T05:24:00,AN-CSE-19-02,Closed,"Investigated Policy Violation on AST-CSE-19-022. Pulled IOCs, reviewed 3 artefacts, contained locally. Root cause documented.",Policy Violation on AST-CSE-19-022,patched / blocked
CS-000317,AL-000435,CSE-19,2026-08-27T15:56:00,2026-08-27T15:58:00,AN-CSE-19-02,Closed,"Investigated Suspicious Login on AST-CSE-19-009. Pulled IOCs, reviewed 1 artefacts, contained locally. Root cause documented.",,
CS-000318,AL-000436,CSE-19,2026-09-03T03:26:00,2026-09-03T04:24:00,AN-CSE-19-08,Closed,"Investigated Lateral Movement on AST-CSE-19-038. Pulled IOCs, reviewed 5 artefacts, contained locally. Root cause documented.",Lateral Movement on AST-CSE-19-038,patched / blocked
CS-000319,AL-000439,CSE-19,2026-09-19T04:12:00,2026-09-19T05:39:00,AN-CSE-19-08,Closed,"Investigated Policy Violation on AST-CSE-19-010. Pulled IOCs, reviewed 5 artefacts, contained locally. Root cause documented.",Policy Violation on AST-CSE-19-010,patched / blocked
CS-000320,AL-000442,CSE-19,2026-08-22T04:27:00,2026-08-22T04:34:00,AN-CSE-19-07,Closed,"Investigated Suspicious Login on AST-CSE-19-005. Pulled IOCs, reviewed 1 artefacts, contained locally. Root cause documented.",,
CS-000321,AL-000443,CSE-19,2026-08-23T07:32:00,2026-08-23T09:58:00,AN-CSE-19-03,Closed,"Investigated Data Access Anomaly on AST-CSE-19-031. Pulled IOCs, reviewed 8 artefacts, contained locally. Root cause documented.",Data Access Anomaly on AST-CSE-19-031,patched / blocked
CS-000322,AL-000444,CSE-19,2026-08-29T08:18:00,2026-08-29T10:02:00,AN-CSE-19-04,Closed,"Investigated Brute Force on AST-CSE-19-012. Pulled IOCs, reviewed 8 artefacts, contained locally. Root cause documented.",Brute Force on AST-CSE-19-012,patched / blocked
CS-000323,AL-000448,CSE-19,2026-08-24T22:22:00,2026-08-24T22:26:00,AN-CSE-19-03,Closed,"Investigated Policy Violation on AST-CSE-19-031. Pulled IOCs, reviewed 1 artefacts, contained locally. Root cause documented.",,
CS-000324,AL-000449,CSE-19,2026-08-31T17:56:00,2026-08-31T18:49:00,AN-CSE-19-04,Closed,"Investigated Privilege Escalation on AST-CSE-19-011. Pulled IOCs, reviewed 3 artefacts, contained locally. Root cause documented.",Privilege Escalation on AST-CSE-19-011,patched / blocked
CS-000325,AL-000452,CSE-19,2026-08-26T14:19:00,2026-08-26T16:13:00,AN-CSE-19-07,Closed,"Investigated Malware on AST-CSE-19-035. Pulled IOCs, reviewed 9 artefacts, contained locally. Root cause documented.",Malware on AST-CSE-19-035,patched / blocked
CS-000326,AL-000453,CSE-19,2026-08-25T20:10:00,2026-08-25T20:13:00,AN-CSE-19-07,Closed,"Investigated C2 Beacon on AST-CSE-19-034. Pulled IOCs, reviewed 1 artefacts, contained locally. Root cause documented.",,
CS-000327,AL-000455,CSE-19,2026-09-04T11:36:00,2026-09-04T13:16:00,AN-CSE-19-04,Closed,"Investigated Data Access Anomaly on AST-CSE-19-001. Pulled IOCs, reviewed 6 artefacts, contained locally. Root cause documented.",Data Access Anomaly on AST-CSE-19-001,patched / blocked
CS-000328,AL-000457,CSE-19,2026-08-25T18:30:00,2026-08-25T21:12:00,AN-CSE-19-03,Closed,"Investigated Lateral Movement on AST-CSE-19-026. Pulled IOCs, reviewed 6 artefacts, contained locally. Root cause documented.",Lateral Movement on AST-CSE-19-026,patched / blocked
CS-000329,AL-000460,CSE-19,2026-08-31T11:09:00,2026-08-31T13:29:00,AN-CSE-19-02,Closed,"Investigated Brute Force on AST-CSE-19-004. Pulled IOCs, reviewed 7 artefacts, contained locally. Root cause documented.",Brute Force on AST-CSE-19-004,patched / blocked
CS-000330,AL-000463,CSE-19,2026-08-25T16:28:00,2026-08-25T16:30:00,AN-CSE-19-04,Closed,"Investigated Exfiltration on AST-CSE-19-034. Pulled IOCs, reviewed 1 artefacts, contained locally. Root cause documented.",,
CS-000331,AL-000465,CSE-19,2026-08-29T09:02:00,2026-08-29T09:09:00,AN-CSE-19-02,Closed,"Investigated Suspicious Login on AST-CSE-19-013. Pulled IOCs, reviewed 1 artefacts, contained locally. Root cause documented.",,
CS-000332,AL-000466,CSE-19,2026-09-05T23:24:00,2026-09-06T01:28:00,AN-CSE-19-01,Closed,Reviewed alert. No malicious activity observed. Closed as false positive per SOP.,Data Access Anomaly on AST-CSE-19-015,patched / blocked
CS-000333,AL-000467,CSE-19,2026-09-16T19:44:00,2026-09-16T21:40:00,AN-CSE-19-05,Closed,"Investigated Exfiltration on AST-CSE-19-033. Pulled IOCs, reviewed 7 artefacts, contained locally. Root cause documented.",Exfiltration on AST-CSE-19-033,patched / blocked
CS-000334,AL-000468,CSE-19,2026-09-05T14:31:00,2026-09-05T15:57:00,AN-CSE-19-01,Closed,Reviewed alert. No malicious activity observed. Closed as false positive per SOP.,Privilege Escalation on AST-CSE-19-016,patched / blocked
CS-000335,AL-000469,CSE-19,2026-09-08T19:26:00,2026-09-08T20:53:00,AN-CSE-19-01,Closed,Reviewed alert. No malicious activity observed. Closed as false positive per SOP.,Privilege Escalation on AST-CSE-19-015,patched / blocked
CS-000336,AL-000470,CSE-19,2026-08-22T06:30:00,2026-08-22T06:36:00,AN-CSE-19-06,Closed,"Investigated Privilege Escalation on AST-CSE-19-026. Pulled IOCs, reviewed 0 artefacts, contained locally. Root cause documented.",,
CS-000337,AL-000471,CSE-19,2026-09-12T12:45:00,2026-09-12T13:56:00,AN-CSE-19-05,Closed,"Investigated Policy Violation on AST-CSE-19-013. Pulled IOCs, reviewed 9 artefacts, contained locally. Root cause documented.",Policy Violation on AST-CSE-19-013,patched / blocked
CS-000338,AL-000472,CSE-19,2026-09-17T08:02:00,2026-09-17T08:11:00,AN-CSE-19-02,Closed,"Investigated Privilege Escalation on AST-CSE-19-040. Pulled IOCs, reviewed 0 artefacts, contained locally. Root cause documented.",,
CS-000339,AL-000473,CSE-19,2026-09-08T16:40:00,2026-09-08T19:27:00,AN-CSE-19-08,Closed,"Investigated Malware on AST-CSE-19-035. Pulled IOCs, reviewed 9 artefacts, contained locally. Root cause documented.",Malware on AST-CSE-19-035,patched / blocked
CS-000340,AL-000474,CSE-19,2026-08-21T19:43:00,2026-08-21T22:30:00,AN-CSE-19-07,Closed,"Investigated Brute Force on AST-CSE-19-032. Pulled IOCs, reviewed 4 artefacts, contained locally. Root cause documented.",Brute Force on AST-CSE-19-032,patched / blocked
CS-000341,AL-000475,CSE-19,2026-09-03T10:28:00,2026-09-03T13:43:00,AN-CSE-19-06,Closed,"Investigated C2 Beacon on AST-CSE-19-034. Pulled IOCs, reviewed 9 artefacts, contained locally. Root cause documented.",C2 Beacon on AST-CSE-19-034,patched / blocked
CS-000342,AL-000477,CSE-19,2026-09-14T18:44:00,2026-09-14T21:40:00,AN-CSE-19-04,Closed,"Investigated Data Access Anomaly on AST-CSE-19-024. Pulled IOCs, reviewed 5 artefacts, contained locally. Root cause documented.",Data Access Anomaly on AST-CSE-19-024,patched / blocked
CS-000343,AL-000478,CSE-19,2026-09-06T13:12:00,2026-09-06T15:14:00,AN-CSE-19-06,Closed,"Investigated Policy Violation on AST-CSE-19-012. Pulled IOCs, reviewed 5 artefacts, contained locally. Root cause documented.",Policy Violation on AST-CSE-19-012,patched / blocked
CS-000344,AL-000479,CSE-19,2026-09-01T14:46:00,2026-09-01T14:51:00,AN-CSE-19-02,Closed,"Investigated Data Access Anomaly on AST-CSE-19-012. Pulled IOCs, reviewed 1 artefacts, contained locally. Root cause documented.",,
CS-000345,AL-000481,CSE-19,2026-08-23T17:57:00,2026-08-23T18:53:00,AN-CSE-19-07,Closed,"Investigated Exfiltration on AST-CSE-19-032. Pulled IOCs, reviewed 3 artefacts, contained locally. Root cause documented.",Exfiltration on AST-CSE-19-032,patched / blocked
CS-000346,AL-000483,CSE-19,2026-09-17T00:05:00,2026-09-17T00:09:00,AN-CSE-19-04,Closed,"Investigated Privilege Escalation on AST-CSE-19-017. Pulled IOCs, reviewed 1 artefacts, contained locally. Root cause documented.",,
CS-000347,AL-000485,CSE-19,2026-08-22T01:34:00,2026-08-22T02:12:00,AN-CSE-19-07,Closed,"Investigated Brute Force on AST-CSE-19-010. Pulled IOCs, reviewed 3 artefacts, contained locally. Root cause documented.",Brute Force on AST-CSE-19-010,patched / blocked
CS-000348,AL-000486,CSE-19,2026-08-31T02:15:00,2026-08-31T04:16:00,AN-CSE-19-05,Closed,"Investigated Lateral Movement on AST-CSE-19-022. Pulled IOCs, reviewed 5 artefacts, contained locally. Root cause documented.",Lateral Movement on AST-CSE-19-022,patched / blocked
CS-000349,AL-000487,CSE-19,2026-09-05T22:50:00,2026-09-05T23:42:00,AN-CSE-19-03,Closed,"Investigated Data Access Anomaly on AST-CSE-19-024. Pulled IOCs, reviewed 8 artefacts, contained locally. Root cause documented.",Data Access Anomaly on AST-CSE-19-024,patched / blocked
CS-000350,AL-000488,CSE-19,2026-09-08T08:54:00,2026-09-08T09:03:00,AN-CSE-19-02,Closed,"Investigated Phishing on AST-CSE-19-017. Pulled IOCs, reviewed 0 artefacts, contained locally. Root cause documented.",,
CS-000351,AL-000489,CSE-19,2026-09-18T08:44:00,2026-09-18T10:43:00,AN-CSE-19-03,Closed,"Investigated Suspicious Login on AST-CSE-19-026. Pulled IOCs, reviewed 5 artefacts, contained locally. Root cause documented.",Suspicious Login on AST-CSE-19-026,patched / blocked
CS-000352,AL-000490,CSE-19,2026-09-16T07:27:00,2026-09-16T10:36:00,AN-CSE-19-03,Closed,"Investigated Exfiltration on AST-CSE-19-016. Pulled IOCs, reviewed 5 artefacts, contained locally. Root cause documented.",Exfiltration on AST-CSE-19-016,patched / blocked
CS-000353,AL-000491,CSE-19,2026-09-03T03:25:00,2026-09-03T06:43:00,AN-CSE-19-08,Closed,"Investigated Policy Violation on AST-CSE-19-031. Pulled IOCs, reviewed 7 artefacts, contained locally. Root cause documented.",Policy Violation on AST-CSE-19-031,patched / blocked
CS-000354,AL-000492,CSE-19,2026-08-27T15:04:00,2026-08-27T18:07:00,AN-CSE-19-07,Closed,"Investigated Data Access Anomaly on AST-CSE-19-038. Pulled IOCs, reviewed 7 artefacts, contained locally. Root cause documented.",Data Access Anomaly on AST-CSE-19-038,patched / blocked
CS-000355,AL-000493,CSE-19,2026-08-26T09:32:00,2026-08-26T10:58:00,AN-CSE-19-05,Closed,"Investigated Policy Violation on AST-CSE-19-023. Pulled IOCs, reviewed 4 artefacts, contained locally. Root cause documented.",Policy Violation on AST-CSE-19-023,patched / blocked
CS-000356,AL-000494,CSE-19,2026-08-27T07:38:00,2026-08-27T08:00:00,AN-CSE-19-05,Closed,"Investigated Malware on AST-CSE-19-001. Pulled IOCs, reviewed 8 artefacts, contained locally. Root cause documented.",Malware on AST-CSE-19-001,patched / blocked
CS-000357,AL-000495,CSE-19,2026-09-07T02:22:00,2026-09-07T02:29:00,AN-CSE-19-04,Closed,"Investigated Exfiltration on AST-CSE-19-031. Pulled IOCs, reviewed 0 artefacts, contained locally. Root cause documented.",,
CS-000358,AL-000496,CSE-19,2026-09-13T06:15:00,2026-09-13T07:31:00,AN-CSE-19-07,Closed,"Investigated Suspicious Login on AST-CSE-19-027. Pulled IOCs, reviewed 5 artefacts, contained locally. Root cause documented.",Suspicious Login on AST-CSE-19-027,patched / blocked
CS-000359,AL-000497,CSE-19,2026-08-25T16:09:00,2026-08-25T19:39:00,AN-CSE-19-05,Closed,"Investigated Lateral Movement on AST-CSE-19-028. Pulled IOCs, reviewed 7 artefacts, contained locally. Root cause documented.",Lateral Movement on AST-CSE-19-028,patched / blocked
CS-000360,AL-000498,CSE-19,2026-09-15T07:42:00,2026-09-15T10:40:00,AN-CSE-19-02,Closed,"Investigated Lateral Movement on AST-CSE-19-027. Pulled IOCs, reviewed 6 artefacts, contained locally. Root cause documented.",Lateral Movement on AST-CSE-19-027,patched / blocked
CS-000361,AL-000499,CSE-19,2026-09-20T07:57:00,2026-09-20T08:38:00,AN-CSE-19-01,Closed,Reviewed alert. No malicious activity observed. Closed as false positive per SOP.,Policy Violation on AST-CSE-19-040,patched / blocked
CS-000362,AL-000500,CSE-19,2026-09-16T11:29:00,2026-09-16T11:35:00,AN-CSE-19-04,Closed,"Investigated Malware on AST-CSE-19-029. Pulled IOCs, reviewed 1 artefacts, contained locally. Root cause documented.",,
CS-000363,AL-000501,CSE-19,2026-09-19T01:55:00,2026-09-19T05:33:00,AN-CSE-19-03,Closed,"Investigated Policy Violation on AST-CSE-19-024. Pulled IOCs, reviewed 6 artefacts, contained locally. Root cause documented.",Policy Violation on AST-CSE-19-024,patched / blocked
CS-000364,AL-000502,CSE-19,2026-08-23T03:08:00,2026-08-23T03:11:00,AN-CSE-19-07,Closed,"Investigated Policy Violation on AST-CSE-19-035. Pulled IOCs, reviewed 0 artefacts, contained locally. Root cause documented.",,
CS-000365,AL-000503,CSE-19,2026-09-19T05:31:00,2026-09-19T05:36:00,AN-CSE-19-02,Closed,"Investigated Policy Violation on AST-CSE-19-025. Pulled IOCs, reviewed 1 artefacts, contained locally. Root cause documented.",,
CS-000366,AL-000504,CSE-19,2026-09-14T15:14:00,2026-09-14T17:54:00,AN-CSE-19-01,Closed,Checked logs. User confirmed activity. Closing ticket. No further action.,Exfiltration on AST-CSE-19-025,patched / blocked
CS-000367,AL-000505,CSE-19,2026-08-23T10:05:00,2026-08-23T10:10:00,AN-CSE-19-04,Closed,"Investigated Exfiltration on AST-CSE-19-031. Pulled IOCs, reviewed 1 artefacts, contained locally. Root cause documented.",,
CS-000368,AL-000507,CSE-19,2026-08-27T09:45:00,2026-08-27T09:52:00,AN-CSE-19-03,Closed,"Investigated Data Access Anomaly on AST-CSE-19-031. Pulled IOCs, reviewed 0 artefacts, contained locally. Root cause documented.",,
CS-000369,AL-000509,CSE-19,2026-09-19T13:36:00,2026-09-19T15:00:00,AN-CSE-19-06,Closed,"Investigated Policy Violation on AST-CSE-19-023. Pulled IOCs, reviewed 3 artefacts, contained locally. Root cause documented.",Policy Violation on AST-CSE-19-023,patched / blocked
CS-000370,AL-000510,CSE-19,2026-08-28T20:48:00,2026-08-28T22:30:00,AN-CSE-19-03,Closed,"Investigated Suspicious Login on AST-CSE-19-029. Pulled IOCs, reviewed 8 artefacts, contained locally. Root cause documented.",Suspicious Login on AST-CSE-19-029,patched / blocked
CS-000371,AL-000511,CSE-19,2026-09-04T07:32:00,2026-09-04T07:39:00,AN-CSE-19-05,Closed,"Investigated Suspicious Login on AST-CSE-19-039. Pulled IOCs, reviewed 1 artefacts, contained locally. Root cause documented.",,
CS-000372,AL-000513,CSE-19,2026-09-13T19:17:00,2026-09-13T20:16:00,AN-CSE-19-08,Closed,"Investigated Suspicious Login on AST-CSE-19-005. Pulled IOCs, reviewed 7 artefacts, contained locally. Root cause documented.",Suspicious Login on AST-CSE-19-005,patched / blocked
CS-000373,AL-000514,CSE-19,2026-09-03T14:56:00,2026-09-03T15:00:00,AN-CSE-19-01,Closed,Reviewed alert. No malicious activity observed. Closed as false positive per SOP.,,
CS-000374,AL-000516,CSE-19,2026-09-12T16:15:00,2026-09-12T17:23:00,AN-CSE-19-02,Closed,"Investigated Exfiltration on AST-CSE-19-038. Pulled IOCs, reviewed 8 artefacts, contained locally. Root cause documented.",Exfiltration on AST-CSE-19-038,patched / blocked
CS-000375,AL-000520,CSE-19,2026-08-26T15:24:00,2026-08-26T18:43:00,AN-CSE-19-06,Closed,"Investigated C2 Beacon on AST-CSE-19-036. Pulled IOCs, reviewed 8 artefacts, contained locally. Root cause documented.",C2 Beacon on AST-CSE-19-036,patched / blocked
CS-000376,AL-000521,CSE-19,2026-09-02T23:28:00,2026-09-03T02:04:00,AN-CSE-19-06,Closed,"Investigated Brute Force on AST-CSE-19-007. Pulled IOCs, reviewed 7 artefacts, contained locally. Root cause documented.",Brute Force on AST-CSE-19-007,patched / blocked
CS-000377,AL-000522,CSE-19,2026-09-10T00:34:00,2026-09-10T02:16:00,AN-CSE-19-07,Closed,"Investigated Privilege Escalation on AST-CSE-19-023. Pulled IOCs, reviewed 7 artefacts, contained locally. Root cause documented.",Privilege Escalation on AST-CSE-19-023,patched / blocked
CS-000378,AL-000523,CSE-19,2026-08-26T18:01:00,2026-08-26T18:10:00,AN-CSE-19-05,Closed,"Investigated Suspicious Login on AST-CSE-19-037. Pulled IOCs, reviewed 1 artefacts, contained locally. Root cause documented.",,
CS-000379,AL-000524,CSE-19,2026-09-10T16:59:00,2026-09-10T18:36:00,AN-CSE-19-03,Closed,"Investigated Malware on AST-CSE-19-026. Pulled IOCs, reviewed 3 artefacts, contained locally. Root cause documented.",Malware on AST-CSE-19-026,patched / blocked
CS-000380,AL-000526,CSE-19,2026-09-06T00:51:00,2026-09-06T00:56:00,AN-CSE-19-03,Closed,"Investigated Brute Force on AST-CSE-19-037. Pulled IOCs, reviewed 0 artefacts, contained locally. Root cause documented.",,
CS-000381,AL-000527,CSE-19,2026-09-07T17:02:00,2026-09-07T17:09:00,AN-CSE-19-04,Closed,"Investigated Exfiltration on AST-CSE-19-017. Pulled IOCs, reviewed 1 artefacts, contained locally. Root cause documented.",,
CS-000382,AL-000529,CSE-19,2026-09-19T01:38:00,2026-09-19T01:41:00,AN-CSE-19-07,Closed,"Investigated C2 Beacon on AST-CSE-19-037. Pulled IOCs, reviewed 0 artefacts, contained locally. Root cause documented.",,
CS-000383,AL-000532,CSE-19,2026-09-10T23:51:00,2026-09-11T00:00:00,AN-CSE-19-03,Closed,"Investigated Phishing on AST-CSE-19-033. Pulled IOCs, reviewed 0 artefacts, contained locally. Root cause documented.",,
CS-000384,AL-000533,CSE-19,2026-09-07T19:33:00,2026-09-07T21:56:00,AN-CSE-19-03,Closed,"Investigated C2 Beacon on AST-CSE-19-036. Pulled IOCs, reviewed 7 artefacts, contained locally. Root cause documented.",C2 Beacon on AST-CSE-19-036,patched / blocked
CS-000385,AL-000534,CSE-19,2026-09-13T18:21:00,2026-09-13T19:49:00,AN-CSE-19-04,Closed,"Investigated C2 Beacon on AST-CSE-19-032. Pulled IOCs, reviewed 9 artefacts, contained locally. Root cause documented.",C2 Beacon on AST-CSE-19-032,patched / blocked
CS-000386,AL-000536,CSE-19,2026-08-31T21:21:00,2026-09-01T01:10:00,AN-CSE-19-03,Closed,"Investigated Brute Force on AST-CSE-19-020. Pulled IOCs, reviewed 4 artefacts, contained locally. Root cause documented.",Brute Force on AST-CSE-19-020,patched / blocked
CS-000387,AL-000537,CSE-19,2026-08-24T09:53:00,2026-08-24T12:51:00,AN-CSE-19-01,Closed,Reviewed alert. No malicious activity observed. Closed as false positive per SOP.,Brute Force on AST-CSE-19-024,patched / blocked
CS-000388,AL-000539,CSE-19,2026-08-31T12:51:00,2026-08-31T16:00:00,AN-CSE-19-01,Closed,Checked logs. User confirmed activity. Closing ticket. No further action.,Exfiltration on AST-CSE-19-034,patched / blocked
CS-000389,AL-000540,CSE-19,2026-08-25T13:21:00,2026-08-25T16:28:00,AN-CSE-19-05,Closed,"Investigated Malware on AST-CSE-19-011. Pulled IOCs, reviewed 3 artefacts, contained locally. Root cause documented.",Malware on AST-CSE-19-011,patched / blocked
CS-000390,AL-000541,CSE-19,2026-08-21T14:37:00,2026-08-21T17:43:00,AN-CSE-19-02,Closed,"Investigated Exfiltration on AST-CSE-19-025. Pulled IOCs, reviewed 6 artefacts, contained locally. Root cause documented.",Exfiltration on AST-CSE-19-025,patched / blocked
CS-000391,AL-000544,CSE-19,2026-09-12T19:43:00,2026-09-12T21:42:00,AN-CSE-19-01,Closed,Checked logs. User confirmed activity. Closing ticket. No further action.,Privilege Escalation on AST-CSE-19-023,patched / blocked
CS-000392,AL-000546,CSE-19,2026-09-15T22:41:00,2026-09-15T22:45:00,AN-CSE-19-06,Closed,"Investigated C2 Beacon on AST-CSE-19-015. Pulled IOCs, reviewed 0 artefacts, contained locally. Root cause documented.",,
CS-000393,AL-000547,CSE-19,2026-08-26T05:05:00,2026-08-26T08:25:00,AN-CSE-19-03,Closed,"Investigated Data Access Anomaly on AST-CSE-19-009. Pulled IOCs, reviewed 7 artefacts, contained locally. Root cause documented.",Data Access Anomaly on AST-CSE-19-009,patched / blocked
CS-000394,AL-000548,CSE-19,2026-09-02T06:40:00,2026-09-02T10:04:00,AN-CSE-19-02,Closed,"Investigated Brute Force on AST-CSE-19-028. Pulled IOCs, reviewed 3 artefacts, contained locally. Root cause documented.",Brute Force on AST-CSE-19-028,patched / blocked
CS-000395,AL-000550,CSE-19,2026-09-15T11:12:00,2026-09-15T11:17:00,AN-CSE-19-05,Closed,"Investigated Lateral Movement on AST-CSE-19-010. Pulled IOCs, reviewed 0 artefacts, contained locally. Root cause documented.",,
CS-000396,AL-000551,CSE-19,2026-08-28T20:52:00,2026-08-28T22:47:00,AN-CSE-19-08,Closed,"Investigated Malware on AST-CSE-19-015. Pulled IOCs, reviewed 4 artefacts, contained locally. Root cause documented.",Malware on AST-CSE-19-015,patched / blocked
CS-000397,AL-000552,CSE-19,2026-09-14T04:58:00,2026-09-14T05:00:00,AN-CSE-19-07,Closed,"Investigated Policy Violation on AST-CSE-19-032. Pulled IOCs, reviewed 1 artefacts, contained locally. Root cause documented.",,
CS-000398,AL-000554,CSE-19,2026-08-23T04:33:00,2026-08-23T07:28:00,AN-CSE-19-07,Closed,"Investigated Privilege Escalation on AST-CSE-19-032. Pulled IOCs, reviewed 8 artefacts, contained locally. Root cause documented.",Privilege Escalation on AST-CSE-19-032,patched / blocked
CS-000399,AL-000555,CSE-19,2026-09-01T16:26:00,2026-09-01T18:41:00,AN-CSE-19-01,Closed,Reviewed alert. No malicious activity observed. Closed as false positive per SOP.,Data Access Anomaly on AST-CSE-19-026,patched / blocked
CS-000400,AL-000556,CSE-19,2026-08-28T10:25:00,2026-08-28T13:26:00,AN-CSE-19-07,Closed,"Investigated Suspicious Login on AST-CSE-19-034. Pulled IOCs, reviewed 3 artefacts, contained locally. Root cause documented.",Suspicious Login on AST-CSE-19-034,patched / blocked
CS-000401,AL-000559,CSE-19,2026-09-06T11:49:00,2026-09-06T15:11:00,AN-CSE-19-08,Closed,"Investigated C2 Beacon on AST-CSE-19-009. Pulled IOCs, reviewed 4 artefacts, contained locally. Root cause documented.",C2 Beacon on AST-CSE-19-009,patched / blocked
CS-000402,AL-000560,CSE-19,2026-08-30T13:10:00,2026-08-30T14:01:00,AN-CSE-19-03,Closed,"Investigated Exfiltration on AST-CSE-19-006. Pulled IOCs, reviewed 3 artefacts, contained locally. Root cause documented.",Exfiltration on AST-CSE-19-006,patched / blocked
CS-000403,AL-000561,CSE-19,2026-08-28T23:14:00,2026-08-28T23:22:00,AN-CSE-19-03,Closed,"Investigated Privilege Escalation on AST-CSE-19-029. Pulled IOCs, reviewed 0 artefacts, contained locally. Root cause documented.",,
CS-000404,AL-000562,CSE-19,2026-08-30T07:50:00,2026-08-30T11:12:00,AN-CSE-19-03,Closed,"Investigated Privilege Escalation on AST-CSE-19-011. Pulled IOCs, reviewed 3 artefacts, contained locally. Root cause documented.",Privilege Escalation on AST-CSE-19-011,patched / blocked
CS-000405,AL-000563,CSE-19,2026-09-06T02:20:00,2026-09-06T03:13:00,AN-CSE-19-03,Closed,"Investigated Exfiltration on AST-CSE-19-020. Pulled IOCs, reviewed 4 artefacts, contained locally. Root cause documented.",Exfiltration on AST-CSE-19-020,patched / blocked
CS-000406,AL-000564,CSE-19,2026-09-04T20:26:00,2026-09-04T20:35:00,AN-CSE-19-01,Closed,Reviewed alert. No malicious activity observed. Closed as false positive per SOP.,,
CS-000407,AL-000566,CSE-19,2026-08-31T00:58:00,2026-08-31T01:04:00,AN-CSE-19-03,Closed,"Investigated Brute Force on AST-CSE-19-004. Pulled IOCs, reviewed 1 artefacts, contained locally. Root cause documented.",,
CS-000408,AL-000567,CSE-19,2026-09-15T06:17:00,2026-09-15T06:21:00,AN-CSE-19-05,Closed,"Investigated Malware on AST-CSE-19-006. Pulled IOCs, reviewed 1 artefacts, contained locally. Root cause documented.",,
CS-000409,AL-000568,CSE-19,2026-09-18T02:40:00,2026-09-18T06:29:00,AN-CSE-19-06,Closed,"Investigated Privilege Escalation on AST-CSE-19-038. Pulled IOCs, reviewed 3 artefacts, contained locally. Root cause documented.",Privilege Escalation on AST-CSE-19-038,patched / blocked
CS-000410,AL-000569,CSE-19,2026-09-16T08:16:00,2026-09-16T10:21:00,AN-CSE-19-05,Closed,"Investigated Phishing on AST-CSE-19-036. Pulled IOCs, reviewed 7 artefacts, contained locally. Root cause documented.",Phishing on AST-CSE-19-036,patched / blocked
CS-000411,AL-000570,CSE-19,2026-08-27T15:27:00,2026-08-27T15:33:00,AN-CSE-19-02,Closed,"Investigated Malware on AST-CSE-19-040. Pulled IOCs, reviewed 1 artefacts, contained locally. Root cause documented.",,
CS-000412,AL-000571,CSE-19,2026-09-01T16:38:00,2026-09-01T16:47:00,AN-CSE-19-03,Closed,"Investigated Privilege Escalation on AST-CSE-19-039. Pulled IOCs, reviewed 1 artefacts, contained locally. Root cause documented.",,
CS-000413,AL-000573,CSE-19,2026-09-06T22:58:00,2026-09-07T02:44:00,AN-CSE-19-06,Closed,"Investigated Lateral Movement on AST-CSE-19-008. Pulled IOCs, reviewed 8 artefacts, contained locally. Root cause documented.",Lateral Movement on AST-CSE-19-008,patched / blocked
CS-000414,AL-000574,CSE-19,2026-09-12T09:41:00,2026-09-12T11:23:00,AN-CSE-19-05,Closed,"Investigated Lateral Movement on AST-CSE-19-001. Pulled IOCs, reviewed 9 artefacts, contained locally. Root cause documented.",Lateral Movement on AST-CSE-19-001,patched / blocked
CS-000415,AL-000575,CSE-19,2026-08-27T17:21:00,2026-08-27T18:30:00,AN-CSE-19-01,Closed,Checked logs. User confirmed activity. Closing ticket. No further action.,Privilege Escalation on AST-CSE-19-008,patched / blocked
CS-000416,AL-000576,CSE-19,2026-09-05T07:20:00,2026-09-05T09:57:00,AN-CSE-19-08,Closed,"Investigated Malware on AST-CSE-19-031. Pulled IOCs, reviewed 5 artefacts, contained locally. Root cause documented.",Malware on AST-CSE-19-031,patched / blocked
CS-000417,AL-000578,CSE-19,2026-09-16T03:07:00,2026-09-16T03:15:00,AN-CSE-19-01,Closed,Checked logs. User confirmed activity. Closing ticket. No further action.,,
CS-000418,AL-000579,CSE-19,2026-08-26T02:15:00,2026-08-26T02:21:00,AN-CSE-19-06,Closed,"Investigated Data Access Anomaly on AST-CSE-19-012. Pulled IOCs, reviewed 1 artefacts, contained locally. Root cause documented.",,
CS-000419,AL-000580,CSE-19,2026-09-08T21:07:00,2026-09-08T22:44:00,AN-CSE-19-05,Closed,"Investigated Policy Violation on AST-CSE-19-006. Pulled IOCs, reviewed 4 artefacts, contained locally. Root cause documented.",Policy Violation on AST-CSE-19-006,patched / blocked
CS-000420,AL-000581,CSE-19,2026-08-22T09:32:00,2026-08-22T12:00:00,AN-CSE-19-01,Closed,Checked logs. User confirmed activity. Closing ticket. No further action.,Malware on AST-CSE-19-024,patched / blocked
CS-000421,AL-000582,CSE-19,2026-09-10T07:11:00,2026-09-10T09:43:00,AN-CSE-19-02,Closed,"Investigated Suspicious Login on AST-CSE-19-031. Pulled IOCs, reviewed 8 artefacts, contained locally. Root cause documented.",Suspicious Login on AST-CSE-19-031,patched / blocked
CS-000422,AL-000585,CSE-19,2026-09-03T01:11:00,2026-09-03T02:40:00,AN-CSE-19-08,Closed,"Investigated Lateral Movement on AST-CSE-19-013. Pulled IOCs, reviewed 4 artefacts, contained locally. Root cause documented.",Lateral Movement on AST-CSE-19-013,patched / blocked
CS-000423,AL-000586,CSE-19,2026-09-02T19:54:00,2026-09-02T22:34:00,AN-CSE-19-04,Closed,"Investigated Malware on AST-CSE-19-008. Pulled IOCs, reviewed 5 artefacts, contained locally. Root cause documented.",Malware on AST-CSE-19-008,patched / blocked
CS-000424,AL-000587,CSE-19,2026-09-15T09:41:00,2026-09-15T10:13:00,AN-CSE-19-06,Closed,"Investigated Exfiltration on AST-CSE-19-010. Pulled IOCs, reviewed 4 artefacts, contained locally. Root cause documented.",Exfiltration on AST-CSE-19-010,patched / blocked
CS-000425,AL-000589,CSE-19,2026-09-10T05:15:00,2026-09-10T08:48:00,AN-CSE-19-02,Closed,"Investigated Data Access Anomaly on AST-CSE-19-029. Pulled IOCs, reviewed 9 artefacts, contained locally. Root cause documented.",Data Access Anomaly on AST-CSE-19-029,patched / blocked
CS-000426,AL-000590,CSE-19,2026-08-25T13:31:00,2026-08-25T13:40:00,AN-CSE-19-02,Closed,"Investigated Brute Force on AST-CSE-19-037. Pulled IOCs, reviewed 1 artefacts, contained locally. Root cause documented.",,
CS-000427,AL-000591,CSE-19,2026-08-22T16:44:00,2026-08-22T16:51:00,AN-CSE-19-06,Closed,"Investigated Lateral Movement on AST-CSE-19-015. Pulled IOCs, reviewed 1 artefacts, contained locally. Root cause documented.",,
CS-000428,AL-000592,CSE-19,2026-09-05T08:38:00,2026-09-05T08:42:00,AN-CSE-19-08,Closed,"Investigated Policy Violation on AST-CSE-19-030. Pulled IOCs, reviewed 1 artefacts, contained locally. Root cause documented.",,
CS-000429,AL-000593,CSE-19,2026-09-04T08:35:00,2026-09-04T11:41:00,AN-CSE-19-02,Closed,"Investigated Data Access Anomaly on AST-CSE-19-023. Pulled IOCs, reviewed 3 artefacts, contained locally. Root cause documented.",Data Access Anomaly on AST-CSE-19-023,patched / blocked
CS-000430,AL-000594,CSE-19,2026-09-07T04:21:00,2026-09-07T06:44:00,AN-CSE-19-04,Closed,"Investigated Policy Violation on AST-CSE-19-035. Pulled IOCs, reviewed 6 artefacts, contained locally. Root cause documented.",Policy Violation on AST-CSE-19-035,patched / blocked
CS-000431,AL-000596,CSE-19,2026-09-17T12:01:00,2026-09-17T14:53:00,AN-CSE-19-08,Closed,"Investigated Brute Force on AST-CSE-19-016. Pulled IOCs, reviewed 6 artefacts, contained locally. Root cause documented.",Brute Force on AST-CSE-19-016,patched / blocked
CS-000432,AL-000599,CSE-19,2026-09-05T18:42:00,2026-09-05T20:56:00,AN-CSE-19-07,Closed,"Investigated Brute Force on AST-CSE-19-001. Pulled IOCs, reviewed 4 artefacts, contained locally. Root cause documented.",Brute Force on AST-CSE-19-001,patched / blocked
CS-000433,AL-000601,CSE-19,2026-09-08T07:06:00,2026-09-08T09:46:00,AN-CSE-19-05,Closed,"Investigated Data Access Anomaly on AST-CSE-19-001. Pulled IOCs, reviewed 3 artefacts, contained locally. Root cause documented.",Data Access Anomaly on AST-CSE-19-001,patched / blocked
CS-000434,AL-000602,CSE-19,2026-09-11T11:45:00,2026-09-11T11:53:00,AN-CSE-19-07,Closed,"Investigated Privilege Escalation on AST-CSE-19-036. Pulled IOCs, reviewed 1 artefacts, contained locally. Root cause documented.",,
CS-000435,AL-000603,CSE-19,2026-09-03T05:18:00,2026-09-03T06:26:00,AN-CSE-19-03,Closed,"Investigated C2 Beacon on AST-CSE-19-025. Pulled IOCs, reviewed 7 artefacts, contained locally. Root cause documented.",C2 Beacon on AST-CSE-19-025,patched / blocked
CS-000436,AL-000604,CSE-19,2026-08-23T14:52:00,2026-08-23T17:52:00,AN-CSE-19-03,Closed,"Investigated C2 Beacon on AST-CSE-19-024. Pulled IOCs, reviewed 3 artefacts, contained locally. Root cause documented.",C2 Beacon on AST-CSE-19-024,patched / blocked
CS-000437,AL-000606,CSE-19,2026-09-03T22:25:00,2026-09-03T22:30:00,AN-CSE-19-08,Closed,"Investigated Data Access Anomaly on AST-CSE-19-028. Pulled IOCs, reviewed 0 artefacts, contained locally. Root cause documented.",,
CS-000438,AL-000607,CSE-19,2026-09-04T12:45:00,2026-09-04T12:52:00,AN-CSE-19-05,Closed,"Investigated Data Access Anomaly on AST-CSE-19-028. Pulled IOCs, reviewed 0 artefacts, contained locally. Root cause documented.",,
CS-000439,AL-000610,CSE-19,2026-09-10T16:57:00,2026-09-10T17:19:00,AN-CSE-19-06,Closed,"Investigated Suspicious Login on AST-CSE-19-005. Pulled IOCs, reviewed 6 artefacts, contained locally. Root cause documented.",Suspicious Login on AST-CSE-19-005,patched / blocked
CS-000440,AL-000613,CSE-19,2026-09-18T07:28:00,2026-09-18T08:59:00,AN-CSE-19-02,Closed,"Investigated Malware on AST-CSE-19-040. Pulled IOCs, reviewed 5 artefacts, contained locally. Root cause documented.",Malware on AST-CSE-19-040,patched / blocked
CS-000441,AL-000614,CSE-19,2026-09-12T11:13:00,2026-09-12T14:04:00,AN-CSE-19-02,Closed,"Investigated Exfiltration on AST-CSE-19-040. Pulled IOCs, reviewed 8 artefacts, contained locally. Root cause documented.",Exfiltration on AST-CSE-19-040,patched / blocked
CS-000442,AL-000615,CSE-19,2026-09-11T13:45:00,2026-09-11T16:20:00,AN-CSE-19-08,Closed,"Investigated Privilege Escalation on AST-CSE-19-029. Pulled IOCs, reviewed 9 artefacts, contained locally. Root cause documented.",Privilege Escalation on AST-CSE-19-029,patched / blocked
CS-000443,AL-000616,CSE-19,2026-09-01T07:07:00,2026-09-01T09:12:00,AN-CSE-19-08,Closed,"Investigated Phishing on AST-CSE-19-022. Pulled IOCs, reviewed 9 artefacts, contained locally. Root cause documented.",Phishing on AST-CSE-19-022,patched / blocked
CS-000444,AL-000617,CSE-19,2026-09-15T05:24:00,2026-09-15T06:51:00,AN-CSE-19-06,Closed,"Investigated Policy Violation on AST-CSE-19-016. Pulled IOCs, reviewed 9 artefacts, contained locally. Root cause documented.",Policy Violation on AST-CSE-19-016,patched / blocked
CS-000445,AL-000618,CSE-19,2026-09-05T02:30:00,2026-09-05T05:50:00,AN-CSE-19-04,Closed,"Investigated Brute Force on AST-CSE-19-004. Pulled IOCs, reviewed 6 artefacts, contained locally. Root cause documented.",Brute Force on AST-CSE-19-004,patched / blocked
CS-000446,AL-000620,CSE-19,2026-08-31T00:06:00,2026-08-31T03:12:00,AN-CSE-19-07,Closed,"Investigated Phishing on AST-CSE-19-003. Pulled IOCs, reviewed 9 artefacts, contained locally. Root cause documented.",Phishing on AST-CSE-19-003,patched / blocked
CS-000447,AL-000621,CSE-19,2026-09-17T03:19:00,2026-09-17T06:31:00,AN-CSE-19-07,Closed,"Investigated Exfiltration on AST-CSE-19-022. Pulled IOCs, reviewed 8 artefacts, contained locally. Root cause documented.",Exfiltration on AST-CSE-19-022,patched / blocked
CS-000448,AL-000622,CSE-19,2026-08-29T13:49:00,2026-08-29T17:01:00,AN-CSE-19-06,Closed,"Investigated Lateral Movement on AST-CSE-19-038. Pulled IOCs, reviewed 3 artefacts, contained locally. Root cause documented.",Lateral Movement on AST-CSE-19-038,patched / blocked
CS-000449,AL-000623,CSE-19,2026-09-16T14:32:00,2026-09-16T15:59:00,AN-CSE-19-06,Closed,"Investigated C2 Beacon on AST-CSE-19-001. Pulled IOCs, reviewed 5 artefacts, contained locally. Root cause documented.",C2 Beacon on AST-CSE-19-001,patched / blocked
CS-000450,AL-000625,CSE-19,2026-09-15T23:18:00,2026-09-16T02:36:00,AN-CSE-19-03,Closed,"Investigated Phishing on AST-CSE-19-008. Pulled IOCs, reviewed 4 artefacts, contained locally. Root cause documented.",Phishing on AST-CSE-19-008,patched / blocked
CS-000451,AL-000626,CSE-19,2026-09-17T15:31:00,2026-09-17T18:48:00,AN-CSE-19-05,Closed,"Investigated Policy Violation on AST-CSE-19-019. Pulled IOCs, reviewed 8 artefacts, contained locally. Root cause documented.",Policy Violation on AST-CSE-19-019,patched / blocked
CS-000452,AL-000627,CSE-19,2026-09-12T10:36:00,2026-09-12T11:11:00,AN-CSE-19-07,Closed,"Investigated Brute Force on AST-CSE-19-017. Pulled IOCs, reviewed 5 artefacts, contained locally. Root cause documented.",Brute Force on AST-CSE-19-017,patched / blocked
CS-000453,AL-000628,CSE-19,2026-08-22T05:21:00,2026-08-22T07:41:00,AN-CSE-19-07,Escalated,"Investigated Policy Violation on AST-CSE-19-012. Pulled IOCs, reviewed 3 artefacts, escalated to IR. Root cause documented.",Policy Violation on AST-CSE-19-012,patched / blocked
CS-000454,AL-000630,CSE-19,2026-09-05T07:19:00,2026-09-05T07:27:00,AN-CSE-19-01,Closed,Reviewed alert. No malicious activity observed. Closed as false positive per SOP.,,
CS-000455,AL-000632,CSE-19,2026-09-07T13:08:00,2026-09-07T15:40:00,AN-CSE-19-08,Closed,"Investigated Suspicious Login on AST-CSE-19-005. Pulled IOCs, reviewed 5 artefacts, contained locally. Root cause documented.",Suspicious Login on AST-CSE-19-005,patched / blocked
CS-000456,AL-000636,CSE-19,2026-09-17T18:19:00,2026-09-17T22:12:00,AN-CSE-19-05,Closed,"Investigated Lateral Movement on AST-CSE-19-038. Pulled IOCs, reviewed 9 artefacts, contained locally. Root cause documented.",Lateral Movement on AST-CSE-19-038,patched / blocked
CS-000457,AL-000638,CSE-19,2026-09-18T10:13:00,2026-09-18T10:15:00,AN-CSE-19-03,Closed,"Investigated Data Access Anomaly on AST-CSE-19-010. Pulled IOCs, reviewed 1 artefacts, contained locally. Root cause documented.",,
CS-000458,AL-000639,CSE-19,2026-08-31T08:00:00,2026-08-31T08:06:00,AN-CSE-19-03,Closed,"Investigated Malware on AST-CSE-19-040. Pulled IOCs, reviewed 0 artefacts, contained locally. Root cause documented.",,
CS-000459,AL-000642,CSE-19,2026-08-26T05:12:00,2026-08-26T06:57:00,AN-CSE-19-01,Closed,Checked logs. User confirmed activity. Closing ticket. No further action.,Privilege Escalation on AST-CSE-19-009,patched / blocked
CS-000460,AL-000643,CSE-19,2026-09-08T18:50:00,2026-09-08T21:33:00,AN-CSE-19-08,Closed,"Investigated C2 Beacon on AST-CSE-19-010. Pulled IOCs, reviewed 3 artefacts, contained locally. Root cause documented.",C2 Beacon on AST-CSE-19-010,patched / blocked
CS-000461,AL-000644,CSE-19,2026-09-15T11:04:00,2026-09-15T11:25:00,AN-CSE-19-08,Closed,"Investigated Data Access Anomaly on AST-CSE-19-007. Pulled IOCs, reviewed 4 artefacts, contained locally. Root cause documented.",Data Access Anomaly on AST-CSE-19-007,patched / blocked
CS-000462,AL-000646,CSE-19,2026-09-14T16:16:00,2026-09-14T16:25:00,AN-CSE-19-01,Closed,Checked logs. User confirmed activity. Closing ticket. No further action.,,
CS-000463,AL-000647,CSE-19,2026-09-13T05:53:00,2026-09-13T05:58:00,AN-CSE-19-02,Closed,"Investigated C2 Beacon on AST-CSE-19-023. Pulled IOCs, reviewed 1 artefacts, contained locally. Root cause documented.",,
CS-000464,AL-000648,CSE-19,2026-09-15T14:06:00,2026-09-15T14:10:00,AN-CSE-19-08,Closed,"Investigated Lateral Movement on AST-CSE-19-004. Pulled IOCs, reviewed 0 artefacts, contained locally. Root cause documented.",,
CS-000465,AL-000651,CSE-19,2026-08-27T14:03:00,2026-08-27T14:51:00,AN-CSE-19-06,Closed,"Investigated Privilege Escalation on AST-CSE-19-038. Pulled IOCs, reviewed 5 artefacts, contained locally. Root cause documented.",Privilege Escalation on AST-CSE-19-038,patched / blocked
CS-000466,AL-000652,CSE-19,2026-08-24T05:36:00,2026-08-24T08:25:00,AN-CSE-19-04,Closed,"Investigated Lateral Movement on AST-CSE-19-007. Pulled IOCs, reviewed 6 artefacts, contained locally. Root cause documented.",Lateral Movement on AST-CSE-19-007,patched / blocked
CS-000467,AL-000653,CSE-19,2026-08-31T21:49:00,2026-08-31T21:58:00,AN-CSE-19-07,Closed,"Investigated Brute Force on AST-CSE-19-028. Pulled IOCs, reviewed 0 artefacts, contained locally. Root cause documented.",,
CS-000468,AL-000654,CSE-19,2026-09-16T10:16:00,2026-09-16T10:19:00,AN-CSE-19-01,Closed,Checked logs. User confirmed activity. Closing ticket. No further action.,,
CS-000469,AL-000655,CSE-19,2026-09-13T02:22:00,2026-09-13T05:25:00,AN-CSE-19-03,Closed,"Investigated Brute Force on AST-CSE-19-027. Pulled IOCs, reviewed 7 artefacts, contained locally. Root cause documented.",Brute Force on AST-CSE-19-027,patched / blocked
CS-000470,AL-000656,CSE-19,2026-09-17T22:06:00,2026-09-17T23:21:00,AN-CSE-19-08,Closed,"Investigated Suspicious Login on AST-CSE-19-037. Pulled IOCs, reviewed 7 artefacts, contained locally. Root cause documented.",Suspicious Login on AST-CSE-19-037,patched / blocked
CS-000471,AL-000657,CSE-19,2026-09-06T12:05:00,2026-09-06T14:11:00,AN-CSE-19-04,Escalated,"Investigated Exfiltration on AST-CSE-19-030. Pulled IOCs, reviewed 7 artefacts, escalated to IR. Root cause documented.",Exfiltration on AST-CSE-19-030,patched / blocked
CS-000472,AL-000660,CSE-19,2026-09-16T00:42:00,2026-09-16T01:25:00,AN-CSE-19-04,Closed,"Investigated C2 Beacon on AST-CSE-19-001. Pulled IOCs, reviewed 3 artefacts, contained locally. Root cause documented.",C2 Beacon on AST-CSE-19-001,patched / blocked
CS-000473,AL-000661,CSE-19,2026-08-23T17:13:00,2026-08-23T19:31:00,AN-CSE-19-01,Closed,Checked logs. User confirmed activity. Closing ticket. No further action.,Brute Force on AST-CSE-19-020,patched / blocked
CS-000474,AL-000663,CSE-19,2026-09-11T13:21:00,2026-09-11T14:01:00,AN-CSE-19-04,Closed,"Investigated Exfiltration on AST-CSE-19-003. Pulled IOCs, reviewed 7 artefacts, contained locally. Root cause documented.",Exfiltration on AST-CSE-19-003,patched / blocked
CS-000475,AL-000666,CSE-19,2026-08-26T17:05:00,2026-08-26T20:39:00,AN-CSE-19-04,Closed,"Investigated Policy Violation on AST-CSE-19-008. Pulled IOCs, reviewed 4 artefacts, contained locally. Root cause documented.",Policy Violation on AST-CSE-19-008,patched / blocked
CS-000476,AL-000669,CSE-19,2026-09-06T09:55:00,2026-09-06T11:28:00,AN-CSE-19-07,Closed,"Investigated Lateral Movement on AST-CSE-19-005. Pulled IOCs, reviewed 3 artefacts, contained locally. Root cause documented.",Lateral Movement on AST-CSE-19-005,patched / blocked
CS-000477,AL-000670,CSE-19,2026-09-15T20:51:00,2026-09-15T20:53:00,AN-CSE-19-04,Closed,"Investigated Exfiltration on AST-CSE-19-011. Pulled IOCs, reviewed 1 artefacts, contained locally. Root cause documented.",,
CS-000478,AL-000671,CSE-19,2026-09-05T00:34:00,2026-09-05T00:59:00,AN-CSE-19-08,Closed,"Investigated Suspicious Login on AST-CSE-19-027. Pulled IOCs, reviewed 5 artefacts, contained locally. Root cause documented.",Suspicious Login on AST-CSE-19-027,patched / blocked
CS-000479,AL-000673,CSE-19,2026-09-03T18:32:00,2026-09-03T19:25:00,AN-CSE-19-08,Closed,"Investigated Data Access Anomaly on AST-CSE-19-032. Pulled IOCs, reviewed 9 artefacts, contained locally. Root cause documented.",Data Access Anomaly on AST-CSE-19-032,patched / blocked
CS-000480,AL-000674,CSE-19,2026-09-09T02:11:00,2026-09-09T03:38:00,AN-CSE-19-01,Closed,Reviewed alert. No malicious activity observed. Closed as false positive per SOP.,Exfiltration on AST-CSE-19-011,patched / blocked
CS-000481,AL-000675,CSE-19,2026-09-14T13:16:00,2026-09-14T14:00:00,AN-CSE-19-03,Closed,"Investigated Exfiltration on AST-CSE-19-035. Pulled IOCs, reviewed 3 artefacts, contained locally. Root cause documented.",Exfiltration on AST-CSE-19-035,patched / blocked
CS-000482,AL-000676,CSE-19,2026-09-09T06:47:00,2026-09-09T08:35:00,AN-CSE-19-01,Closed,Checked logs. User confirmed activity. Closing ticket. No further action.,Brute Force on AST-CSE-19-037,patched / blocked
CS-000483,AL-000677,CSE-19,2026-09-17T11:35:00,2026-09-17T13:52:00,AN-CSE-19-08,Closed,"Investigated Brute Force on AST-CSE-19-035. Pulled IOCs, reviewed 5 artefacts, contained locally. Root cause documented.",Brute Force on AST-CSE-19-035,patched / blocked
CS-000484,AL-000680,CSE-19,2026-09-07T16:07:00,2026-09-07T16:50:00,AN-CSE-19-04,Closed,"Investigated Phishing on AST-CSE-19-036. Pulled IOCs, reviewed 5 artefacts, contained locally. Root cause documented.",Phishing on AST-CSE-19-036,patched / blocked
CS-000485,AL-000682,CSE-19,2026-09-09T16:22:00,2026-09-09T16:29:00,AN-CSE-19-01,Closed,Reviewed alert. No malicious activity observed. Closed as false positive per SOP.,,
CS-000486,AL-000684,CSE-19,2026-09-05T12:34:00,2026-09-05T16:20:00,AN-CSE-19-08,Closed,"Investigated Lateral Movement on AST-CSE-19-006. Pulled IOCs, reviewed 8 artefacts, contained locally. Root cause documented.",Lateral Movement on AST-CSE-19-006,patched / blocked
CS-000487,AL-000685,CSE-19,2026-09-01T09:51:00,2026-09-01T12:25:00,AN-CSE-19-04,Closed,"Investigated Brute Force on AST-CSE-19-027. Pulled IOCs, reviewed 5 artefacts, contained locally. Root cause documented.",Brute Force on AST-CSE-19-027,patched / blocked
CS-000488,AL-000686,CSE-19,2026-09-06T15:02:00,2026-09-06T15:11:00,AN-CSE-19-05,Closed,"Investigated C2 Beacon on AST-CSE-19-038. Pulled IOCs, reviewed 0 artefacts, contained locally. Root cause documented.",,
CS-000489,AL-000689,CSE-19,2026-09-04T13:19:00,2026-09-04T16:54:00,AN-CSE-19-04,Closed,"Investigated Exfiltration on AST-CSE-19-008. Pulled IOCs, reviewed 5 artefacts, contained locally. Root cause documented.",Exfiltration on AST-CSE-19-008,patched / blocked
CS-000490,AL-000690,CSE-19,2026-09-01T20:24:00,2026-09-01T23:24:00,AN-CSE-19-07,Closed,"Investigated Data Access Anomaly on AST-CSE-19-005. Pulled IOCs, reviewed 8 artefacts, contained locally. Root cause documented.",Data Access Anomaly on AST-CSE-19-005,patched / blocked
CS-000491,AL-000691,CSE-19,2026-09-02T11:06:00,2026-09-02T11:40:00,AN-CSE-19-05,Closed,"Investigated Privilege Escalation on AST-CSE-19-008. Pulled IOCs, reviewed 4 artefacts, contained locally. Root cause documented.",Privilege Escalation on AST-CSE-19-008,patched / blocked
CS-000492,AL-000692,CSE-19,2026-09-19T03:37:00,2026-09-19T05:28:00,AN-CSE-19-07,Closed,"Investigated Brute Force on AST-CSE-19-030. Pulled IOCs, reviewed 3 artefacts, contained locally. Root cause documented.",Brute Force on AST-CSE-19-030,patched / blocked
CS-000493,AL-000693,CSE-19,2026-09-17T19:48:00,2026-09-17T22:41:00,AN-CSE-19-03,Closed,"Investigated Suspicious Login on AST-CSE-19-019. Pulled IOCs, reviewed 9 artefacts, contained locally. Root cause documented.",Suspicious Login on AST-CSE-19-019,patched / blocked
CS-000494,AL-000694,CSE-19,2026-08-24T14:09:00,2026-08-24T17:27:00,AN-CSE-19-05,Closed,"Investigated Privilege Escalation on AST-CSE-19-035. Pulled IOCs, reviewed 8 artefacts, contained locally. Root cause documented.",Privilege Escalation on AST-CSE-19-035,patched / blocked
CS-000495,AL-000695,CSE-19,2026-08-25T08:00:00,2026-08-25T09:55:00,AN-CSE-19-03,Closed,"Investigated Suspicious Login on AST-CSE-19-007. Pulled IOCs, reviewed 9 artefacts, contained locally. Root cause documented.",Suspicious Login on AST-CSE-19-007,patched / blocked
CS-000496,AL-000697,CSE-19,2026-08-28T18:16:00,2026-08-28T18:55:00,AN-CSE-19-02,Closed,"Investigated Suspicious Login on AST-CSE-19-040. Pulled IOCs, reviewed 3 artefacts, contained locally. Root cause documented.",Suspicious Login on AST-CSE-19-040,patched / blocked
CS-000497,AL-000698,CSE-19,2026-09-09T07:08:00,2026-09-09T10:00:00,AN-CSE-19-08,Closed,"Investigated Privilege Escalation on AST-CSE-19-031. Pulled IOCs, reviewed 7 artefacts, contained locally. Root cause documented.",Privilege Escalation on AST-CSE-19-031,patched / blocked
CS-000498,AL-000699,CSE-19,2026-08-25T08:46:00,2026-08-25T08:50:00,AN-CSE-19-03,Closed,"Investigated Exfiltration on AST-CSE-19-012. Pulled IOCs, reviewed 0 artefacts, contained locally. Root cause documented.",,
CS-000499,AL-000700,CSE-19,2026-09-17T22:16:00,2026-09-18T00:34:00,AN-CSE-19-02,Closed,"Investigated Brute Force on AST-CSE-19-020. Pulled IOCs, reviewed 9 artefacts, contained locally. Root cause documented.",Brute Force on AST-CSE-19-020,patched / blocked
CS-000500,AL-000701,CSE-19,2026-08-25T14:28:00,2026-08-25T14:34:00,AN-CSE-19-01,Closed,Reviewed alert. No malicious activity observed. Closed as false positive per SOP.,,
CS-000501,AL-000703,CSE-19,2026-08-23T12:43:00,2026-08-23T12:48:00,AN-CSE-19-06,Closed,"Investigated Malware on AST-CSE-19-023. Pulled IOCs, reviewed 0 artefacts, contained locally. Root cause documented.",,
CS-000502,AL-000705,CSE-19,2026-08-21T19:06:00,2026-08-21T21:56:00,AN-CSE-19-08,Closed,"Investigated Phishing on AST-CSE-19-001. Pulled IOCs, reviewed 4 artefacts, contained locally. Root cause documented.",Phishing on AST-CSE-19-001,patched / blocked
CS-000503,AL-000706,CSE-19,2026-09-07T22:47:00,2026-09-08T02:21:00,AN-CSE-19-04,Closed,"Investigated Brute Force on AST-CSE-19-007. Pulled IOCs, reviewed 5 artefacts, contained locally. Root cause documented.",Brute Force on AST-CSE-19-007,patched / blocked
CS-000504,AL-000707,CSE-19,2026-09-05T00:15:00,2026-09-05T00:45:00,AN-CSE-19-05,Closed,"Investigated Phishing on AST-CSE-19-030. Pulled IOCs, reviewed 3 artefacts, contained locally. Root cause documented.",Phishing on AST-CSE-19-030,patched / blocked
CS-000505,AL-000708,CSE-19,2026-09-05T16:13:00,2026-09-05T20:08:00,AN-CSE-19-05,Closed,"Investigated Phishing on AST-CSE-19-032. Pulled IOCs, reviewed 6 artefacts, contained locally. Root cause documented.",Phishing on AST-CSE-19-032,patched / blocked
CS-000506,AL-000710,CSE-19,2026-08-29T20:17:00,2026-08-29T20:20:00,AN-CSE-19-02,Closed,"Investigated Brute Force on AST-CSE-19-024. Pulled IOCs, reviewed 0 artefacts, contained locally. Root cause documented.",,
CS-000507,AL-000711,CSE-19,2026-09-02T08:13:00,2026-09-02T09:23:00,AN-CSE-19-03,Closed,"Investigated C2 Beacon on AST-CSE-19-010. Pulled IOCs, reviewed 5 artefacts, contained locally. Root cause documented.",C2 Beacon on AST-CSE-19-010,patched / blocked
CS-000508,AL-000712,CSE-19,2026-08-24T22:14:00,2026-08-24T22:20:00,AN-CSE-19-08,Closed,"Investigated C2 Beacon on AST-CSE-19-039. Pulled IOCs, reviewed 1 artefacts, contained locally. Root cause documented.",,
CS-000509,AL-000713,CSE-19,2026-09-07T20:28:00,2026-09-07T22:44:00,AN-CSE-19-05,Closed,"Investigated Policy Violation on AST-CSE-19-023. Pulled IOCs, reviewed 3 artefacts, contained locally. Root cause documented.",Policy Violation on AST-CSE-19-023,patched / blocked
CS-000510,AL-000714,CSE-19,2026-08-31T07:59:00,2026-08-31T11:51:00,AN-CSE-19-02,Closed,"Investigated Policy Violation on AST-CSE-19-017. Pulled IOCs, reviewed 3 artefacts, contained locally. Root cause documented.",Policy Violation on AST-CSE-19-017,patched / blocked
CS-000511,AL-000716,CSE-19,2026-08-29T20:29:00,2026-08-29T20:31:00,AN-CSE-19-05,Closed,"Investigated Policy Violation on AST-CSE-19-032. Pulled IOCs, reviewed 0 artefacts, contained locally. Root cause documented.",,
CS-000512,AL-000719,CSE-19,2026-09-01T20:30:00,2026-09-01T22:30:00,AN-CSE-19-03,Closed,"Investigated Suspicious Login on AST-CSE-19-032. Pulled IOCs, reviewed 5 artefacts, contained locally. Root cause documented.",Suspicious Login on AST-CSE-19-032,patched / blocked
CS-000513,AL-000720,CSE-19,2026-09-09T02:40:00,2026-09-09T03:11:00,AN-CSE-19-01,Closed,Checked logs. User confirmed activity. Closing ticket. No further action.,C2 Beacon on AST-CSE-19-038,patched / blocked
CS-000514,AL-000721,CSE-19,2026-08-31T01:36:00,2026-08-31T03:27:00,AN-CSE-19-02,Closed,"Investigated Malware on AST-CSE-19-038. Pulled IOCs, reviewed 6 artefacts, contained locally. Root cause documented.",Malware on AST-CSE-19-038,patched / blocked
CS-000515,AL-000722,CSE-19,2026-08-31T02:23:00,2026-08-31T02:26:00,AN-CSE-19-02,Closed,"Investigated Lateral Movement on AST-CSE-19-004. Pulled IOCs, reviewed 1 artefacts, contained locally. Root cause documented.",,
CS-000516,AL-000723,CSE-19,2026-09-03T01:58:00,2026-09-03T02:06:00,AN-CSE-19-08,Closed,"Investigated Privilege Escalation on AST-CSE-19-008. Pulled IOCs, reviewed 1 artefacts, contained locally. Root cause documented.",,
CS-000517,AL-000724,CSE-19,2026-09-09T23:24:00,2026-09-09T23:27:00,AN-CSE-19-07,Closed,"Investigated Data Access Anomaly on AST-CSE-19-031. Pulled IOCs, reviewed 1 artefacts, contained locally. Root cause documented.",,
CS-000518,AL-000725,CSE-19,2026-09-03T14:39:00,2026-09-03T16:32:00,AN-CSE-19-03,Closed,"Investigated Lateral Movement on AST-CSE-19-007. Pulled IOCs, reviewed 6 artefacts, contained locally. Root cause documented.",Lateral Movement on AST-CSE-19-007,patched / blocked
CS-000519,AL-000726,CSE-19,2026-09-03T05:42:00,2026-09-03T08:28:00,AN-CSE-19-05,Closed,"Investigated Phishing on AST-CSE-19-032. Pulled IOCs, reviewed 6 artefacts, contained locally. Root cause documented.",Phishing on AST-CSE-19-032,patched / blocked
CS-000520,AL-000728,CSE-19,2026-08-26T09:19:00,2026-08-26T09:25:00,AN-CSE-19-05,Closed,"Investigated C2 Beacon on AST-CSE-19-031. Pulled IOCs, reviewed 1 artefacts, contained locally. Root cause documented.",,
CS-000521,AL-000729,CSE-19,2026-09-08T03:21:00,2026-09-08T03:25:00,AN-CSE-19-08,Closed,"Investigated Privilege Escalation on AST-CSE-19-035. Pulled IOCs, reviewed 0 artefacts, contained locally. Root cause documented.",,
CS-000522,AL-000732,CSE-19,2026-08-24T09:20:00,2026-08-24T10:48:00,AN-CSE-19-04,Closed,"Investigated C2 Beacon on AST-CSE-19-020. Pulled IOCs, reviewed 9 artefacts, contained locally. Root cause documented.",C2 Beacon on AST-CSE-19-020,patched / blocked
CS-000523,AL-000733,CSE-19,2026-09-12T23:45:00,2026-09-13T00:12:00,AN-CSE-19-02,Closed,"Investigated Exfiltration on AST-CSE-19-011. Pulled IOCs, reviewed 4 artefacts, contained locally. Root cause documented.",Exfiltration on AST-CSE-19-011,patched / blocked
CS-000524,AL-000734,CSE-19,2026-09-06T22:19:00,2026-09-06T23:48:00,AN-CSE-19-01,Closed,Checked logs. User confirmed activity. Closing ticket. No further action.,Policy Violation on AST-CSE-19-030,patched / blocked
CS-000525,AL-000736,CSE-19,2026-08-29T14:04:00,2026-08-29T17:58:00,AN-CSE-19-02,Closed,"Investigated C2 Beacon on AST-CSE-19-005. Pulled IOCs, reviewed 8 artefacts, contained locally. Root cause documented.",C2 Beacon on AST-CSE-19-005,patched / blocked
CS-000526,AL-000738,CSE-19,2026-09-01T12:36:00,2026-09-01T13:51:00,AN-CSE-19-04,Closed,"Investigated Privilege Escalation on AST-CSE-19-008. Pulled IOCs, reviewed 4 artefacts, contained locally. Root cause documented.",Privilege Escalation on AST-CSE-19-008,patched / blocked
CS-000527,AL-000739,CSE-19,2026-09-05T22:44:00,2026-09-06T00:39:00,AN-CSE-19-01,Closed,Checked logs. User confirmed activity. Closing ticket. No further action.,Lateral Movement on AST-CSE-19-012,patched / blocked
CS-000528,AL-000740,CSE-19,2026-09-13T03:04:00,2026-09-13T06:27:00,AN-CSE-19-03,Closed,"Investigated C2 Beacon on AST-CSE-19-035. Pulled IOCs, reviewed 5 artefacts, contained locally. Root cause documented.",C2 Beacon on AST-CSE-19-035,patched / blocked
CS-000529,AL-000742,CSE-19,2026-09-12T21:36:00,2026-09-12T23:36:00,AN-CSE-19-01,Closed,Reviewed alert. No malicious activity observed. Closed as false positive per SOP.,Phishing on AST-CSE-19-024,patched / blocked
CS-000530,AL-000743,CSE-19,2026-08-23T06:02:00,2026-08-23T06:10:00,AN-CSE-19-08,Closed,"Investigated Exfiltration on AST-CSE-19-016. Pulled IOCs, reviewed 0 artefacts, contained locally. Root cause documented.",,
CS-000531,AL-000744,CSE-19,2026-09-07T01:15:00,2026-09-07T05:04:00,AN-CSE-19-07,Closed,"Investigated Policy Violation on AST-CSE-19-006. Pulled IOCs, reviewed 3 artefacts, contained locally. Root cause documented.",Policy Violation on AST-CSE-19-006,patched / blocked
CS-000532,AL-000745,CSE-19,2026-09-06T16:14:00,2026-09-06T16:16:00,AN-CSE-19-06,Closed,"Investigated Suspicious Login on AST-CSE-19-017. Pulled IOCs, reviewed 0 artefacts, contained locally. Root cause documented.",,
CS-000533,AL-000746,CSE-19,2026-09-16T11:35:00,2026-09-16T13:15:00,AN-CSE-19-04,Closed,"Investigated Policy Violation on AST-CSE-19-012. Pulled IOCs, reviewed 7 artefacts, contained locally. Root cause documented.",Policy Violation on AST-CSE-19-012,patched / blocked
CS-000534,AL-000747,CSE-19,2026-08-28T15:12:00,2026-08-28T15:20:00,AN-CSE-19-03,Closed,"Investigated Brute Force on AST-CSE-19-008. Pulled IOCs, reviewed 1 artefacts, contained locally. Root cause documented.",,
CS-000535,AL-000748,CSE-19,2026-09-16T03:49:00,2026-09-16T04:59:00,AN-CSE-19-06,Closed,"Investigated Policy Violation on AST-CSE-19-029. Pulled IOCs, reviewed 3 artefacts, contained locally. Root cause documented.",Policy Violation on AST-CSE-19-029,patched / blocked
CS-000536,AL-000750,CSE-19,2026-08-29T06:57:00,2026-08-29T07:03:00,AN-CSE-19-07,Closed,"Investigated Policy Violation on AST-CSE-19-006. Pulled IOCs, reviewed 0 artefacts, contained locally. Root cause documented.",,
CS-000537,AL-000751,CSE-19,2026-09-02T09:00:00,2026-09-02T09:09:00,AN-CSE-19-07,Closed,"Investigated Privilege Escalation on AST-CSE-19-006. Pulled IOCs, reviewed 1 artefacts, contained locally. Root cause documented.",,
CS-000538,AL-000752,CSE-19,2026-09-14T03:42:00,2026-09-14T05:52:00,AN-CSE-19-08,Closed,"Investigated Lateral Movement on AST-CSE-19-008. Pulled IOCs, reviewed 9 artefacts, contained locally. Root cause documented.",Lateral Movement on AST-CSE-19-008,patched / blocked
CS-000539,AL-000753,CSE-19,2026-09-10T12:17:00,2026-09-10T14:21:00,AN-CSE-19-04,Closed,"Investigated Lateral Movement on AST-CSE-19-039. Pulled IOCs, reviewed 9 artefacts, contained locally. Root cause documented.",Lateral Movement on AST-CSE-19-039,patched / blocked
CS-000540,AL-000754,CSE-19,2026-09-06T04:37:00,2026-09-06T06:52:00,AN-CSE-19-08,Closed,"Investigated Exfiltration on AST-CSE-19-019. Pulled IOCs, reviewed 4 artefacts, contained locally. Root cause documented.",Exfiltration on AST-CSE-19-019,patched / blocked
CS-000541,AL-000755,CSE-19,2026-08-28T22:13:00,2026-08-29T00:55:00,AN-CSE-19-05,Closed,"Investigated Lateral Movement on AST-CSE-19-026. Pulled IOCs, reviewed 3 artefacts, contained locally. Root cause documented.",Lateral Movement on AST-CSE-19-026,patched / blocked
CS-000542,AL-000756,CSE-19,2026-09-08T16:18:00,2026-09-08T18:47:00,AN-CSE-19-01,Closed,Checked logs. User confirmed activity. Closing ticket. No further action.,Lateral Movement on AST-CSE-19-022,patched / blocked
CS-000543,AL-000757,CSE-19,2026-08-22T18:58:00,2026-08-22T19:07:00,AN-CSE-19-03,Closed,"Investigated Privilege Escalation on AST-CSE-19-026. Pulled IOCs, reviewed 1 artefacts, contained locally. Root cause documented.",,
CS-000544,AL-000759,CSE-03,2026-08-27T17:52:00,2026-08-27T21:37:00,AN-CSE-03-04,Closed,"Investigated Privilege Escalation on AST-CSE-03-029. Pulled IOCs, reviewed 8 artefacts, contained locally. Root cause documented.",Privilege Escalation on AST-CSE-03-029,patched / blocked
CS-000545,AL-000760,CSE-03,2026-09-02T16:36:00,2026-09-02T17:41:00,AN-CSE-03-02,Closed,"Investigated Malware on AST-CSE-03-021. Pulled IOCs, reviewed 4 artefacts, contained locally. Root cause documented.",Malware on AST-CSE-03-021,patched / blocked
CS-000546,AL-000761,CSE-03,2026-09-14T23:11:00,2026-09-15T02:43:00,AN-CSE-03-07,Closed,"Investigated Malware on AST-CSE-03-006. Pulled IOCs, reviewed 8 artefacts, contained locally. Root cause documented.",Malware on AST-CSE-03-006,patched / blocked
CS-000547,AL-000762,CSE-03,2026-09-06T12:09:00,2026-09-06T15:03:00,AN-CSE-03-05,Closed,"Investigated Exfiltration on AST-CSE-03-008. Pulled IOCs, reviewed 4 artefacts, contained locally. Root cause documented.",Exfiltration on AST-CSE-03-008,patched / blocked
CS-000548,AL-000763,CSE-03,2026-09-04T21:04:00,2026-09-04T23:48:00,AN-CSE-03-07,Closed,"Investigated Privilege Escalation on AST-CSE-03-007. Pulled IOCs, reviewed 7 artefacts, contained locally. Root cause documented.",Privilege Escalation on AST-CSE-03-007,patched / blocked
CS-000549,AL-000764,CSE-03,2026-09-01T06:33:00,2026-09-01T09:04:00,AN-CSE-03-07,Closed,"Investigated C2 Beacon on AST-CSE-03-006. Pulled IOCs, reviewed 5 artefacts, contained locally. Root cause documented.",C2 Beacon on AST-CSE-03-006,patched / blocked
CS-000550,AL-000765,CSE-03,2026-09-03T15:19:00,2026-09-03T17:30:00,AN-CSE-03-02,Closed,"Investigated Brute Force on AST-CSE-03-015. Pulled IOCs, reviewed 3 artefacts, contained locally. Root cause documented.",Brute Force on AST-CSE-03-015,patched / blocked
CS-000551,AL-000766,CSE-03,2026-08-30T02:07:00,2026-08-30T03:42:00,AN-CSE-03-04,Closed,"Investigated Brute Force on AST-CSE-03-020. Pulled IOCs, reviewed 7 artefacts, contained locally. Root cause documented.",Brute Force on AST-CSE-03-020,patched / blocked
CS-000552,AL-000768,CSE-03,2026-09-02T09:11:00,2026-09-02T12:20:00,AN-CSE-03-01,Closed,"Investigated Exfiltration on AST-CSE-03-037. Pulled IOCs, reviewed 6 artefacts, contained locally. Root cause documented.",Exfiltration on AST-CSE-03-037,patched / blocked
CS-000553,AL-000769,CSE-03,2026-09-06T13:41:00,2026-09-06T13:50:00,AN-CSE-03-06,Closed,"Investigated C2 Beacon on AST-CSE-03-012. Pulled IOCs, reviewed 1 artefacts, contained locally. Root cause documented.",,
CS-000554,AL-000772,CSE-03,2026-09-10T16:08:00,2026-09-10T19:24:00,AN-CSE-03-06,Closed,"Investigated Data Access Anomaly on AST-CSE-03-026. Pulled IOCs, reviewed 8 artefacts, contained locally. Root cause documented.",Data Access Anomaly on AST-CSE-03-026,patched / blocked
CS-000555,AL-000773,CSE-03,2026-09-20T05:53:00,2026-09-20T05:58:00,AN-CSE-03-01,Closed,"Investigated Phishing on AST-CSE-03-020. Pulled IOCs, reviewed 0 artefacts, contained locally. Root cause documented.",,
CS-000556,AL-000774,CSE-03,2026-08-31T04:33:00,2026-08-31T08:10:00,AN-CSE-03-04,Closed,"Investigated Policy Violation on AST-CSE-03-014. Pulled IOCs, reviewed 6 artefacts, contained locally. Root cause documented.",Policy Violation on AST-CSE-03-014,patched / blocked
CS-000557,AL-000775,CSE-03,2026-09-15T07:13:00,2026-09-15T07:22:00,AN-CSE-03-08,Closed,"Investigated C2 Beacon on AST-CSE-03-031. Pulled IOCs, reviewed 0 artefacts, contained locally. Root cause documented.",,
CS-000558,AL-000778,CSE-03,2026-08-22T20:46:00,2026-08-22T22:54:00,AN-CSE-03-01,Closed,"Investigated Data Access Anomaly on AST-CSE-03-038. Pulled IOCs, reviewed 7 artefacts, contained locally. Root cause documented.",Data Access Anomaly on AST-CSE-03-038,patched / blocked
CS-000559,AL-000779,CSE-03,2026-08-30T22:04:00,2026-08-31T01:03:00,AN-CSE-03-08,Closed,"Investigated Phishing on AST-CSE-03-036. Pulled IOCs, reviewed 8 artefacts, contained locally. Root cause documented.",Phishing on AST-CSE-03-036,patched / blocked
CS-000560,AL-000780,CSE-03,2026-09-10T12:48:00,2026-09-10T14:02:00,AN-CSE-03-08,Escalated,"Investigated C2 Beacon on AST-CSE-03-029. Pulled IOCs, reviewed 7 artefacts, escalated to IR. Root cause documented.",C2 Beacon on AST-CSE-03-029,patched / blocked
CS-000561,AL-000781,CSE-03,2026-08-28T14:31:00,2026-08-28T17:56:00,AN-CSE-03-03,Closed,"Investigated Data Access Anomaly on AST-CSE-03-022. Pulled IOCs, reviewed 8 artefacts, contained locally. Root cause documented.",Data Access Anomaly on AST-CSE-03-022,patched / blocked
CS-000562,AL-000783,CSE-03,2026-09-14T16:29:00,2026-09-14T16:38:00,AN-CSE-03-02,Closed,"Investigated Brute Force on AST-CSE-03-031. Pulled IOCs, reviewed 1 artefacts, contained locally. Root cause documented.",,
CS-000563,AL-000785,CSE-03,2026-09-16T16:46:00,2026-09-16T19:10:00,AN-CSE-03-02,Closed,"Investigated Phishing on AST-CSE-03-003. Pulled IOCs, reviewed 5 artefacts, contained locally. Root cause documented.",Phishing on AST-CSE-03-003,patched / blocked
CS-000564,AL-000788,CSE-03,2026-09-17T06:20:00,2026-09-17T06:27:00,AN-CSE-03-02,Closed,"Investigated Suspicious Login on AST-CSE-03-007. Pulled IOCs, reviewed 0 artefacts, contained locally. Root cause documented.",,
CS-000565,AL-000789,CSE-03,2026-09-04T12:05:00,2026-09-04T13:58:00,AN-CSE-03-02,Closed,"Investigated Policy Violation on AST-CSE-03-019. Pulled IOCs, reviewed 5 artefacts, contained locally. Root cause documented.",Policy Violation on AST-CSE-03-019,patched / blocked
CS-000566,AL-000790,CSE-03,2026-09-07T11:45:00,2026-09-07T14:14:00,AN-CSE-03-08,Closed,"Investigated Phishing on AST-CSE-03-008. Pulled IOCs, reviewed 4 artefacts, contained locally. Root cause documented.",Phishing on AST-CSE-03-008,patched / blocked
CS-000567,AL-000791,CSE-03,2026-09-07T00:20:00,2026-09-07T03:52:00,AN-CSE-03-04,Closed,"Investigated Privilege Escalation on AST-CSE-03-018. Pulled IOCs, reviewed 7 artefacts, contained locally. Root cause documented.",Privilege Escalation on AST-CSE-03-018,patched / blocked
CS-000568,AL-000793,CSE-03,2026-08-27T11:15:00,2026-08-27T12:55:00,AN-CSE-03-02,Closed,"Investigated Malware on AST-CSE-03-024. Pulled IOCs, reviewed 6 artefacts, contained locally. Root cause documented.",Malware on AST-CSE-03-024,patched / blocked
CS-000569,AL-000795,CSE-03,2026-08-22T14:16:00,2026-08-22T15:56:00,AN-CSE-03-05,Closed,"Investigated Exfiltration on AST-CSE-03-034. Pulled IOCs, reviewed 5 artefacts, contained locally. Root cause documented.",Exfiltration on AST-CSE-03-034,patched / blocked
CS-000570,AL-000798,CSE-03,2026-08-28T07:27:00,2026-08-28T09:57:00,AN-CSE-03-05,Closed,"Investigated C2 Beacon on AST-CSE-03-022. Pulled IOCs, reviewed 7 artefacts, contained locally. Root cause documented.",C2 Beacon on AST-CSE-03-022,patched / blocked
CS-000571,AL-000800,CSE-03,2026-09-19T00:44:00,2026-09-19T01:30:00,AN-CSE-03-06,Closed,"Investigated Suspicious Login on AST-CSE-03-028. Pulled IOCs, reviewed 6 artefacts, contained locally. Root cause documented.",Suspicious Login on AST-CSE-03-028,patched / blocked
CS-000572,AL-000802,CSE-03,2026-09-03T12:45:00,2026-09-03T15:34:00,AN-CSE-03-02,Closed,"Investigated Brute Force on AST-CSE-03-037. Pulled IOCs, reviewed 4 artefacts, contained locally. Root cause documented.",Brute Force on AST-CSE-03-037,patched / blocked
CS-000573,AL-000803,CSE-03,2026-09-06T22:55:00,2026-09-06T23:43:00,AN-CSE-03-02,Closed,"Investigated Phishing on AST-CSE-03-030. Pulled IOCs, reviewed 6 artefacts, contained locally. Root cause documented.",Phishing on AST-CSE-03-030,patched / blocked
CS-000574,AL-000806,CSE-03,2026-09-03T19:53:00,2026-09-03T20:21:00,AN-CSE-03-04,Closed,"Investigated Brute Force on AST-CSE-03-030. Pulled IOCs, reviewed 8 artefacts, contained locally. Root cause documented.",Brute Force on AST-CSE-03-030,patched / blocked
CS-000575,AL-000807,CSE-03,2026-09-16T16:06:00,2026-09-16T18:00:00,AN-CSE-03-07,Closed,"Investigated Privilege Escalation on AST-CSE-03-036. Pulled IOCs, reviewed 7 artefacts, contained locally. Root cause documented.",Privilege Escalation on AST-CSE-03-036,patched / blocked
CS-000576,AL-000808,CSE-03,2026-09-09T02:37:00,2026-09-09T02:59:00,AN-CSE-03-05,Closed,"Investigated Suspicious Login on AST-CSE-03-003. Pulled IOCs, reviewed 9 artefacts, contained locally. Root cause documented.",Suspicious Login on AST-CSE-03-003,patched / blocked
CS-000577,AL-000809,CSE-03,2026-08-22T02:04:00,2026-08-22T05:53:00,AN-CSE-03-05,Closed,"Investigated Data Access Anomaly on AST-CSE-03-010. Pulled IOCs, reviewed 8 artefacts, contained locally. Root cause documented.",Data Access Anomaly on AST-CSE-03-010,patched / blocked
CS-000578,AL-000810,CSE-03,2026-09-18T10:34:00,2026-09-18T13:18:00,AN-CSE-03-08,Closed,"Investigated Phishing on AST-CSE-03-001. Pulled IOCs, reviewed 6 artefacts, contained locally. Root cause documented.",Phishing on AST-CSE-03-001,patched / blocked
CS-000579,AL-000811,CSE-03,2026-08-24T16:52:00,2026-08-24T19:09:00,AN-CSE-03-03,Closed,"Investigated Policy Violation on AST-CSE-03-025. Pulled IOCs, reviewed 9 artefacts, contained locally. Root cause documented.",Policy Violation on AST-CSE-03-025,patched / blocked
CS-000580,AL-000814,CSE-03,2026-08-30T18:55:00,2026-08-30T21:33:00,AN-CSE-03-04,Closed,"Investigated Suspicious Login on AST-CSE-03-020. Pulled IOCs, reviewed 7 artefacts, contained locally. Root cause documented.",Suspicious Login on AST-CSE-03-020,patched / blocked
CS-000581,AL-000815,CSE-03,2026-09-04T19:03:00,2026-09-04T21:34:00,AN-CSE-03-01,Closed,"Investigated Suspicious Login on AST-CSE-03-037. Pulled IOCs, reviewed 4 artefacts, contained locally. Root cause documented.",Suspicious Login on AST-CSE-03-037,patched / blocked
CS-000582,AL-000816,CSE-03,2026-08-28T17:32:00,2026-08-28T17:39:00,AN-CSE-03-02,Closed,"Investigated Phishing on AST-CSE-03-018. Pulled IOCs, reviewed 1 artefacts, contained locally. Root cause documented.",,
CS-000583,AL-000818,CSE-03,2026-09-17T08:26:00,2026-09-17T09:27:00,AN-CSE-03-03,Closed,"Investigated C2 Beacon on AST-CSE-03-021. Pulled IOCs, reviewed 5 artefacts, contained locally. Root cause documented.",C2 Beacon on AST-CSE-03-021,patched / blocked
CS-000584,AL-000819,CSE-03,2026-08-30T06:57:00,2026-08-30T10:19:00,AN-CSE-03-06,Closed,"Investigated Exfiltration on AST-CSE-03-010. Pulled IOCs, reviewed 3 artefacts, contained locally. Root cause documented.",Exfiltration on AST-CSE-03-010,patched / blocked
CS-000585,AL-000820,CSE-03,2026-09-07T01:44:00,2026-09-07T02:34:00,AN-CSE-03-07,Closed,"Investigated Phishing on AST-CSE-03-025. Pulled IOCs, reviewed 3 artefacts, contained locally. Root cause documented.",Phishing on AST-CSE-03-025,patched / blocked
CS-000586,AL-000821,CSE-03,2026-09-04T19:12:00,2026-09-04T20:40:00,AN-CSE-03-07,Closed,"Investigated Data Access Anomaly on AST-CSE-03-016. Pulled IOCs, reviewed 3 artefacts, contained locally. Root cause documented.",Data Access Anomaly on AST-CSE-03-016,patched / blocked
CS-000587,AL-000823,CSE-03,2026-09-02T15:10:00,2026-09-02T17:09:00,AN-CSE-03-03,Closed,"Investigated Phishing on AST-CSE-03-038. Pulled IOCs, reviewed 6 artefacts, contained locally. Root cause documented.",Phishing on AST-CSE-03-038,patched / blocked
CS-000588,AL-000827,CSE-03,2026-08-29T08:07:00,2026-08-29T08:13:00,AN-CSE-03-03,Closed,"Investigated Exfiltration on AST-CSE-03-005. Pulled IOCs, reviewed 1 artefacts, contained locally. Root cause documented.",,
CS-000589,AL-000828,CSE-03,2026-08-26T01:04:00,2026-08-26T04:36:00,AN-CSE-03-06,Closed,"Investigated Data Access Anomaly on AST-CSE-03-014. Pulled IOCs, reviewed 8 artefacts, contained locally. Root cause documented.",Data Access Anomaly on AST-CSE-03-014,patched / blocked
CS-000590,AL-000830,CSE-03,2026-09-20T11:17:00,2026-09-20T14:35:00,AN-CSE-03-03,Closed,"Investigated Malware on AST-CSE-03-009. Pulled IOCs, reviewed 8 artefacts, contained locally. Root cause documented.",Malware on AST-CSE-03-009,patched / blocked
CS-000591,AL-000831,CSE-03,2026-08-22T15:19:00,2026-08-22T15:28:00,AN-CSE-03-02,Closed,"Investigated Suspicious Login on AST-CSE-03-026. Pulled IOCs, reviewed 0 artefacts, contained locally. Root cause documented.",,
CS-000592,AL-000832,CSE-03,2026-09-08T23:49:00,2026-09-09T01:43:00,AN-CSE-03-01,Closed,"Investigated C2 Beacon on AST-CSE-03-023. Pulled IOCs, reviewed 4 artefacts, contained locally. Root cause documented.",C2 Beacon on AST-CSE-03-023,patched / blocked
CS-000593,AL-000834,CSE-03,2026-09-05T00:58:00,2026-09-05T01:03:00,AN-CSE-03-05,Closed,"Investigated Phishing on AST-CSE-03-020. Pulled IOCs, reviewed 0 artefacts, contained locally. Root cause documented.",,
CS-000594,AL-000836,CSE-03,2026-09-17T17:52:00,2026-09-17T20:37:00,AN-CSE-03-02,Closed,"Investigated Data Access Anomaly on AST-CSE-03-037. Pulled IOCs, reviewed 9 artefacts, contained locally. Root cause documented.",Data Access Anomaly on AST-CSE-03-037,patched / blocked
CS-000595,AL-000837,CSE-03,2026-08-30T11:16:00,2026-08-30T11:25:00,AN-CSE-03-05,Closed,"Investigated Exfiltration on AST-CSE-03-034. Pulled IOCs, reviewed 0 artefacts, contained locally. Root cause documented.",,
CS-000596,AL-000838,CSE-03,2026-09-09T22:06:00,2026-09-10T01:20:00,AN-CSE-03-07,Closed,"Investigated Malware on AST-CSE-03-028. Pulled IOCs, reviewed 7 artefacts, contained locally. Root cause documented.",Malware on AST-CSE-03-028,patched / blocked
CS-000597,AL-000839,CSE-03,2026-09-18T12:46:00,2026-09-18T14:53:00,AN-CSE-03-01,Closed,"Investigated Privilege Escalation on AST-CSE-03-032. Pulled IOCs, reviewed 7 artefacts, contained locally. Root cause documented.",Privilege Escalation on AST-CSE-03-032,patched / blocked
CS-000598,AL-000840,CSE-03,2026-09-10T09:04:00,2026-09-10T10:21:00,AN-CSE-03-01,Closed,"Investigated Malware on AST-CSE-03-021. Pulled IOCs, reviewed 8 artefacts, contained locally. Root cause documented.",Malware on AST-CSE-03-021,patched / blocked
CS-000599,AL-000841,CSE-03,2026-09-10T02:56:00,2026-09-10T05:01:00,AN-CSE-03-02,Closed,"Investigated Phishing on AST-CSE-03-005. Pulled IOCs, reviewed 9 artefacts, contained locally. Root cause documented.",Phishing on AST-CSE-03-005,patched / blocked
CS-000600,AL-000842,CSE-03,2026-09-13T08:30:00,2026-09-13T12:23:00,AN-CSE-03-04,Closed,"Investigated Privilege Escalation on AST-CSE-03-038. Pulled IOCs, reviewed 3 artefacts, contained locally. Root cause documented.",Privilege Escalation on AST-CSE-03-038,patched / blocked
CS-000601,AL-000844,CSE-03,2026-08-22T10:36:00,2026-08-22T13:53:00,AN-CSE-03-06,Closed,"Investigated Phishing on AST-CSE-03-008. Pulled IOCs, reviewed 3 artefacts, contained locally. Root cause documented.",Phishing on AST-CSE-03-008,patched / blocked
CS-000602,AL-000845,CSE-03,2026-08-31T15:33:00,2026-08-31T16:02:00,AN-CSE-03-02,Escalated,"Investigated Policy Violation on AST-CSE-03-004. Pulled IOCs, reviewed 7 artefacts, escalated to IR. Root cause documented.",Policy Violation on AST-CSE-03-004,patched / blocked
CS-000603,AL-000846,CSE-03,2026-08-26T22:46:00,2026-08-26T22:55:00,AN-CSE-03-01,Closed,"Investigated C2 Beacon on AST-CSE-03-025. Pulled IOCs, reviewed 1 artefacts, contained locally. Root cause documented.",,
CS-000604,AL-000847,CSE-03,2026-08-30T14:10:00,2026-08-30T14:17:00,AN-CSE-03-01,Closed,"Investigated Data Access Anomaly on AST-CSE-03-040. Pulled IOCs, reviewed 0 artefacts, contained locally. Root cause documented.",,
CS-000605,AL-000848,CSE-03,2026-08-29T09:23:00,2026-08-29T09:27:00,AN-CSE-03-04,Closed,"Investigated Phishing on AST-CSE-03-007. Pulled IOCs, reviewed 1 artefacts, contained locally. Root cause documented.",,
CS-000606,AL-000849,CSE-03,2026-08-31T21:49:00,2026-08-31T22:20:00,AN-CSE-03-04,Closed,"Investigated C2 Beacon on AST-CSE-03-023. Pulled IOCs, reviewed 3 artefacts, contained locally. Root cause documented.",C2 Beacon on AST-CSE-03-023,patched / blocked
CS-000607,AL-000850,CSE-03,2026-08-31T00:41:00,2026-08-31T02:20:00,AN-CSE-03-03,Closed,"Investigated Data Access Anomaly on AST-CSE-03-020. Pulled IOCs, reviewed 7 artefacts, contained locally. Root cause documented.",Data Access Anomaly on AST-CSE-03-020,patched / blocked
CS-000608,AL-000853,CSE-03,2026-09-09T17:24:00,2026-09-09T19:31:00,AN-CSE-03-06,Closed,"Investigated Policy Violation on AST-CSE-03-031. Pulled IOCs, reviewed 5 artefacts, contained locally. Root cause documented.",Policy Violation on AST-CSE-03-031,patched / blocked
CS-000609,AL-000855,CSE-03,2026-09-12T20:13:00,2026-09-12T22:09:00,AN-CSE-03-06,Closed,"Investigated Policy Violation on AST-CSE-03-015. Pulled IOCs, reviewed 4 artefacts, contained locally. Root cause documented.",Policy Violation on AST-CSE-03-015,patched / blocked
CS-000610,AL-000857,CSE-03,2026-09-20T05:48:00,2026-09-20T07:10:00,AN-CSE-03-05,Escalated,"Investigated Privilege Escalation on AST-CSE-03-038. Pulled IOCs, reviewed 8 artefacts, escalated to IR. Root cause documented.",Privilege Escalation on AST-CSE-03-038,patched / blocked
CS-000611,AL-000858,CSE-03,2026-09-20T06:07:00,2026-09-20T06:09:00,AN-CSE-03-05,Closed,"Investigated Phishing on AST-CSE-03-036. Pulled IOCs, reviewed 0 artefacts, contained locally. Root cause documented.",,
CS-000612,AL-000859,CSE-03,2026-09-14T02:31:00,2026-09-14T04:26:00,AN-CSE-03-04,Closed,"Investigated Phishing on AST-CSE-03-025. Pulled IOCs, reviewed 8 artefacts, contained locally. Root cause documented.",Phishing on AST-CSE-03-025,patched / blocked
CS-000613,AL-000860,CSE-03,2026-08-22T13:56:00,2026-08-22T14:49:00,AN-CSE-03-02,Closed,"Investigated Data Access Anomaly on AST-CSE-03-034. Pulled IOCs, reviewed 9 artefacts, contained locally. Root cause documented.",Data Access Anomaly on AST-CSE-03-034,patched / blocked
CS-000614,AL-000862,CSE-03,2026-09-11T07:40:00,2026-09-11T11:23:00,AN-CSE-03-04,Closed,"Investigated Phishing on AST-CSE-03-038. Pulled IOCs, reviewed 5 artefacts, contained locally. Root cause documented.",Phishing on AST-CSE-03-038,patched / blocked
CS-000615,AL-000863,CSE-03,2026-09-13T12:55:00,2026-09-13T15:52:00,AN-CSE-03-08,Closed,"Investigated Data Access Anomaly on AST-CSE-03-033. Pulled IOCs, reviewed 3 artefacts, contained locally. Root cause documented.",Data Access Anomaly on AST-CSE-03-033,patched / blocked
CS-000616,AL-000866,CSE-03,2026-09-13T21:05:00,2026-09-13T22:38:00,AN-CSE-03-04,Closed,"Investigated Phishing on AST-CSE-03-003. Pulled IOCs, reviewed 6 artefacts, contained locally. Root cause documented.",Phishing on AST-CSE-03-003,patched / blocked
CS-000617,AL-000867,CSE-03,2026-09-09T03:25:00,2026-09-09T04:06:00,AN-CSE-03-02,Closed,"Investigated Brute Force on AST-CSE-03-037. Pulled IOCs, reviewed 5 artefacts, contained locally. Root cause documented.",Brute Force on AST-CSE-03-037,patched / blocked
CS-000618,AL-000868,CSE-03,2026-09-18T21:28:00,2026-09-18T21:37:00,AN-CSE-03-06,Closed,"Investigated Privilege Escalation on AST-CSE-03-034. Pulled IOCs, reviewed 1 artefacts, contained locally. Root cause documented.",,
CS-000619,AL-000870,CSE-03,2026-09-10T19:28:00,2026-09-10T20:46:00,AN-CSE-03-02,Closed,"Investigated Privilege Escalation on AST-CSE-03-005. Pulled IOCs, reviewed 3 artefacts, contained locally. Root cause documented.",Privilege Escalation on AST-CSE-03-005,patched / blocked
CS-000620,AL-000871,CSE-03,2026-09-14T01:48:00,2026-09-14T03:13:00,AN-CSE-03-06,Closed,"Investigated Privilege Escalation on AST-CSE-03-005. Pulled IOCs, reviewed 4 artefacts, contained locally. Root cause documented.",Privilege Escalation on AST-CSE-03-005,patched / blocked
CS-000621,AL-000872,CSE-03,2026-09-11T02:08:00,2026-09-11T02:16:00,AN-CSE-03-06,Closed,"Investigated Exfiltration on AST-CSE-03-035. Pulled IOCs, reviewed 1 artefacts, contained locally. Root cause documented.",,
CS-000622,AL-000873,CSE-03,2026-09-04T07:05:00,2026-09-04T10:30:00,AN-CSE-03-07,Closed,"Investigated Malware on AST-CSE-03-038. Pulled IOCs, reviewed 8 artefacts, contained locally. Root cause documented.",Malware on AST-CSE-03-038,patched / blocked
CS-000623,AL-000874,CSE-03,2026-08-25T18:12:00,2026-08-25T20:30:00,AN-CSE-03-08,Closed,"Investigated Phishing on AST-CSE-03-031. Pulled IOCs, reviewed 5 artefacts, contained locally. Root cause documented.",Phishing on AST-CSE-03-031,patched / blocked
CS-000624,AL-000875,CSE-03,2026-08-28T22:47:00,2026-08-29T01:29:00,AN-CSE-03-08,Closed,"Investigated Phishing on AST-CSE-03-021. Pulled IOCs, reviewed 3 artefacts, contained locally. Root cause documented.",Phishing on AST-CSE-03-021,patched / blocked
CS-000625,AL-000876,CSE-03,2026-09-10T13:00:00,2026-09-10T16:53:00,AN-CSE-03-08,Closed,"Investigated Data Access Anomaly on AST-CSE-03-009. Pulled IOCs, reviewed 5 artefacts, contained locally. Root cause documented.",Data Access Anomaly on AST-CSE-03-009,patched / blocked
CS-000626,AL-000877,CSE-03,2026-08-26T23:12:00,2026-08-26T23:37:00,AN-CSE-03-05,Closed,"Investigated C2 Beacon on AST-CSE-03-015. Pulled IOCs, reviewed 7 artefacts, contained locally. Root cause documented.",C2 Beacon on AST-CSE-03-015,patched / blocked
CS-000627,AL-000878,CSE-03,2026-09-09T17:20:00,2026-09-09T18:32:00,AN-CSE-03-07,Closed,"Investigated Brute Force on AST-CSE-03-009. Pulled IOCs, reviewed 6 artefacts, contained locally. Root cause documented.",Brute Force on AST-CSE-03-009,patched / blocked
CS-000628,AL-000879,CSE-03,2026-09-17T01:24:00,2026-09-17T01:30:00,AN-CSE-03-08,Closed,"Investigated C2 Beacon on AST-CSE-03-035. Pulled IOCs, reviewed 0 artefacts, contained locally. Root cause documented.",,
CS-000629,AL-000880,CSE-03,2026-09-15T10:08:00,2026-09-15T11:18:00,AN-CSE-03-08,Closed,"Investigated Phishing on AST-CSE-03-011. Pulled IOCs, reviewed 3 artefacts, contained locally. Root cause documented.",Phishing on AST-CSE-03-011,patched / blocked
CS-000630,AL-000881,CSE-03,2026-08-29T19:56:00,2026-08-29T22:23:00,AN-CSE-03-08,Closed,"Investigated Phishing on AST-CSE-03-019. Pulled IOCs, reviewed 3 artefacts, contained locally. Root cause documented.",Phishing on AST-CSE-03-019,patched / blocked
CS-000631,AL-000882,CSE-03,2026-09-17T07:26:00,2026-09-17T08:03:00,AN-CSE-03-07,Closed,"Investigated C2 Beacon on AST-CSE-03-021. Pulled IOCs, reviewed 6 artefacts, contained locally. Root cause documented.",C2 Beacon on AST-CSE-03-021,patched / blocked
CS-000632,AL-000884,CSE-03,2026-09-06T03:48:00,2026-09-06T06:02:00,AN-CSE-03-01,Closed,"Investigated Suspicious Login on AST-CSE-03-013. Pulled IOCs, reviewed 3 artefacts, contained locally. Root cause documented.",Suspicious Login on AST-CSE-03-013,patched / blocked
CS-000633,AL-000886,CSE-03,2026-08-21T21:38:00,2026-08-22T01:28:00,AN-CSE-03-05,Closed,"Investigated Exfiltration on AST-CSE-03-006. Pulled IOCs, reviewed 9 artefacts, contained locally. Root cause documented.",Exfiltration on AST-CSE-03-006,patched / blocked
CS-000634,AL-000888,CSE-03,2026-09-19T04:04:00,2026-09-19T07:04:00,AN-CSE-03-03,Closed,"Investigated C2 Beacon on AST-CSE-03-007. Pulled IOCs, reviewed 7 artefacts, contained locally. Root cause documented.",C2 Beacon on AST-CSE-03-007,patched / blocked
CS-000635,AL-000889,CSE-03,2026-09-06T18:53:00,2026-09-06T19:39:00,AN-CSE-03-06,Closed,"Investigated Phishing on AST-CSE-03-005. Pulled IOCs, reviewed 7 artefacts, contained locally. Root cause documented.",Phishing on AST-CSE-03-005,patched / blocked
CS-000636,AL-000891,CSE-03,2026-09-08T05:35:00,2026-09-08T06:24:00,AN-CSE-03-01,Closed,"Investigated C2 Beacon on AST-CSE-03-030. Pulled IOCs, reviewed 8 artefacts, contained locally. Root cause documented.",C2 Beacon on AST-CSE-03-030,patched / blocked
CS-000637,AL-000892,CSE-03,2026-09-18T09:25:00,2026-09-18T11:37:00,AN-CSE-03-04,Closed,"Investigated Policy Violation on AST-CSE-03-021. Pulled IOCs, reviewed 4 artefacts, contained locally. Root cause documented.",Policy Violation on AST-CSE-03-021,patched / blocked
CS-000638,AL-000893,CSE-03,2026-09-19T16:54:00,2026-09-19T19:25:00,AN-CSE-03-03,Closed,"Investigated Brute Force on AST-CSE-03-018. Pulled IOCs, reviewed 8 artefacts, contained locally. Root cause documented.",Brute Force on AST-CSE-03-018,patched / blocked
CS-000639,AL-000895,CSE-03,2026-08-29T10:07:00,2026-08-29T11:40:00,AN-CSE-03-02,Closed,"Investigated Suspicious Login on AST-CSE-03-003. Pulled IOCs, reviewed 6 artefacts, contained locally. Root cause documented.",Suspicious Login on AST-CSE-03-003,patched / blocked
CS-000640,AL-000896,CSE-03,2026-09-08T05:01:00,2026-09-08T06:17:00,AN-CSE-03-04,Escalated,"Investigated Malware on AST-CSE-03-039. Pulled IOCs, reviewed 4 artefacts, escalated to IR. Root cause documented.",Malware on AST-CSE-03-039,patched / blocked
CS-000641,AL-000899,CSE-03,2026-09-14T08:38:00,2026-09-14T10:35:00,AN-CSE-03-06,Closed,"Investigated C2 Beacon on AST-CSE-03-026. Pulled IOCs, reviewed 8 artefacts, contained locally. Root cause documented.",C2 Beacon on AST-CSE-03-026,patched / blocked
CS-000642,AL-000900,CSE-03,2026-09-13T09:18:00,2026-09-13T09:25:00,AN-CSE-03-05,Closed,"Investigated C2 Beacon on AST-CSE-03-001. Pulled IOCs, reviewed 0 artefacts, contained locally. Root cause documented.",,
CS-000643,AL-000902,CSE-03,2026-09-01T01:20:00,2026-09-01T04:57:00,AN-CSE-03-07,Closed,"Investigated Exfiltration on AST-CSE-03-011. Pulled IOCs, reviewed 8 artefacts, contained locally. Root cause documented.",Exfiltration on AST-CSE-03-011,patched / blocked
CS-000644,AL-000904,CSE-03,2026-08-28T04:28:00,2026-08-28T07:25:00,AN-CSE-03-01,Closed,"Investigated C2 Beacon on AST-CSE-03-029. Pulled IOCs, reviewed 9 artefacts, contained locally. Root cause documented.",C2 Beacon on AST-CSE-03-029,patched / blocked
CS-000645,AL-000905,CSE-03,2026-08-27T04:21:00,2026-08-27T06:16:00,AN-CSE-03-02,Closed,"Investigated Phishing on AST-CSE-03-020. Pulled IOCs, reviewed 6 artefacts, contained locally. Root cause documented.",Phishing on AST-CSE-03-020,patched / blocked
CS-000646,AL-000906,CSE-03,2026-08-31T10:45:00,2026-08-31T12:29:00,AN-CSE-03-08,Closed,"Investigated Brute Force on AST-CSE-03-013. Pulled IOCs, reviewed 4 artefacts, contained locally. Root cause documented.",Brute Force on AST-CSE-03-013,patched / blocked
CS-000647,AL-000908,CSE-03,2026-09-03T10:02:00,2026-09-03T10:07:00,AN-CSE-03-04,Closed,"Investigated Privilege Escalation on AST-CSE-03-022. Pulled IOCs, reviewed 1 artefacts, contained locally. Root cause documented.",,
CS-000648,AL-000911,CSE-03,2026-09-14T04:33:00,2026-09-14T04:39:00,AN-CSE-03-03,Closed,"Investigated Exfiltration on AST-CSE-03-030. Pulled IOCs, reviewed 1 artefacts, contained locally. Root cause documented.",,
CS-000649,AL-000912,CSE-03,2026-09-14T03:05:00,2026-09-14T04:57:00,AN-CSE-03-08,Closed,"Investigated Policy Violation on AST-CSE-03-037. Pulled IOCs, reviewed 6 artefacts, contained locally. Root cause documented.",Policy Violation on AST-CSE-03-037,patched / blocked
CS-000650,AL-000913,CSE-03,2026-09-03T16:13:00,2026-09-03T20:02:00,AN-CSE-03-07,Closed,"Investigated Policy Violation on AST-CSE-03-011. Pulled IOCs, reviewed 9 artefacts, contained locally. Root cause documented.",Policy Violation on AST-CSE-03-011,patched / blocked
CS-000651,AL-000914,CSE-03,2026-09-18T02:22:00,2026-09-18T03:26:00,AN-CSE-03-03,Closed,"Investigated C2 Beacon on AST-CSE-03-002. Pulled IOCs, reviewed 5 artefacts, contained locally. Root cause documented.",C2 Beacon on AST-CSE-03-002,patched / blocked
CS-000652,AL-000915,CSE-03,2026-09-07T18:22:00,2026-09-07T19:16:00,AN-CSE-03-08,Closed,"Investigated Exfiltration on AST-CSE-03-030. Pulled IOCs, reviewed 8 artefacts, contained locally. Root cause documented.",Exfiltration on AST-CSE-03-030,patched / blocked
CS-000653,AL-000918,CSE-03,2026-09-11T12:38:00,2026-09-11T14:32:00,AN-CSE-03-08,Closed,"Investigated Phishing on AST-CSE-03-011. Pulled IOCs, reviewed 8 artefacts, contained locally. Root cause documented.",Phishing on AST-CSE-03-011,patched / blocked
CS-000654,AL-000920,CSE-03,2026-08-30T07:44:00,2026-08-30T10:53:00,AN-CSE-03-04,Closed,"Investigated Exfiltration on AST-CSE-03-010. Pulled IOCs, reviewed 9 artefacts, contained locally. Root cause documented.",Exfiltration on AST-CSE-03-010,patched / blocked
CS-000655,AL-000922,CSE-03,2026-09-07T03:16:00,2026-09-07T03:24:00,AN-CSE-03-05,Closed,"Investigated C2 Beacon on AST-CSE-03-013. Pulled IOCs, reviewed 1 artefacts, contained locally. Root cause documented.",,
CS-000656,AL-000923,CSE-03,2026-09-02T00:08:00,2026-09-02T01:16:00,AN-CSE-03-03,Closed,"Investigated Phishing on AST-CSE-03-027. Pulled IOCs, reviewed 8 artefacts, contained locally. Root cause documented.",Phishing on AST-CSE-03-027,patched / blocked
CS-000657,AL-000925,CSE-03,2026-09-15T06:37:00,2026-09-15T07:47:00,AN-CSE-03-03,Closed,"Investigated Exfiltration on AST-CSE-03-027. Pulled IOCs, reviewed 6 artefacts, contained locally. Root cause documented.",Exfiltration on AST-CSE-03-027,patched / blocked
CS-000658,AL-000926,CSE-03,2026-08-25T05:49:00,2026-08-25T06:55:00,AN-CSE-03-04,Closed,"Investigated Phishing on AST-CSE-03-033. Pulled IOCs, reviewed 9 artefacts, contained locally. Root cause documented.",Phishing on AST-CSE-03-033,patched / blocked
CS-000659,AL-000927,CSE-03,2026-08-21T16:54:00,2026-08-21T17:35:00,AN-CSE-03-03,Closed,"Investigated C2 Beacon on AST-CSE-03-017. Pulled IOCs, reviewed 6 artefacts, contained locally. Root cause documented.",C2 Beacon on AST-CSE-03-017,patched / blocked
CS-000660,AL-000928,CSE-03,2026-09-02T04:30:00,2026-09-02T05:15:00,AN-CSE-03-08,Closed,"Investigated Phishing on AST-CSE-03-018. Pulled IOCs, reviewed 3 artefacts, contained locally. Root cause documented.",Phishing on AST-CSE-03-018,patched / blocked
CS-000661,AL-000930,CSE-03,2026-09-05T01:22:00,2026-09-05T04:36:00,AN-CSE-03-07,Closed,"Investigated Exfiltration on AST-CSE-03-034. Pulled IOCs, reviewed 5 artefacts, contained locally. Root cause documented.",Exfiltration on AST-CSE-03-034,patched / blocked
CS-000662,AL-000931,CSE-03,2026-09-07T16:57:00,2026-09-07T20:43:00,AN-CSE-03-06,Closed,"Investigated Privilege Escalation on AST-CSE-03-016. Pulled IOCs, reviewed 3 artefacts, contained locally. Root cause documented.",Privilege Escalation on AST-CSE-03-016,patched / blocked
CS-000663,AL-000932,CSE-03,2026-08-23T07:59:00,2026-08-23T09:30:00,AN-CSE-03-02,Closed,"Investigated C2 Beacon on AST-CSE-03-030. Pulled IOCs, reviewed 8 artefacts, contained locally. Root cause documented.",C2 Beacon on AST-CSE-03-030,patched / blocked
CS-000664,AL-000933,CSE-03,2026-08-29T20:28:00,2026-08-29T20:48:00,AN-CSE-03-07,Closed,"Investigated Policy Violation on AST-CSE-03-024. Pulled IOCs, reviewed 8 artefacts, contained locally. Root cause documented.",Policy Violation on AST-CSE-03-024,patched / blocked
CS-000665,AL-000935,CSE-03,2026-08-21T20:18:00,2026-08-21T21:53:00,AN-CSE-03-02,Closed,"Investigated Phishing on AST-CSE-03-040. Pulled IOCs, reviewed 7 artefacts, contained locally. Root cause documented.",Phishing on AST-CSE-03-040,patched / blocked
CS-000666,AL-000936,CSE-03,2026-08-25T13:28:00,2026-08-25T17:11:00,AN-CSE-03-01,Closed,"Investigated Suspicious Login on AST-CSE-03-010. Pulled IOCs, reviewed 3 artefacts, contained locally. Root cause documented.",Suspicious Login on AST-CSE-03-010,patched / blocked
CS-000667,AL-000938,CSE-03,2026-08-29T11:50:00,2026-08-29T15:26:00,AN-CSE-03-06,Closed,"Investigated Phishing on AST-CSE-03-006. Pulled IOCs, reviewed 5 artefacts, contained locally. Root cause documented.",Phishing on AST-CSE-03-006,patched / blocked
CS-000668,AL-000939,CSE-03,2026-08-30T08:18:00,2026-08-30T11:20:00,AN-CSE-03-03,Closed,"Investigated Policy Violation on AST-CSE-03-017. Pulled IOCs, reviewed 8 artefacts, contained locally. Root cause documented.",Policy Violation on AST-CSE-03-017,patched / blocked
CS-000669,AL-000941,CSE-03,2026-09-07T04:46:00,2026-09-07T05:28:00,AN-CSE-03-05,Closed,"Investigated Suspicious Login on AST-CSE-03-025. Pulled IOCs, reviewed 3 artefacts, contained locally. Root cause documented.",Suspicious Login on AST-CSE-03-025,patched / blocked
CS-000670,AL-000943,CSE-03,2026-09-03T05:06:00,2026-09-03T05:13:00,AN-CSE-03-07,Closed,"Investigated Exfiltration on AST-CSE-03-001. Pulled IOCs, reviewed 1 artefacts, contained locally. Root cause documented.",,
CS-000671,AL-000944,CSE-03,2026-09-02T04:54:00,2026-09-02T08:52:00,AN-CSE-03-07,Closed,"Investigated Suspicious Login on AST-CSE-03-009. Pulled IOCs, reviewed 6 artefacts, contained locally. Root cause documented.",Suspicious Login on AST-CSE-03-009,patched / blocked
CS-000672,AL-000946,CSE-03,2026-09-03T13:53:00,2026-09-03T17:13:00,AN-CSE-03-05,Closed,"Investigated Data Access Anomaly on AST-CSE-03-003. Pulled IOCs, reviewed 7 artefacts, contained locally. Root cause documented.",Data Access Anomaly on AST-CSE-03-003,patched / blocked
CS-000673,AL-000949,CSE-03,2026-09-09T22:17:00,2026-09-10T01:50:00,AN-CSE-03-08,Closed,"Investigated Malware on AST-CSE-03-011. Pulled IOCs, reviewed 6 artefacts, contained locally. Root cause documented.",Malware on AST-CSE-03-011,patched / blocked
CS-000674,AL-000950,CSE-03,2026-09-10T13:01:00,2026-09-10T15:41:00,AN-CSE-03-04,Closed,"Investigated Suspicious Login on AST-CSE-03-005. Pulled IOCs, reviewed 6 artefacts, contained locally. Root cause documented.",Suspicious Login on AST-CSE-03-005,patched / blocked
CS-000675,AL-000951,CSE-03,2026-09-02T10:06:00,2026-09-02T11:07:00,AN-CSE-03-05,Closed,"Investigated Privilege Escalation on AST-CSE-03-009. Pulled IOCs, reviewed 7 artefacts, contained locally. Root cause documented.",Privilege Escalation on AST-CSE-03-009,patched / blocked
CS-000676,AL-000953,CSE-03,2026-08-24T07:36:00,2026-08-24T08:39:00,AN-CSE-03-07,Closed,"Investigated Phishing on AST-CSE-03-037. Pulled IOCs, reviewed 3 artefacts, contained locally. Root cause documented.",Phishing on AST-CSE-03-037,patched / blocked
CS-000677,AL-000954,CSE-03,2026-09-19T08:28:00,2026-09-19T08:32:00,AN-CSE-03-06,Closed,"Investigated Policy Violation on AST-CSE-03-023. Pulled IOCs, reviewed 1 artefacts, contained locally. Root cause documented.",,
CS-000678,AL-000955,CSE-03,2026-09-07T20:41:00,2026-09-07T20:49:00,AN-CSE-03-03,Closed,"Investigated Malware on AST-CSE-03-016. Pulled IOCs, reviewed 0 artefacts, contained locally. Root cause documented.",,
CS-000679,AL-000956,CSE-03,2026-08-30T21:37:00,2026-08-30T22:18:00,AN-CSE-03-01,Closed,"Investigated C2 Beacon on AST-CSE-03-030. Pulled IOCs, reviewed 3 artefacts, contained locally. Root cause documented.",C2 Beacon on AST-CSE-03-030,patched / blocked
CS-000680,AL-000957,CSE-03,2026-09-01T17:30:00,2026-09-01T17:33:00,AN-CSE-03-05,Closed,"Investigated Phishing on AST-CSE-03-033. Pulled IOCs, reviewed 0 artefacts, contained locally. Root cause documented.",,
CS-000681,AL-000960,CSE-03,2026-08-23T08:49:00,2026-08-23T11:03:00,AN-CSE-03-03,Closed,"Investigated Phishing on AST-CSE-03-008. Pulled IOCs, reviewed 9 artefacts, contained locally. Root cause documented.",Phishing on AST-CSE-03-008,patched / blocked
CS-000682,AL-000961,CSE-03,2026-09-13T15:50:00,2026-09-13T15:52:00,AN-CSE-03-02,Closed,"Investigated Malware on AST-CSE-03-008. Pulled IOCs, reviewed 0 artefacts, contained locally. Root cause documented.",,
CS-000683,AL-000962,CSE-03,2026-09-03T06:33:00,2026-09-03T07:04:00,AN-CSE-03-01,Closed,"Investigated Suspicious Login on AST-CSE-03-008. Pulled IOCs, reviewed 7 artefacts, contained locally. Root cause documented.",Suspicious Login on AST-CSE-03-008,patched / blocked
CS-000684,AL-000963,CSE-03,2026-09-04T13:40:00,2026-09-04T13:45:00,AN-CSE-03-06,Closed,"Investigated Policy Violation on AST-CSE-03-035. Pulled IOCs, reviewed 0 artefacts, contained locally. Root cause documented.",,
CS-000685,AL-000964,CSE-03,2026-09-16T02:06:00,2026-09-16T02:11:00,AN-CSE-03-04,Closed,"Investigated Phishing on AST-CSE-03-003. Pulled IOCs, reviewed 1 artefacts, contained locally. Root cause documented.",,
CS-000686,AL-000965,CSE-03,2026-09-07T09:25:00,2026-09-07T12:31:00,AN-CSE-03-05,Closed,"Investigated Brute Force on AST-CSE-03-018. Pulled IOCs, reviewed 4 artefacts, contained locally. Root cause documented.",Brute Force on AST-CSE-03-018,patched / blocked
CS-000687,AL-000967,CSE-03,2026-09-01T14:19:00,2026-09-01T15:18:00,AN-CSE-03-03,Closed,"Investigated Phishing on AST-CSE-03-018. Pulled IOCs, reviewed 5 artefacts, contained locally. Root cause documented.",Phishing on AST-CSE-03-018,patched / blocked
CS-000688,AL-000968,CSE-03,2026-09-13T09:43:00,2026-09-13T12:58:00,AN-CSE-03-02,Closed,"Investigated Malware on AST-CSE-03-025. Pulled IOCs, reviewed 7 artefacts, contained locally. Root cause documented.",Malware on AST-CSE-03-025,patched / blocked
CS-000689,AL-000969,CSE-03,2026-09-09T01:11:00,2026-09-09T04:55:00,AN-CSE-03-05,Closed,"Investigated Privilege Escalation on AST-CSE-03-005. Pulled IOCs, reviewed 4 artefacts, contained locally. Root cause documented.",Privilege Escalation on AST-CSE-03-005,patched / blocked
CS-000690,AL-000971,CSE-03,2026-08-28T17:05:00,2026-08-28T20:00:00,AN-CSE-03-05,Closed,"Investigated Phishing on AST-CSE-03-032. Pulled IOCs, reviewed 3 artefacts, contained locally. Root cause documented.",Phishing on AST-CSE-03-032,patched / blocked
CS-000691,AL-000972,CSE-03,2026-09-08T06:38:00,2026-09-08T07:30:00,AN-CSE-03-07,Closed,"Investigated Privilege Escalation on AST-CSE-03-011. Pulled IOCs, reviewed 5 artefacts, contained locally. Root cause documented.",Privilege Escalation on AST-CSE-03-011,patched / blocked
CS-000692,AL-000973,CSE-03,2026-09-15T23:24:00,2026-09-16T02:49:00,AN-CSE-03-05,Closed,"Investigated Brute Force on AST-CSE-03-033. Pulled IOCs, reviewed 8 artefacts, contained locally. Root cause documented.",Brute Force on AST-CSE-03-033,patched / blocked
CS-000693,AL-000974,CSE-03,2026-09-06T06:32:00,2026-09-06T09:00:00,AN-CSE-03-06,Closed,"Investigated Data Access Anomaly on AST-CSE-03-016. Pulled IOCs, reviewed 5 artefacts, contained locally. Root cause documented.",Data Access Anomaly on AST-CSE-03-016,patched / blocked
CS-000694,AL-000975,CSE-03,2026-08-23T04:41:00,2026-08-23T06:45:00,AN-CSE-03-02,Closed,"Investigated Suspicious Login on AST-CSE-03-028. Pulled IOCs, reviewed 9 artefacts, contained locally. Root cause documented.",Suspicious Login on AST-CSE-03-028,patched / blocked
CS-000695,AL-000976,CSE-03,2026-09-13T09:50:00,2026-09-13T11:18:00,AN-CSE-03-01,Closed,"Investigated Phishing on AST-CSE-03-006. Pulled IOCs, reviewed 7 artefacts, contained locally. Root cause documented.",Phishing on AST-CSE-03-006,patched / blocked
CS-000696,AL-000979,CSE-03,2026-08-25T07:28:00,2026-08-25T07:36:00,AN-CSE-03-06,Closed,"Investigated Brute Force on AST-CSE-03-015. Pulled IOCs, reviewed 1 artefacts, contained locally. Root cause documented.",,
CS-000697,AL-000980,CSE-03,2026-09-17T01:02:00,2026-09-17T04:59:00,AN-CSE-03-04,Closed,"Investigated Brute Force on AST-CSE-03-025. Pulled IOCs, reviewed 9 artefacts, contained locally. Root cause documented.",Brute Force on AST-CSE-03-025,patched / blocked
CS-000698,AL-000982,CSE-03,2026-08-23T20:57:00,2026-08-23T23:14:00,AN-CSE-03-06,Closed,"Investigated Policy Violation on AST-CSE-03-003. Pulled IOCs, reviewed 5 artefacts, contained locally. Root cause documented.",Policy Violation on AST-CSE-03-003,patched / blocked
CS-000699,AL-000983,CSE-03,2026-08-22T12:49:00,2026-08-22T13:29:00,AN-CSE-03-07,Closed,"Investigated Phishing on AST-CSE-03-023. Pulled IOCs, reviewed 6 artefacts, contained locally. Root cause documented.",Phishing on AST-CSE-03-023,patched / blocked
CS-000700,AL-000984,CSE-03,2026-09-07T08:02:00,2026-09-07T11:38:00,AN-CSE-03-08,Closed,"Investigated Suspicious Login on AST-CSE-03-034. Pulled IOCs, reviewed 8 artefacts, contained locally. Root cause documented.",Suspicious Login on AST-CSE-03-034,patched / blocked
CS-000701,AL-000985,CSE-03,2026-09-11T00:33:00,2026-09-11T02:01:00,AN-CSE-03-03,Closed,"Investigated Policy Violation on AST-CSE-03-015. Pulled IOCs, reviewed 3 artefacts, contained locally. Root cause documented.",Policy Violation on AST-CSE-03-015,patched / blocked
CS-000702,AL-000986,CSE-03,2026-08-27T23:00:00,2026-08-27T23:05:00,AN-CSE-03-06,Closed,"Investigated Brute Force on AST-CSE-03-029. Pulled IOCs, reviewed 0 artefacts, contained locally. Root cause documented.",,
CS-000703,AL-000987,CSE-03,2026-09-07T22:13:00,2026-09-07T22:17:00,AN-CSE-03-06,Closed,"Investigated Exfiltration on AST-CSE-03-013. Pulled IOCs, reviewed 0 artefacts, contained locally. Root cause documented.",,
CS-000704,AL-000990,CSE-03,2026-09-09T22:22:00,2026-09-09T23:56:00,AN-CSE-03-01,Closed,"Investigated Malware on AST-CSE-03-016. Pulled IOCs, reviewed 5 artefacts, contained locally. Root cause documented.",Malware on AST-CSE-03-016,patched / blocked
CS-000705,AL-000991,CSE-03,2026-09-15T12:28:00,2026-09-15T13:12:00,AN-CSE-03-03,Closed,"Investigated C2 Beacon on AST-CSE-03-006. Pulled IOCs, reviewed 9 artefacts, contained locally. Root cause documented.",C2 Beacon on AST-CSE-03-006,patched / blocked
CS-000706,AL-000993,CSE-03,2026-09-08T10:43:00,2026-09-08T10:51:00,AN-CSE-03-04,Closed,"Investigated Phishing on AST-CSE-03-010. Pulled IOCs, reviewed 0 artefacts, contained locally. Root cause documented.",,
CS-000707,AL-000994,CSE-03,2026-09-18T23:34:00,2026-09-18T23:39:00,AN-CSE-03-05,Closed,"Investigated Phishing on AST-CSE-03-040. Pulled IOCs, reviewed 0 artefacts, contained locally. Root cause documented.",,
CS-000708,AL-000995,CSE-03,2026-09-03T22:19:00,2026-09-03T23:47:00,AN-CSE-03-01,Closed,"Investigated C2 Beacon on AST-CSE-03-022. Pulled IOCs, reviewed 5 artefacts, contained locally. Root cause documented.",C2 Beacon on AST-CSE-03-022,patched / blocked
CS-000709,AL-000996,CSE-03,2026-08-23T10:49:00,2026-08-23T12:26:00,AN-CSE-03-01,Closed,"Investigated C2 Beacon on AST-CSE-03-023. Pulled IOCs, reviewed 4 artefacts, contained locally. Root cause documented.",C2 Beacon on AST-CSE-03-023,patched / blocked
CS-000710,AL-000997,CSE-03,2026-09-16T22:49:00,2026-09-17T00:42:00,AN-CSE-03-05,Closed,"Investigated Exfiltration on AST-CSE-03-031. Pulled IOCs, reviewed 5 artefacts, contained locally. Root cause documented.",Exfiltration on AST-CSE-03-031,patched / blocked
CS-000711,AL-000998,CSE-03,2026-08-29T18:11:00,2026-08-29T21:40:00,AN-CSE-03-03,Closed,"Investigated Phishing on AST-CSE-03-008. Pulled IOCs, reviewed 9 artefacts, contained locally. Root cause documented.",Phishing on AST-CSE-03-008,patched / blocked
CS-000712,AL-000999,CSE-03,2026-09-12T15:43:00,2026-09-12T16:25:00,AN-CSE-03-04,Closed,"Investigated Suspicious Login on AST-CSE-03-038. Pulled IOCs, reviewed 3 artefacts, contained locally. Root cause documented.",Suspicious Login on AST-CSE-03-038,patched / blocked
CS-000713,AL-001000,CSE-03,2026-08-21T15:08:00,2026-08-21T17:17:00,AN-CSE-03-04,Escalated,"Investigated Phishing on AST-CSE-03-039. Pulled IOCs, reviewed 3 artefacts, escalated to IR. Root cause documented.",Phishing on AST-CSE-03-039,patched / blocked
CS-000714,AL-001001,CSE-03,2026-08-27T20:12:00,2026-08-27T21:11:00,AN-CSE-03-04,Closed,"Investigated Data Access Anomaly on AST-CSE-03-035. Pulled IOCs, reviewed 3 artefacts, contained locally. Root cause documented.",Data Access Anomaly on AST-CSE-03-035,patched / blocked
CS-000715,AL-001002,CSE-03,2026-09-11T18:38:00,2026-09-11T22:01:00,AN-CSE-03-06,Closed,"Investigated C2 Beacon on AST-CSE-03-013. Pulled IOCs, reviewed 3 artefacts, contained locally. Root cause documented.",C2 Beacon on AST-CSE-03-013,patched / blocked
CS-000716,AL-001003,CSE-03,2026-08-21T19:10:00,2026-08-21T20:40:00,AN-CSE-03-01,Closed,"Investigated Policy Violation on AST-CSE-03-005. Pulled IOCs, reviewed 8 artefacts, contained locally. Root cause documented.",Policy Violation on AST-CSE-03-005,patched / blocked
CS-000717,AL-001005,CSE-03,2026-09-03T23:25:00,2026-09-04T00:54:00,AN-CSE-03-07,Closed,"Investigated Brute Force on AST-CSE-03-005. Pulled IOCs, reviewed 4 artefacts, contained locally. Root cause documented.",Brute Force on AST-CSE-03-005,patched / blocked
CS-000718,AL-001006,CSE-03,2026-09-01T14:00:00,2026-09-01T17:24:00,AN-CSE-03-08,Closed,"Investigated Brute Force on AST-CSE-03-001. Pulled IOCs, reviewed 7 artefacts, contained locally. Root cause documented.",Brute Force on AST-CSE-03-001,patched / blocked
CS-000719,AL-001007,CSE-03,2026-09-11T18:53:00,2026-09-11T21:29:00,AN-CSE-03-03,Closed,"Investigated Phishing on AST-CSE-03-020. Pulled IOCs, reviewed 4 artefacts, contained locally. Root cause documented.",Phishing on AST-CSE-03-020,patched / blocked
CS-000720,AL-001008,CSE-03,2026-09-12T07:43:00,2026-09-12T09:06:00,AN-CSE-03-01,Closed,"Investigated Brute Force on AST-CSE-03-003. Pulled IOCs, reviewed 9 artefacts, contained locally. Root cause documented.",Brute Force on AST-CSE-03-003,patched / blocked
CS-000721,AL-001009,CSE-03,2026-09-08T15:22:00,2026-09-08T17:57:00,AN-CSE-03-06,Closed,"Investigated Phishing on AST-CSE-03-035. Pulled IOCs, reviewed 5 artefacts, contained locally. Root cause documented.",Phishing on AST-CSE-03-035,patched / blocked
CS-000722,AL-001010,CSE-03,2026-09-18T15:08:00,2026-09-18T16:24:00,AN-CSE-03-01,Closed,"Investigated Exfiltration on AST-CSE-03-040. Pulled IOCs, reviewed 8 artefacts, contained locally. Root cause documented.",Exfiltration on AST-CSE-03-040,patched / blocked
CS-000723,AL-001012,CSE-03,2026-08-24T21:46:00,2026-08-25T00:34:00,AN-CSE-03-06,Closed,"Investigated Data Access Anomaly on AST-CSE-03-017. Pulled IOCs, reviewed 8 artefacts, contained locally. Root cause documented.",Data Access Anomaly on AST-CSE-03-017,patched / blocked
CS-000724,AL-001013,CSE-03,2026-08-27T22:37:00,2026-08-27T22:40:00,AN-CSE-03-03,Closed,"Investigated Policy Violation on AST-CSE-03-010. Pulled IOCs, reviewed 1 artefacts, contained locally. Root cause documented.",,
CS-000725,AL-001014,CSE-03,2026-08-24T06:48:00,2026-08-24T06:52:00,AN-CSE-03-08,Closed,"Investigated Policy Violation on AST-CSE-03-012. Pulled IOCs, reviewed 1 artefacts, contained locally. Root cause documented.",,
CS-000726,AL-001015,CSE-03,2026-09-14T23:17:00,2026-09-14T23:50:00,AN-CSE-03-04,Closed,"Investigated Exfiltration on AST-CSE-03-002. Pulled IOCs, reviewed 6 artefacts, contained locally. Root cause documented.",Exfiltration on AST-CSE-03-002,patched / blocked
CS-000727,AL-001016,CSE-03,2026-09-04T07:14:00,2026-09-04T07:22:00,AN-CSE-03-01,Closed,"Investigated C2 Beacon on AST-CSE-03-030. Pulled IOCs, reviewed 1 artefacts, contained locally. Root cause documented.",,
CS-000728,AL-001017,CSE-03,2026-08-26T15:01:00,2026-08-26T18:38:00,AN-CSE-03-01,Closed,"Investigated Phishing on AST-CSE-03-002. Pulled IOCs, reviewed 3 artefacts, contained locally. Root cause documented.",Phishing on AST-CSE-03-002,patched / blocked
CS-000729,AL-001018,CSE-03,2026-09-20T08:26:00,2026-09-20T08:29:00,AN-CSE-03-06,Closed,"Investigated Data Access Anomaly on AST-CSE-03-010. Pulled IOCs, reviewed 0 artefacts, contained locally. Root cause documented.",,
CS-000730,AL-001019,CSE-03,2026-08-22T21:08:00,2026-08-22T23:30:00,AN-CSE-03-03,Closed,"Investigated Policy Violation on AST-CSE-03-009. Pulled IOCs, reviewed 4 artefacts, contained locally. Root cause documented.",Policy Violation on AST-CSE-03-009,patched / blocked
CS-000731,AL-001020,CSE-03,2026-08-30T18:53:00,2026-08-30T19:39:00,AN-CSE-03-01,Closed,"Investigated Suspicious Login on AST-CSE-03-004. Pulled IOCs, reviewed 7 artefacts, contained locally. Root cause documented.",Suspicious Login on AST-CSE-03-004,patched / blocked
CS-000732,AL-001021,CSE-03,2026-09-07T08:00:00,2026-09-07T10:09:00,AN-CSE-03-04,Closed,"Investigated Suspicious Login on AST-CSE-03-007. Pulled IOCs, reviewed 6 artefacts, contained locally. Root cause documented.",Suspicious Login on AST-CSE-03-007,patched / blocked
CS-000733,AL-001022,CSE-03,2026-08-22T14:36:00,2026-08-22T14:39:00,AN-CSE-03-02,Closed,"Investigated Exfiltration on AST-CSE-03-023. Pulled IOCs, reviewed 0 artefacts, contained locally. Root cause documented.",,
CS-000734,AL-001024,CSE-03,2026-09-09T16:49:00,2026-09-09T19:59:00,AN-CSE-03-07,Closed,"Investigated Brute Force on AST-CSE-03-010. Pulled IOCs, reviewed 8 artefacts, contained locally. Root cause documented.",Brute Force on AST-CSE-03-010,patched / blocked
CS-000735,AL-001026,CSE-03,2026-09-15T15:51:00,2026-09-15T18:05:00,AN-CSE-03-06,Closed,"Investigated Malware on AST-CSE-03-005. Pulled IOCs, reviewed 8 artefacts, contained locally. Root cause documented.",Malware on AST-CSE-03-005,patched / blocked
CS-000736,AL-001027,CSE-03,2026-08-28T03:51:00,2026-08-28T04:43:00,AN-CSE-03-02,Closed,"Investigated Phishing on AST-CSE-03-005. Pulled IOCs, reviewed 4 artefacts, contained locally. Root cause documented.",Phishing on AST-CSE-03-005,patched / blocked
CS-000737,AL-001028,CSE-03,2026-09-04T13:34:00,2026-09-04T16:41:00,AN-CSE-03-06,Closed,"Investigated Privilege Escalation on AST-CSE-03-023. Pulled IOCs, reviewed 4 artefacts, contained locally. Root cause documented.",Privilege Escalation on AST-CSE-03-023,patched / blocked
CS-000738,AL-001029,CSE-03,2026-09-02T20:26:00,2026-09-02T23:14:00,AN-CSE-03-04,Closed,"Investigated Suspicious Login on AST-CSE-03-027. Pulled IOCs, reviewed 8 artefacts, contained locally. Root cause documented.",Suspicious Login on AST-CSE-03-027,patched / blocked
CS-000739,AL-001030,CSE-03,2026-08-25T12:46:00,2026-08-25T13:06:00,AN-CSE-03-02,Closed,"Investigated Data Access Anomaly on AST-CSE-03-034. Pulled IOCs, reviewed 4 artefacts, contained locally. Root cause documented.",Data Access Anomaly on AST-CSE-03-034,patched / blocked
CS-000740,AL-001031,CSE-03,2026-09-16T08:57:00,2026-09-16T12:54:00,AN-CSE-03-06,Closed,"Investigated Suspicious Login on AST-CSE-03-024. Pulled IOCs, reviewed 9 artefacts, contained locally. Root cause documented.",Suspicious Login on AST-CSE-03-024,patched / blocked
CS-000741,AL-001033,CSE-03,2026-08-29T07:36:00,2026-08-29T09:44:00,AN-CSE-03-01,Closed,"Investigated Phishing on AST-CSE-03-009. Pulled IOCs, reviewed 5 artefacts, contained locally. Root cause documented.",Phishing on AST-CSE-03-009,patched / blocked
CS-000742,AL-001034,CSE-03,2026-08-24T16:05:00,2026-08-24T17:53:00,AN-CSE-03-03,Escalated,"Investigated Data Access Anomaly on AST-CSE-03-007. Pulled IOCs, reviewed 4 artefacts, escalated to IR. Root cause documented.",Data Access Anomaly on AST-CSE-03-007,patched / blocked
CS-000743,AL-001038,CSE-03,2026-08-29T04:33:00,2026-08-29T05:16:00,AN-CSE-03-03,Closed,"Investigated Data Access Anomaly on AST-CSE-03-017. Pulled IOCs, reviewed 7 artefacts, contained locally. Root cause documented.",Data Access Anomaly on AST-CSE-03-017,patched / blocked
CS-000744,AL-001039,CSE-03,2026-09-19T04:35:00,2026-09-19T07:18:00,AN-CSE-03-03,Closed,"Investigated Phishing on AST-CSE-03-009. Pulled IOCs, reviewed 7 artefacts, contained locally. Root cause documented.",Phishing on AST-CSE-03-009,patched / blocked
CS-000745,AL-001042,CSE-03,2026-09-20T02:48:00,2026-09-20T02:50:00,AN-CSE-03-04,Closed,"Investigated Phishing on AST-CSE-03-007. Pulled IOCs, reviewed 0 artefacts, contained locally. Root cause documented.",,
CS-000746,AL-001043,CSE-03,2026-09-02T10:24:00,2026-09-02T12:04:00,AN-CSE-03-08,Closed,"Investigated Phishing on AST-CSE-03-018. Pulled IOCs, reviewed 3 artefacts, contained locally. Root cause documented.",Phishing on AST-CSE-03-018,patched / blocked
CS-000747,AL-001044,CSE-03,2026-09-07T19:48:00,2026-09-07T23:13:00,AN-CSE-03-06,Closed,"Investigated Privilege Escalation on AST-CSE-03-001. Pulled IOCs, reviewed 5 artefacts, contained locally. Root cause documented.",Privilege Escalation on AST-CSE-03-001,patched / blocked
CS-000748,AL-001045,CSE-03,2026-08-27T19:54:00,2026-08-27T23:37:00,AN-CSE-03-03,Closed,"Investigated Privilege Escalation on AST-CSE-03-007. Pulled IOCs, reviewed 6 artefacts, contained locally. Root cause documented.",Privilege Escalation on AST-CSE-03-007,patched / blocked
CS-000749,AL-001046,CSE-03,2026-09-15T14:31:00,2026-09-15T15:14:00,AN-CSE-03-02,Closed,"Investigated Malware on AST-CSE-03-038. Pulled IOCs, reviewed 8 artefacts, contained locally. Root cause documented.",Malware on AST-CSE-03-038,patched / blocked
CS-000750,AL-001047,CSE-03,2026-09-14T19:27:00,2026-09-14T20:20:00,AN-CSE-03-06,Closed,"Investigated Brute Force on AST-CSE-03-014. Pulled IOCs, reviewed 5 artefacts, contained locally. Root cause documented.",Brute Force on AST-CSE-03-014,patched / blocked
CS-000751,AL-001048,CSE-03,2026-09-07T10:03:00,2026-09-07T12:59:00,AN-CSE-03-07,Closed,"Investigated Data Access Anomaly on AST-CSE-03-024. Pulled IOCs, reviewed 7 artefacts, contained locally. Root cause documented.",Data Access Anomaly on AST-CSE-03-024,patched / blocked
CS-000752,AL-001049,CSE-03,2026-09-05T08:09:00,2026-09-05T09:48:00,AN-CSE-03-01,Closed,"Investigated Data Access Anomaly on AST-CSE-03-010. Pulled IOCs, reviewed 7 artefacts, contained locally. Root cause documented.",Data Access Anomaly on AST-CSE-03-010,patched / blocked
CS-000753,AL-001050,CSE-03,2026-09-15T02:50:00,2026-09-15T04:43:00,AN-CSE-03-02,Closed,"Investigated Phishing on AST-CSE-03-032. Pulled IOCs, reviewed 5 artefacts, contained locally. Root cause documented.",Phishing on AST-CSE-03-032,patched / blocked
CS-000754,AL-001051,CSE-03,2026-09-06T03:30:00,2026-09-06T05:43:00,AN-CSE-03-05,Closed,"Investigated Brute Force on AST-CSE-03-005. Pulled IOCs, reviewed 8 artefacts, contained locally. Root cause documented.",Brute Force on AST-CSE-03-005,patched / blocked
CS-000755,AL-001052,CSE-03,2026-09-09T02:35:00,2026-09-09T05:49:00,AN-CSE-03-07,Closed,"Investigated Data Access Anomaly on AST-CSE-03-008. Pulled IOCs, reviewed 4 artefacts, contained locally. Root cause documented.",Data Access Anomaly on AST-CSE-03-008,patched / blocked
CS-000756,AL-001053,CSE-03,2026-09-10T00:55:00,2026-09-10T02:22:00,AN-CSE-03-07,Closed,"Investigated Suspicious Login on AST-CSE-03-024. Pulled IOCs, reviewed 8 artefacts, contained locally. Root cause documented.",Suspicious Login on AST-CSE-03-024,patched / blocked
CS-000757,AL-001054,CSE-03,2026-09-12T13:08:00,2026-09-12T13:54:00,AN-CSE-03-01,Closed,"Investigated Malware on AST-CSE-03-040. Pulled IOCs, reviewed 5 artefacts, contained locally. Root cause documented.",Malware on AST-CSE-03-040,patched / blocked
CS-000758,AL-001055,CSE-03,2026-09-18T04:36:00,2026-09-18T06:25:00,AN-CSE-03-08,Closed,"Investigated Data Access Anomaly on AST-CSE-03-011. Pulled IOCs, reviewed 6 artefacts, contained locally. Root cause documented.",Data Access Anomaly on AST-CSE-03-011,patched / blocked
CS-000759,AL-001056,CSE-03,2026-09-14T12:54:00,2026-09-14T12:59:00,AN-CSE-03-07,Closed,"Investigated Policy Violation on AST-CSE-03-035. Pulled IOCs, reviewed 1 artefacts, contained locally. Root cause documented.",,
CS-000760,AL-001058,CSE-03,2026-09-14T01:24:00,2026-09-14T01:32:00,AN-CSE-03-01,Closed,"Investigated Policy Violation on AST-CSE-03-010. Pulled IOCs, reviewed 0 artefacts, contained locally. Root cause documented.",,
CS-000761,AL-001059,CSE-03,2026-09-14T10:47:00,2026-09-14T14:02:00,AN-CSE-03-01,Closed,"Investigated C2 Beacon on AST-CSE-03-024. Pulled IOCs, reviewed 6 artefacts, contained locally. Root cause documented.",C2 Beacon on AST-CSE-03-024,patched / blocked
CS-000762,AL-001060,CSE-03,2026-09-18T03:35:00,2026-09-18T05:45:00,AN-CSE-03-02,Closed,"Investigated Brute Force on AST-CSE-03-017. Pulled IOCs, reviewed 9 artefacts, contained locally. Root cause documented.",Brute Force on AST-CSE-03-017,patched / blocked
CS-000763,AL-001061,CSE-03,2026-09-12T06:07:00,2026-09-12T08:16:00,AN-CSE-03-01,Closed,"Investigated Phishing on AST-CSE-03-034. Pulled IOCs, reviewed 5 artefacts, contained locally. Root cause documented.",Phishing on AST-CSE-03-034,patched / blocked
CS-000764,AL-001063,CSE-03,2026-09-02T16:48:00,2026-09-02T19:36:00,AN-CSE-03-02,Closed,"Investigated C2 Beacon on AST-CSE-03-037. Pulled IOCs, reviewed 7 artefacts, contained locally. Root cause documented.",C2 Beacon on AST-CSE-03-037,patched / blocked
CS-000765,AL-001064,CSE-03,2026-08-22T21:01:00,2026-08-22T21:08:00,AN-CSE-03-03,Closed,"Investigated Privilege Escalation on AST-CSE-03-021. Pulled IOCs, reviewed 0 artefacts, contained locally. Root cause documented.",,
CS-000766,AL-001065,CSE-03,2026-09-19T21:07:00,2026-09-20T00:10:00,AN-CSE-03-03,Closed,"Investigated Exfiltration on AST-CSE-03-027. Pulled IOCs, reviewed 7 artefacts, contained locally. Root cause documented.",Exfiltration on AST-CSE-03-027,patched / blocked
CS-000767,AL-001066,CSE-03,2026-09-13T22:16:00,2026-09-13T23:31:00,AN-CSE-03-03,Closed,"Investigated Phishing on AST-CSE-03-003. Pulled IOCs, reviewed 5 artefacts, contained locally. Root cause documented.",Phishing on AST-CSE-03-003,patched / blocked
CS-000768,AL-001067,CSE-03,2026-09-09T00:59:00,2026-09-09T03:27:00,AN-CSE-03-05,Closed,"Investigated Data Access Anomaly on AST-CSE-03-013. Pulled IOCs, reviewed 9 artefacts, contained locally. Root cause documented.",Data Access Anomaly on AST-CSE-03-013,patched / blocked
CS-000769,AL-001068,CSE-03,2026-09-09T00:07:00,2026-09-09T03:42:00,AN-CSE-03-07,Closed,"Investigated Policy Violation on AST-CSE-03-032. Pulled IOCs, reviewed 5 artefacts, contained locally. Root cause documented.",Policy Violation on AST-CSE-03-032,patched / blocked
CS-000770,AL-001070,CSE-03,2026-08-22T08:55:00,2026-08-22T09:19:00,AN-CSE-03-02,Closed,"Investigated Exfiltration on AST-CSE-03-028. Pulled IOCs, reviewed 7 artefacts, contained locally. Root cause documented.",Exfiltration on AST-CSE-03-028,patched / blocked
CS-000771,AL-001072,CSE-03,2026-08-26T21:25:00,2026-08-26T23:40:00,AN-CSE-03-07,Closed,"Investigated C2 Beacon on AST-CSE-03-019. Pulled IOCs, reviewed 3 artefacts, contained locally. Root cause documented.",C2 Beacon on AST-CSE-03-019,patched / blocked
CS-000772,AL-001073,CSE-03,2026-08-30T13:10:00,2026-08-30T15:05:00,AN-CSE-03-07,Closed,"Investigated C2 Beacon on AST-CSE-03-030. Pulled IOCs, reviewed 9 artefacts, contained locally. Root cause documented.",C2 Beacon on AST-CSE-03-030,patched / blocked
CS-000773,AL-001074,CSE-03,2026-08-30T03:41:00,2026-08-30T04:02:00,AN-CSE-03-07,Closed,"Investigated Exfiltration on AST-CSE-03-033. Pulled IOCs, reviewed 6 artefacts, contained locally. Root cause documented.",Exfiltration on AST-CSE-03-033,patched / blocked
CS-000774,AL-001075,CSE-03,2026-09-08T19:08:00,2026-09-08T21:49:00,AN-CSE-03-06,Closed,"Investigated Malware on AST-CSE-03-001. Pulled IOCs, reviewed 6 artefacts, contained locally. Root cause documented.",Malware on AST-CSE-03-001,patched / blocked
CS-000775,AL-001076,CSE-03,2026-08-30T23:07:00,2026-08-30T23:15:00,AN-CSE-03-01,Closed,"Investigated C2 Beacon on AST-CSE-03-036. Pulled IOCs, reviewed 0 artefacts, contained locally. Root cause documented.",,
CS-000776,AL-001077,CSE-03,2026-09-09T19:50:00,2026-09-09T23:11:00,AN-CSE-03-07,Closed,"Investigated Brute Force on AST-CSE-03-025. Pulled IOCs, reviewed 9 artefacts, contained locally. Root cause documented.",Brute Force on AST-CSE-03-025,patched / blocked
CS-000777,AL-001078,CSE-03,2026-08-25T23:07:00,2026-08-26T00:07:00,AN-CSE-03-05,Closed,"Investigated Phishing on AST-CSE-03-033. Pulled IOCs, reviewed 5 artefacts, contained locally. Root cause documented.",Phishing on AST-CSE-03-033,patched / blocked
CS-000778,AL-001079,CSE-03,2026-09-19T15:11:00,2026-09-19T17:45:00,AN-CSE-03-03,Closed,"Investigated Phishing on AST-CSE-03-006. Pulled IOCs, reviewed 3 artefacts, contained locally. Root cause documented.",Phishing on AST-CSE-03-006,patched / blocked
CS-000779,AL-001080,CSE-03,2026-08-27T00:49:00,2026-08-27T02:05:00,AN-CSE-03-04,Closed,"Investigated Policy Violation on AST-CSE-03-009. Pulled IOCs, reviewed 5 artefacts, contained locally. Root cause documented.",Policy Violation on AST-CSE-03-009,patched / blocked
CS-000780,AL-001081,CSE-03,2026-08-25T23:11:00,2026-08-26T00:41:00,AN-CSE-03-05,Closed,"Investigated Phishing on AST-CSE-03-035. Pulled IOCs, reviewed 3 artefacts, contained locally. Root cause documented.",Phishing on AST-CSE-03-035,patched / blocked
CS-000781,AL-001082,CSE-03,2026-09-16T21:01:00,2026-09-16T22:33:00,AN-CSE-03-02,Closed,"Investigated Data Access Anomaly on AST-CSE-03-002. Pulled IOCs, reviewed 5 artefacts, contained locally. Root cause documented.",Data Access Anomaly on AST-CSE-03-002,patched / blocked
CS-000782,AL-001083,CSE-03,2026-09-09T05:35:00,2026-09-09T06:00:00,AN-CSE-03-02,Closed,"Investigated Phishing on AST-CSE-03-006. Pulled IOCs, reviewed 6 artefacts, contained locally. Root cause documented.",Phishing on AST-CSE-03-006,patched / blocked
CS-000783,AL-001084,CSE-03,2026-09-06T23:04:00,2026-09-06T23:13:00,AN-CSE-03-06,Closed,"Investigated Phishing on AST-CSE-03-032. Pulled IOCs, reviewed 0 artefacts, contained locally. Root cause documented.",,
CS-000784,AL-001086,CSE-03,2026-09-03T12:44:00,2026-09-03T13:06:00,AN-CSE-03-02,Escalated,"Investigated Suspicious Login on AST-CSE-03-039. Pulled IOCs, reviewed 7 artefacts, escalated to IR. Root cause documented.",Suspicious Login on AST-CSE-03-039,patched / blocked
CS-000785,AL-001087,CSE-03,2026-09-09T08:03:00,2026-09-09T08:53:00,AN-CSE-03-04,Closed,"Investigated Brute Force on AST-CSE-03-033. Pulled IOCs, reviewed 4 artefacts, contained locally. Root cause documented.",Brute Force on AST-CSE-03-033,patched / blocked
CS-000786,AL-001088,CSE-03,2026-09-14T09:38:00,2026-09-14T13:25:00,AN-CSE-03-05,Closed,"Investigated Exfiltration on AST-CSE-03-009. Pulled IOCs, reviewed 6 artefacts, contained locally. Root cause documented.",Exfiltration on AST-CSE-03-009,patched / blocked
CS-000787,AL-001090,CSE-03,2026-08-27T20:33:00,2026-08-28T00:04:00,AN-CSE-03-08,Closed,"Investigated Brute Force on AST-CSE-03-020. Pulled IOCs, reviewed 5 artefacts, contained locally. Root cause documented.",Brute Force on AST-CSE-03-020,patched / blocked
CS-000788,AL-001091,CSE-03,2026-09-07T05:24:00,2026-09-07T08:25:00,AN-CSE-03-06,Closed,"Investigated Phishing on AST-CSE-03-040. Pulled IOCs, reviewed 9 artefacts, contained locally. Root cause documented.",Phishing on AST-CSE-03-040,patched / blocked
CS-000789,AL-001093,CSE-03,2026-09-15T01:33:00,2026-09-15T02:06:00,AN-CSE-03-03,Closed,"Investigated C2 Beacon on AST-CSE-03-023. Pulled IOCs, reviewed 4 artefacts, contained locally. Root cause documented.",C2 Beacon on AST-CSE-03-023,patched / blocked
CS-000790,AL-001094,CSE-03,2026-09-09T14:00:00,2026-09-09T16:40:00,AN-CSE-03-06,Closed,"Investigated Privilege Escalation on AST-CSE-03-010. Pulled IOCs, reviewed 9 artefacts, contained locally. Root cause documented.",Privilege Escalation on AST-CSE-03-010,patched / blocked
CS-000791,AL-001096,CSE-03,2026-09-06T14:12:00,2026-09-06T15:53:00,AN-CSE-03-07,Closed,"Investigated Data Access Anomaly on AST-CSE-03-005. Pulled IOCs, reviewed 4 artefacts, contained locally. Root cause documented.",Data Access Anomaly on AST-CSE-03-005,patched / blocked
CS-000792,AL-001098,CSE-03,2026-09-11T11:19:00,2026-09-11T12:51:00,AN-CSE-03-01,Closed,"Investigated Phishing on AST-CSE-03-025. Pulled IOCs, reviewed 4 artefacts, contained locally. Root cause documented.",Phishing on AST-CSE-03-025,patched / blocked
CS-000793,AL-001099,CSE-03,2026-09-19T01:19:00,2026-09-19T02:03:00,AN-CSE-03-01,Closed,"Investigated Suspicious Login on AST-CSE-03-003. Pulled IOCs, reviewed 9 artefacts, contained locally. Root cause documented.",Suspicious Login on AST-CSE-03-003,patched / blocked
CS-000794,AL-001100,CSE-03,2026-09-08T23:55:00,2026-09-09T00:27:00,AN-CSE-03-06,Closed,"Investigated Exfiltration on AST-CSE-03-020. Pulled IOCs, reviewed 6 artefacts, contained locally. Root cause documented.",Exfiltration on AST-CSE-03-020,patched / blocked
CS-000795,AL-001101,CSE-03,2026-08-22T08:07:00,2026-08-22T08:53:00,AN-CSE-03-06,Closed,"Investigated Policy Violation on AST-CSE-03-030. Pulled IOCs, reviewed 3 artefacts, contained locally. Root cause documented.",Policy Violation on AST-CSE-03-030,patched / blocked
CS-000796,AL-001103,CSE-03,2026-08-21T13:05:00,2026-08-21T16:45:00,AN-CSE-03-01,Closed,"Investigated Suspicious Login on AST-CSE-03-024. Pulled IOCs, reviewed 3 artefacts, contained locally. Root cause documented.",Suspicious Login on AST-CSE-03-024,patched / blocked
CS-000797,AL-001104,CSE-03,2026-09-09T13:21:00,2026-09-09T14:19:00,AN-CSE-03-07,Closed,"Investigated Exfiltration on AST-CSE-03-004. Pulled IOCs, reviewed 4 artefacts, contained locally. Root cause documented.",Exfiltration on AST-CSE-03-004,patched / blocked
CS-000798,AL-001106,CSE-03,2026-08-29T20:43:00,2026-08-29T23:06:00,AN-CSE-03-06,Closed,"Investigated Phishing on AST-CSE-03-034. Pulled IOCs, reviewed 4 artefacts, contained locally. Root cause documented.",Phishing on AST-CSE-03-034,patched / blocked
CS-000799,AL-001107,CSE-03,2026-09-08T18:07:00,2026-09-08T21:35:00,AN-CSE-03-04,Closed,"Investigated Exfiltration on AST-CSE-03-017. Pulled IOCs, reviewed 9 artefacts, contained locally. Root cause documented.",Exfiltration on AST-CSE-03-017,patched / blocked
CS-000800,AL-001108,CSE-03,2026-09-19T06:00:00,2026-09-19T07:58:00,AN-CSE-03-04,Closed,"Investigated Phishing on AST-CSE-03-005. Pulled IOCs, reviewed 4 artefacts, contained locally. Root cause documented.",Phishing on AST-CSE-03-005,patched / blocked
CS-000801,AL-001109,CSE-03,2026-09-01T19:28:00,2026-09-01T19:34:00,AN-CSE-03-06,Closed,"Investigated Privilege Escalation on AST-CSE-03-007. Pulled IOCs, reviewed 1 artefacts, contained locally. Root cause documented.",,
CS-000802,AL-001112,CSE-03,2026-09-16T12:53:00,2026-09-16T15:10:00,AN-CSE-03-04,Closed,"Investigated Brute Force on AST-CSE-03-007. Pulled IOCs, reviewed 4 artefacts, contained locally. Root cause documented.",Brute Force on AST-CSE-03-007,patched / blocked
CS-000803,AL-001113,CSE-03,2026-09-06T00:44:00,2026-09-06T01:25:00,AN-CSE-03-02,Closed,"Investigated Policy Violation on AST-CSE-03-002. Pulled IOCs, reviewed 5 artefacts, contained locally. Root cause documented.",Policy Violation on AST-CSE-03-002,patched / blocked
CS-000804,AL-001114,CSE-03,2026-09-06T19:39:00,2026-09-06T21:33:00,AN-CSE-03-01,Closed,"Investigated Brute Force on AST-CSE-03-014. Pulled IOCs, reviewed 3 artefacts, contained locally. Root cause documented.",Brute Force on AST-CSE-03-014,patched / blocked
CS-000805,AL-001115,CSE-03,2026-09-13T23:49:00,2026-09-13T23:58:00,AN-CSE-03-05,Closed,"Investigated C2 Beacon on AST-CSE-03-025. Pulled IOCs, reviewed 1 artefacts, contained locally. Root cause documented.",,
CS-000806,AL-001116,CSE-03,2026-09-17T04:53:00,2026-09-17T07:40:00,AN-CSE-03-01,Closed,"Investigated Malware on AST-CSE-03-007. Pulled IOCs, reviewed 5 artefacts, contained locally. Root cause documented.",Malware on AST-CSE-03-007,patched / blocked
CS-000807,AL-001118,CSE-03,2026-08-26T05:38:00,2026-08-26T05:44:00,AN-CSE-03-05,Closed,"Investigated Policy Violation on AST-CSE-03-018. Pulled IOCs, reviewed 0 artefacts, contained locally. Root cause documented.",,
CS-000808,AL-001119,CSE-03,2026-08-28T16:30:00,2026-08-28T19:46:00,AN-CSE-03-05,Closed,"Investigated Brute Force on AST-CSE-03-007. Pulled IOCs, reviewed 4 artefacts, contained locally. Root cause documented.",Brute Force on AST-CSE-03-007,patched / blocked
CS-000809,AL-001120,CSE-03,2026-09-09T21:51:00,2026-09-09T21:59:00,AN-CSE-03-01,Closed,"Investigated Phishing on AST-CSE-03-021. Pulled IOCs, reviewed 1 artefacts, contained locally. Root cause documented.",,
CS-000810,AL-001121,CSE-03,2026-08-23T09:50:00,2026-08-23T12:11:00,AN-CSE-03-01,Closed,"Investigated Brute Force on AST-CSE-03-002. Pulled IOCs, reviewed 7 artefacts, contained locally. Root cause documented.",Brute Force on AST-CSE-03-002,patched / blocked
CS-000811,AL-001122,CSE-03,2026-09-19T11:24:00,2026-09-19T13:58:00,AN-CSE-03-05,Closed,"Investigated Phishing on AST-CSE-03-032. Pulled IOCs, reviewed 7 artefacts, contained locally. Root cause documented.",Phishing on AST-CSE-03-032,patched / blocked
CS-000812,AL-001123,CSE-03,2026-08-25T12:39:00,2026-08-25T12:46:00,AN-CSE-03-08,Closed,"Investigated Phishing on AST-CSE-03-010. Pulled IOCs, reviewed 1 artefacts, contained locally. Root cause documented.",,
CS-000813,AL-001125,CSE-03,2026-09-03T12:20:00,2026-09-03T14:25:00,AN-CSE-03-01,Closed,"Investigated Phishing on AST-CSE-03-031. Pulled IOCs, reviewed 9 artefacts, contained locally. Root cause documented.",Phishing on AST-CSE-03-031,patched / blocked
CS-000814,AL-001126,CSE-03,2026-09-12T17:13:00,2026-09-12T20:43:00,AN-CSE-03-07,Closed,"Investigated Privilege Escalation on AST-CSE-03-010. Pulled IOCs, reviewed 3 artefacts, contained locally. Root cause documented.",Privilege Escalation on AST-CSE-03-010,patched / blocked
CS-000815,AL-001127,CSE-03,2026-08-22T15:17:00,2026-08-22T17:51:00,AN-CSE-03-08,Closed,"Investigated Phishing on AST-CSE-03-025. Pulled IOCs, reviewed 4 artefacts, contained locally. Root cause documented.",Phishing on AST-CSE-03-025,patched / blocked
CS-000816,AL-001128,CSE-03,2026-09-07T03:41:00,2026-09-07T06:14:00,AN-CSE-03-04,Closed,"Investigated Privilege Escalation on AST-CSE-03-023. Pulled IOCs, reviewed 8 artefacts, contained locally. Root cause documented.",Privilege Escalation on AST-CSE-03-023,patched / blocked
CS-000817,AL-001130,CSE-03,2026-09-04T02:21:00,2026-09-04T03:54:00,AN-CSE-03-03,Closed,"Investigated Policy Violation on AST-CSE-03-010. Pulled IOCs, reviewed 3 artefacts, contained locally. Root cause documented.",Policy Violation on AST-CSE-03-010,patched / blocked
CS-000818,AL-001131,CSE-03,2026-09-10T17:53:00,2026-09-10T17:55:00,AN-CSE-03-01,Closed,"Investigated Policy Violation on AST-CSE-03-001. Pulled IOCs, reviewed 1 artefacts, contained locally. Root cause documented.",,
CS-000819,AL-001132,CSE-03,2026-09-16T00:04:00,2026-09-16T00:08:00,AN-CSE-03-05,Closed,"Investigated Malware on AST-CSE-03-023. Pulled IOCs, reviewed 0 artefacts, contained locally. Root cause documented.",,
CS-000820,AL-001133,CSE-03,2026-09-13T22:23:00,2026-09-13T22:51:00,AN-CSE-03-02,Closed,"Investigated Brute Force on AST-CSE-03-018. Pulled IOCs, reviewed 6 artefacts, contained locally. Root cause documented.",Brute Force on AST-CSE-03-018,patched / blocked
CS-000821,AL-001134,CSE-03,2026-08-23T08:03:00,2026-08-23T10:55:00,AN-CSE-03-05,Closed,"Investigated C2 Beacon on AST-CSE-03-016. Pulled IOCs, reviewed 5 artefacts, contained locally. Root cause documented.",C2 Beacon on AST-CSE-03-016,patched / blocked
CS-000822,AL-001135,CSE-03,2026-09-09T17:52:00,2026-09-09T19:58:00,AN-CSE-03-04,Closed,"Investigated C2 Beacon on AST-CSE-03-037. Pulled IOCs, reviewed 7 artefacts, contained locally. Root cause documented.",C2 Beacon on AST-CSE-03-037,patched / blocked
CS-000823,AL-001136,CSE-03,2026-09-01T15:31:00,2026-09-01T17:37:00,AN-CSE-03-03,Closed,"Investigated Exfiltration on AST-CSE-03-020. Pulled IOCs, reviewed 3 artefacts, contained locally. Root cause documented.",Exfiltration on AST-CSE-03-020,patched / blocked
CS-000824,AL-001137,CSE-03,2026-09-03T14:15:00,2026-09-03T16:24:00,AN-CSE-03-06,Closed,"Investigated Policy Violation on AST-CSE-03-034. Pulled IOCs, reviewed 6 artefacts, contained locally. Root cause documented.",Policy Violation on AST-CSE-03-034,patched / blocked
CS-000825,AL-001138,CSE-03,2026-09-03T11:11:00,2026-09-03T12:01:00,AN-CSE-03-07,Closed,"Investigated Policy Violation on AST-CSE-03-027. Pulled IOCs, reviewed 7 artefacts, contained locally. Root cause documented.",Policy Violation on AST-CSE-03-027,patched / blocked
CS-000826,AL-001139,CSE-03,2026-08-31T18:03:00,2026-08-31T21:59:00,AN-CSE-03-05,Closed,"Investigated Suspicious Login on AST-CSE-03-038. Pulled IOCs, reviewed 6 artefacts, contained locally. Root cause documented.",Suspicious Login on AST-CSE-03-038,patched / blocked
CS-000827,AL-001142,CSE-03,2026-09-18T13:47:00,2026-09-18T16:13:00,AN-CSE-03-03,Closed,"Investigated Suspicious Login on AST-CSE-03-038. Pulled IOCs, reviewed 4 artefacts, contained locally. Root cause documented.",Suspicious Login on AST-CSE-03-038,patched / blocked
CS-000828,AL-001143,CSE-03,2026-08-28T11:09:00,2026-08-28T12:20:00,AN-CSE-03-08,Closed,"Investigated Exfiltration on AST-CSE-03-010. Pulled IOCs, reviewed 3 artefacts, contained locally. Root cause documented.",Exfiltration on AST-CSE-03-010,patched / blocked
CS-000829,AL-001145,CSE-03,2026-09-17T02:35:00,2026-09-17T02:40:00,AN-CSE-03-08,Closed,"Investigated C2 Beacon on AST-CSE-03-029. Pulled IOCs, reviewed 1 artefacts, contained locally. Root cause documented.",,
CS-000830,AL-001147,CSE-03,2026-08-28T18:48:00,2026-08-28T20:22:00,AN-CSE-03-08,Closed,"Investigated Brute Force on AST-CSE-03-016. Pulled IOCs, reviewed 8 artefacts, contained locally. Root cause documented.",Brute Force on AST-CSE-03-016,patched / blocked
CS-000831,AL-001148,CSE-03,2026-09-11T23:36:00,2026-09-12T03:24:00,AN-CSE-03-02,Closed,"Investigated Policy Violation on AST-CSE-03-038. Pulled IOCs, reviewed 6 artefacts, contained locally. Root cause documented.",Policy Violation on AST-CSE-03-038,patched / blocked
CS-000832,AL-001154,CSE-03,2026-09-08T09:58:00,2026-09-08T10:58:00,AN-CSE-03-01,Closed,"Investigated Data Access Anomaly on AST-CSE-03-023. Pulled IOCs, reviewed 4 artefacts, contained locally. Root cause documented.",Data Access Anomaly on AST-CSE-03-023,patched / blocked
CS-000833,AL-001155,CSE-03,2026-09-05T01:12:00,2026-09-05T04:58:00,AN-CSE-03-04,Closed,"Investigated Policy Violation on AST-CSE-03-007. Pulled IOCs, reviewed 8 artefacts, contained locally. Root cause documented.",Policy Violation on AST-CSE-03-007,patched / blocked
CS-000834,AL-001156,CSE-03,2026-09-07T22:01:00,2026-09-07T23:25:00,AN-CSE-03-02,Closed,"Investigated Brute Force on AST-CSE-03-007. Pulled IOCs, reviewed 3 artefacts, contained locally. Root cause documented.",Brute Force on AST-CSE-03-007,patched / blocked
CS-000835,AL-001160,CSE-03,2026-09-16T11:37:00,2026-09-16T11:40:00,AN-CSE-03-07,Closed,"Investigated Phishing on AST-CSE-03-007. Pulled IOCs, reviewed 1 artefacts, contained locally. Root cause documented.",,
CS-000836,AL-001163,CSE-03,2026-09-13T10:22:00,2026-09-13T11:51:00,AN-CSE-03-06,Closed,"Investigated Phishing on AST-CSE-03-020. Pulled IOCs, reviewed 9 artefacts, contained locally. Root cause documented.",Phishing on AST-CSE-03-020,patched / blocked
CS-000837,AL-001164,CSE-03,2026-08-24T06:42:00,2026-08-24T06:47:00,AN-CSE-03-02,Closed,"Investigated Privilege Escalation on AST-CSE-03-025. Pulled IOCs, reviewed 1 artefacts, contained locally. Root cause documented.",,
CS-000838,AL-001165,CSE-03,2026-08-29T08:23:00,2026-08-29T08:29:00,AN-CSE-03-08,Closed,"Investigated Data Access Anomaly on AST-CSE-03-026. Pulled IOCs, reviewed 0 artefacts, contained locally. Root cause documented.",,
CS-000839,AL-001168,CSE-03,2026-09-05T07:43:00,2026-09-05T10:10:00,AN-CSE-03-01,Closed,"Investigated Phishing on AST-CSE-03-040. Pulled IOCs, reviewed 7 artefacts, contained locally. Root cause documented.",Phishing on AST-CSE-03-040,patched / blocked
CS-000840,AL-001169,CSE-03,2026-08-26T04:59:00,2026-08-26T08:39:00,AN-CSE-03-01,Closed,"Investigated C2 Beacon on AST-CSE-03-023. Pulled IOCs, reviewed 9 artefacts, contained locally. Root cause documented.",C2 Beacon on AST-CSE-03-023,patched / blocked
CS-000841,AL-001170,CSE-03,2026-08-29T14:13:00,2026-08-29T14:46:00,AN-CSE-03-01,Closed,"Investigated Data Access Anomaly on AST-CSE-03-035. Pulled IOCs, reviewed 6 artefacts, contained locally. Root cause documented.",Data Access Anomaly on AST-CSE-03-035,patched / blocked
CS-000842,AL-001171,CSE-03,2026-09-03T07:53:00,2026-09-03T10:50:00,AN-CSE-03-08,Closed,"Investigated C2 Beacon on AST-CSE-03-009. Pulled IOCs, reviewed 5 artefacts, contained locally. Root cause documented.",C2 Beacon on AST-CSE-03-009,patched / blocked
CS-000843,AL-001173,CSE-03,2026-08-26T11:05:00,2026-08-26T11:08:00,AN-CSE-03-04,Closed,"Investigated Data Access Anomaly on AST-CSE-03-035. Pulled IOCs, reviewed 0 artefacts, contained locally. Root cause documented.",,
CS-000844,AL-001174,CSE-03,2026-09-19T01:38:00,2026-09-19T01:42:00,AN-CSE-03-04,Closed,"Investigated Policy Violation on AST-CSE-03-009. Pulled IOCs, reviewed 1 artefacts, contained locally. Root cause documented.",,
CS-000845,AL-001175,CSE-03,2026-09-18T03:26:00,2026-09-18T06:54:00,AN-CSE-03-04,Closed,"Investigated Phishing on AST-CSE-03-031. Pulled IOCs, reviewed 9 artefacts, contained locally. Root cause documented.",Phishing on AST-CSE-03-031,patched / blocked
CS-000846,AL-001178,CSE-22,2026-09-01T19:44:00,2026-09-01T22:03:00,AN-CSE-22-02,Closed,"Investigated C2 Beacon on AST-CSE-22-015. Pulled IOCs, reviewed 8 artefacts, contained locally. Root cause documented.",C2 Beacon on AST-CSE-22-015,patched / blocked
CS-000847,AL-001181,CSE-22,2026-08-30T01:07:00,2026-08-30T03:20:00,AN-CSE-22-03,Closed,"Investigated Phishing on AST-CSE-22-001. Pulled IOCs, reviewed 6 artefacts, contained locally. Root cause documented.",Phishing on AST-CSE-22-001,patched / blocked
CS-000848,AL-001182,CSE-22,2026-09-08T20:20:00,2026-09-08T20:54:00,AN-CSE-22-05,Closed,"Investigated Malware on AST-CSE-22-015. Pulled IOCs, reviewed 7 artefacts, contained locally. Root cause documented.",Malware on AST-CSE-22-015,patched / blocked
CS-000849,AL-001183,CSE-22,2026-09-17T21:49:00,2026-09-17T23:19:00,AN-CSE-22-03,Closed,"Investigated Data Access Anomaly on AST-CSE-22-009. Pulled IOCs, reviewed 5 artefacts, contained locally. Root cause documented.",Data Access Anomaly on AST-CSE-22-009,patched / blocked
CS-000850,AL-001184,CSE-22,2026-09-15T16:19:00,2026-09-15T19:26:00,AN-CSE-22-01,Closed,"Investigated Lateral Movement on AST-CSE-22-005. Pulled IOCs, reviewed 3 artefacts, contained locally. Root cause documented.",Lateral Movement on AST-CSE-22-005,patched / blocked
CS-000851,AL-001185,CSE-22,2026-09-02T01:58:00,2026-09-02T02:33:00,AN-CSE-22-05,Closed,"Investigated Suspicious Login on AST-CSE-22-022. Pulled IOCs, reviewed 8 artefacts, contained locally. Root cause documented.",Suspicious Login on AST-CSE-22-022,patched / blocked
CS-000852,AL-001186,CSE-22,2026-08-24T00:26:00,2026-08-24T02:15:00,AN-CSE-22-01,Closed,"Investigated Malware on AST-CSE-22-009. Pulled IOCs, reviewed 3 artefacts, contained locally. Root cause documented.",Malware on AST-CSE-22-009,patched / blocked
CS-000853,AL-001187,CSE-22,2026-09-18T04:47:00,2026-09-18T04:55:00,AN-CSE-22-03,Closed,"Investigated Policy Violation on AST-CSE-22-017. Pulled IOCs, reviewed 0 artefacts, contained locally. Root cause documented.",,
CS-000854,AL-001190,CSE-22,2026-08-26T01:28:00,2026-08-26T04:50:00,AN-CSE-22-05,Closed,"Investigated Phishing on AST-CSE-22-001. Pulled IOCs, reviewed 5 artefacts, contained locally. Root cause documented.",Phishing on AST-CSE-22-001,patched / blocked
CS-000855,AL-001191,CSE-22,2026-08-28T07:36:00,2026-08-28T07:41:00,AN-CSE-22-01,Closed,"Investigated Data Access Anomaly on AST-CSE-22-013. Pulled IOCs, reviewed 1 artefacts, contained locally. Root cause documented.",,
CS-000856,AL-001192,CSE-22,2026-09-04T10:22:00,2026-09-04T12:55:00,AN-CSE-22-04,Closed,"Investigated Phishing on AST-CSE-22-018. Pulled IOCs, reviewed 6 artefacts, contained locally. Root cause documented.",Phishing on AST-CSE-22-018,patched / blocked
CS-000857,AL-001193,CSE-22,2026-09-11T04:39:00,2026-09-11T06:31:00,AN-CSE-22-02,Closed,"Investigated Lateral Movement on AST-CSE-22-009. Pulled IOCs, reviewed 4 artefacts, contained locally. Root cause documented.",Lateral Movement on AST-CSE-22-009,patched / blocked
CS-000858,AL-001195,CSE-22,2026-09-01T04:32:00,2026-09-01T08:23:00,AN-CSE-22-04,Closed,"Investigated Privilege Escalation on AST-CSE-22-003. Pulled IOCs, reviewed 9 artefacts, contained locally. Root cause documented.",Privilege Escalation on AST-CSE-22-003,patched / blocked
CS-000859,AL-001196,CSE-22,2026-09-06T14:23:00,2026-09-06T18:06:00,AN-CSE-22-02,Closed,"Investigated Lateral Movement on AST-CSE-22-018. Pulled IOCs, reviewed 5 artefacts, contained locally. Root cause documented.",Lateral Movement on AST-CSE-22-018,patched / blocked
CS-000860,AL-001197,CSE-22,2026-09-06T19:51:00,2026-09-06T19:56:00,AN-CSE-22-05,Closed,"Investigated Phishing on AST-CSE-22-011. Pulled IOCs, reviewed 0 artefacts, contained locally. Root cause documented.",,
CS-000861,AL-001198,CSE-22,2026-09-07T03:12:00,2026-09-07T03:21:00,AN-CSE-22-05,Closed,"Investigated Malware on AST-CSE-22-015. Pulled IOCs, reviewed 0 artefacts, contained locally. Root cause documented.",,
CS-000862,AL-001199,CSE-22,2026-09-19T13:50:00,2026-09-19T16:25:00,AN-CSE-22-01,Closed,"Investigated Malware on AST-CSE-22-005. Pulled IOCs, reviewed 6 artefacts, contained locally. Root cause documented.",Malware on AST-CSE-22-005,patched / blocked
CS-000863,AL-001201,CSE-22,2026-08-28T10:56:00,2026-08-28T11:04:00,AN-CSE-22-03,Closed,"Investigated Data Access Anomaly on AST-CSE-22-020. Pulled IOCs, reviewed 1 artefacts, contained locally. Root cause documented.",,
CS-000864,AL-001205,CSE-22,2026-08-21T22:42:00,2026-08-22T02:15:00,AN-CSE-22-03,Closed,"Investigated Data Access Anomaly on AST-CSE-22-017. Pulled IOCs, reviewed 4 artefacts, contained locally. Root cause documented.",Data Access Anomaly on AST-CSE-22-017,patched / blocked
CS-000865,AL-001206,CSE-22,2026-09-11T17:04:00,2026-09-11T18:52:00,AN-CSE-22-05,Closed,"Investigated Lateral Movement on AST-CSE-22-002. Pulled IOCs, reviewed 5 artefacts, contained locally. Root cause documented.",Lateral Movement on AST-CSE-22-002,patched / blocked
CS-000866,AL-001207,CSE-22,2026-09-06T04:04:00,2026-09-06T05:30:00,AN-CSE-22-02,Closed,"Investigated Exfiltration on AST-CSE-22-004. Pulled IOCs, reviewed 7 artefacts, contained locally. Root cause documented.",Exfiltration on AST-CSE-22-004,patched / blocked
CS-000867,AL-001208,CSE-22,2026-09-13T18:07:00,2026-09-13T18:09:00,AN-CSE-22-05,Closed,"Investigated Exfiltration on AST-CSE-22-008. Pulled IOCs, reviewed 0 artefacts, contained locally. Root cause documented.",,
CS-000868,AL-001209,CSE-22,2026-09-19T20:07:00,2026-09-19T21:39:00,AN-CSE-22-01,Closed,"Investigated Suspicious Login on AST-CSE-22-018. Pulled IOCs, reviewed 7 artefacts, contained locally. Root cause documented.",Suspicious Login on AST-CSE-22-018,patched / blocked
CS-000869,AL-001210,CSE-22,2026-08-24T21:42:00,2026-08-25T01:38:00,AN-CSE-22-01,Closed,"Investigated Policy Violation on AST-CSE-22-024. Pulled IOCs, reviewed 3 artefacts, contained locally. Root cause documented.",Policy Violation on AST-CSE-22-024,patched / blocked
CS-000870,AL-001213,CSE-22,2026-09-10T10:33:00,2026-09-10T14:16:00,AN-CSE-22-01,Closed,"Investigated Phishing on AST-CSE-22-022. Pulled IOCs, reviewed 7 artefacts, contained locally. Root cause documented.",Phishing on AST-CSE-22-022,patched / blocked
CS-000871,AL-001214,CSE-22,2026-08-22T15:58:00,2026-08-22T18:48:00,AN-CSE-22-01,Closed,"Investigated Suspicious Login on AST-CSE-22-007. Pulled IOCs, reviewed 6 artefacts, contained locally. Root cause documented.",Suspicious Login on AST-CSE-22-007,patched / blocked
CS-000872,AL-001215,CSE-22,2026-09-15T20:08:00,2026-09-15T21:40:00,AN-CSE-22-02,Closed,"Investigated Lateral Movement on AST-CSE-22-022. Pulled IOCs, reviewed 4 artefacts, contained locally. Root cause documented.",Lateral Movement on AST-CSE-22-022,patched / blocked
CS-000873,AL-001217,CSE-22,2026-09-18T22:16:00,2026-09-19T01:17:00,AN-CSE-22-03,Closed,"Investigated Lateral Movement on AST-CSE-22-020. Pulled IOCs, reviewed 7 artefacts, contained locally. Root cause documented.",Lateral Movement on AST-CSE-22-020,patched / blocked
CS-000874,AL-001218,CSE-22,2026-08-30T06:04:00,2026-08-30T07:38:00,AN-CSE-22-03,Closed,"Investigated Privilege Escalation on AST-CSE-22-021. Pulled IOCs, reviewed 8 artefacts, contained locally. Root cause documented.",Privilege Escalation on AST-CSE-22-021,patched / blocked
CS-000875,AL-001219,CSE-22,2026-09-02T20:42:00,2026-09-03T00:15:00,AN-CSE-22-01,Closed,"Investigated C2 Beacon on AST-CSE-22-016. Pulled IOCs, reviewed 9 artefacts, contained locally. Root cause documented.",C2 Beacon on AST-CSE-22-016,patched / blocked
CS-000876,AL-001220,CSE-22,2026-08-29T22:53:00,2026-08-30T00:34:00,AN-CSE-22-02,Closed,"Investigated Policy Violation on AST-CSE-22-014. Pulled IOCs, reviewed 8 artefacts, contained locally. Root cause documented.",Policy Violation on AST-CSE-22-014,patched / blocked
CS-000877,AL-001221,CSE-22,2026-08-26T20:07:00,2026-08-26T23:22:00,AN-CSE-22-04,Closed,"Investigated C2 Beacon on AST-CSE-22-012. Pulled IOCs, reviewed 4 artefacts, contained locally. Root cause documented.",C2 Beacon on AST-CSE-22-012,patched / blocked
CS-000878,AL-001222,CSE-22,2026-08-22T22:57:00,2026-08-23T00:23:00,AN-CSE-22-05,Closed,"Investigated Exfiltration on AST-CSE-22-010. Pulled IOCs, reviewed 8 artefacts, contained locally. Root cause documented.",Exfiltration on AST-CSE-22-010,patched / blocked
CS-000879,AL-001223,CSE-22,2026-09-06T23:44:00,2026-09-07T03:10:00,AN-CSE-22-01,Closed,"Investigated C2 Beacon on AST-CSE-22-014. Pulled IOCs, reviewed 4 artefacts, contained locally. Root cause documented.",C2 Beacon on AST-CSE-22-014,patched / blocked
CS-000880,AL-001224,CSE-22,2026-09-07T04:24:00,2026-09-07T08:03:00,AN-CSE-22-02,Closed,"Investigated Malware on AST-CSE-22-021. Pulled IOCs, reviewed 8 artefacts, contained locally. Root cause documented.",Malware on AST-CSE-22-021,patched / blocked
CS-000881,AL-001226,CSE-22,2026-09-03T09:19:00,2026-09-03T11:11:00,AN-CSE-22-01,Closed,"Investigated Privilege Escalation on AST-CSE-22-011. Pulled IOCs, reviewed 7 artefacts, contained locally. Root cause documented.",Privilege Escalation on AST-CSE-22-011,patched / blocked
CS-000882,AL-001227,CSE-22,2026-08-29T04:42:00,2026-08-29T06:26:00,AN-CSE-22-02,Closed,"Investigated Suspicious Login on AST-CSE-22-006. Pulled IOCs, reviewed 6 artefacts, contained locally. Root cause documented.",Suspicious Login on AST-CSE-22-006,patched / blocked
CS-000883,AL-001228,CSE-22,2026-09-19T11:12:00,2026-09-19T13:13:00,AN-CSE-22-05,Closed,"Investigated Lateral Movement on AST-CSE-22-018. Pulled IOCs, reviewed 9 artefacts, contained locally. Root cause documented.",Lateral Movement on AST-CSE-22-018,patched / blocked
CS-000884,AL-001229,CSE-22,2026-09-20T04:20:00,2026-09-20T07:51:00,AN-CSE-22-02,Closed,"Investigated Brute Force on AST-CSE-22-002. Pulled IOCs, reviewed 3 artefacts, contained locally. Root cause documented.",Brute Force on AST-CSE-22-002,patched / blocked
CS-000885,AL-001232,CSE-22,2026-09-06T19:13:00,2026-09-06T21:30:00,AN-CSE-22-01,Closed,"Investigated Exfiltration on AST-CSE-22-028. Pulled IOCs, reviewed 4 artefacts, contained locally. Root cause documented.",Exfiltration on AST-CSE-22-028,patched / blocked
CS-000886,AL-001233,CSE-22,2026-09-10T22:55:00,2026-09-11T01:38:00,AN-CSE-22-02,Closed,"Investigated Data Access Anomaly on AST-CSE-22-009. Pulled IOCs, reviewed 5 artefacts, contained locally. Root cause documented.",Data Access Anomaly on AST-CSE-22-009,patched / blocked
CS-000887,AL-001235,CSE-22,2026-09-19T23:11:00,2026-09-20T01:28:00,AN-CSE-22-02,Closed,"Investigated Policy Violation on AST-CSE-22-004. Pulled IOCs, reviewed 7 artefacts, contained locally. Root cause documented.",Policy Violation on AST-CSE-22-004,patched / blocked
CS-000888,AL-001236,CSE-22,2026-08-25T15:55:00,2026-08-25T17:08:00,AN-CSE-22-01,Closed,"Investigated Exfiltration on AST-CSE-22-021. Pulled IOCs, reviewed 9 artefacts, contained locally. Root cause documented.",Exfiltration on AST-CSE-22-021,patched / blocked
CS-000889,AL-001237,CSE-22,2026-09-07T16:07:00,2026-09-07T16:12:00,AN-CSE-22-04,Closed,"Investigated Lateral Movement on AST-CSE-22-019. Pulled IOCs, reviewed 0 artefacts, contained locally. Root cause documented.",,
CS-000890,AL-001238,CSE-22,2026-09-10T12:39:00,2026-09-10T15:18:00,AN-CSE-22-02,Closed,"Investigated Policy Violation on AST-CSE-22-025. Pulled IOCs, reviewed 7 artefacts, contained locally. Root cause documented.",Policy Violation on AST-CSE-22-025,patched / blocked
CS-000891,AL-001239,CSE-22,2026-09-13T18:10:00,2026-09-13T19:50:00,AN-CSE-22-04,Closed,"Investigated Malware on AST-CSE-22-028. Pulled IOCs, reviewed 8 artefacts, contained locally. Root cause documented.",Malware on AST-CSE-22-028,patched / blocked
CS-000892,AL-001240,CSE-22,2026-09-03T18:06:00,2026-09-03T20:14:00,AN-CSE-22-01,Closed,"Investigated Policy Violation on AST-CSE-22-011. Pulled IOCs, reviewed 8 artefacts, contained locally. Root cause documented.",Policy Violation on AST-CSE-22-011,patched / blocked
CS-000893,AL-001241,CSE-22,2026-09-14T19:13:00,2026-09-14T21:25:00,AN-CSE-22-01,Closed,"Investigated Brute Force on AST-CSE-22-013. Pulled IOCs, reviewed 9 artefacts, contained locally. Root cause documented.",Brute Force on AST-CSE-22-013,patched / blocked
CS-000894,AL-001242,CSE-22,2026-08-30T19:29:00,2026-08-30T22:09:00,AN-CSE-22-02,Closed,"Investigated C2 Beacon on AST-CSE-22-002. Pulled IOCs, reviewed 6 artefacts, contained locally. Root cause documented.",C2 Beacon on AST-CSE-22-002,patched / blocked
CS-000895,AL-001243,CSE-22,2026-09-10T12:01:00,2026-09-10T12:08:00,AN-CSE-22-03,Closed,"Investigated Exfiltration on AST-CSE-22-001. Pulled IOCs, reviewed 0 artefacts, contained locally. Root cause documented.",,
CS-000896,AL-001244,CSE-22,2026-09-13T16:15:00,2026-09-13T17:39:00,AN-CSE-22-03,Closed,"Investigated Exfiltration on AST-CSE-22-005. Pulled IOCs, reviewed 6 artefacts, contained locally. Root cause documented.",Exfiltration on AST-CSE-22-005,patched / blocked
CS-000897,AL-001245,CSE-22,2026-08-28T07:50:00,2026-08-28T10:11:00,AN-CSE-22-05,Closed,"Investigated Privilege Escalation on AST-CSE-22-007. Pulled IOCs, reviewed 3 artefacts, contained locally. Root cause documented.",Privilege Escalation on AST-CSE-22-007,patched / blocked
CS-000898,AL-001246,CSE-22,2026-09-18T11:41:00,2026-09-18T12:20:00,AN-CSE-22-02,Closed,"Investigated Brute Force on AST-CSE-22-014. Pulled IOCs, reviewed 7 artefacts, contained locally. Root cause documented.",Brute Force on AST-CSE-22-014,patched / blocked
CS-000899,AL-001247,CSE-22,2026-09-05T16:50:00,2026-09-05T19:28:00,AN-CSE-22-01,Closed,"Investigated Phishing on AST-CSE-22-011. Pulled IOCs, reviewed 4 artefacts, contained locally. Root cause documented.",Phishing on AST-CSE-22-011,patched / blocked
CS-000900,AL-001248,CSE-22,2026-08-21T22:23:00,2026-08-22T01:59:00,AN-CSE-22-03,Closed,"Investigated Exfiltration on AST-CSE-22-007. Pulled IOCs, reviewed 6 artefacts, contained locally. Root cause documented.",Exfiltration on AST-CSE-22-007,patched / blocked
CS-000901,AL-001249,CSE-22,2026-09-14T09:23:00,2026-09-14T10:38:00,AN-CSE-22-02,Closed,"Investigated Suspicious Login on AST-CSE-22-018. Pulled IOCs, reviewed 5 artefacts, contained locally. Root cause documented.",Suspicious Login on AST-CSE-22-018,patched / blocked
CS-000902,AL-001250,CSE-22,2026-08-25T19:23:00,2026-08-25T22:09:00,AN-CSE-22-04,Closed,"Investigated Data Access Anomaly on AST-CSE-22-009. Pulled IOCs, reviewed 7 artefacts, contained locally. Root cause documented.",Data Access Anomaly on AST-CSE-22-009,patched / blocked
CS-000903,AL-001252,CSE-22,2026-08-24T11:40:00,2026-08-24T11:42:00,AN-CSE-22-01,Closed,"Investigated Brute Force on AST-CSE-22-005. Pulled IOCs, reviewed 0 artefacts, contained locally. Root cause documented.",,
CS-000904,AL-001253,CSE-22,2026-09-05T01:41:00,2026-09-05T03:02:00,AN-CSE-22-05,Closed,"Investigated Policy Violation on AST-CSE-22-017. Pulled IOCs, reviewed 7 artefacts, contained locally. Root cause documented.",Policy Violation on AST-CSE-22-017,patched / blocked
CS-000905,AL-001254,CSE-22,2026-09-09T02:07:00,2026-09-09T02:47:00,AN-CSE-22-05,Closed,"Investigated C2 Beacon on AST-CSE-22-013. Pulled IOCs, reviewed 7 artefacts, contained locally. Root cause documented.",C2 Beacon on AST-CSE-22-013,patched / blocked
CS-000906,AL-001257,CSE-22,2026-09-03T05:36:00,2026-09-03T05:53:00,AN-CSE-22-03,Closed,"Investigated C2 Beacon on AST-CSE-22-012. Pulled IOCs, reviewed 4 artefacts, contained locally. Root cause documented.",C2 Beacon on AST-CSE-22-012,patched / blocked
CS-000907,AL-001258,CSE-22,2026-09-02T02:39:00,2026-09-02T02:45:00,AN-CSE-22-01,Closed,"Investigated Suspicious Login on AST-CSE-22-012. Pulled IOCs, reviewed 0 artefacts, contained locally. Root cause documented.",,
CS-000908,AL-001262,CSE-22,2026-08-25T08:57:00,2026-08-25T08:59:00,AN-CSE-22-04,Closed,"Investigated Brute Force on AST-CSE-22-006. Pulled IOCs, reviewed 1 artefacts, contained locally. Root cause documented.",,
CS-000909,AL-001264,CSE-22,2026-09-14T17:14:00,2026-09-14T20:24:00,AN-CSE-22-03,Closed,"Investigated Privilege Escalation on AST-CSE-22-028. Pulled IOCs, reviewed 6 artefacts, contained locally. Root cause documented.",Privilege Escalation on AST-CSE-22-028,patched / blocked
CS-000910,AL-001265,CSE-22,2026-08-24T19:51:00,2026-08-24T21:59:00,AN-CSE-22-03,Closed,"Investigated Malware on AST-CSE-22-027. Pulled IOCs, reviewed 3 artefacts, contained locally. Root cause documented.",Malware on AST-CSE-22-027,patched / blocked
CS-000911,AL-001266,CSE-22,2026-08-30T12:07:00,2026-08-30T14:50:00,AN-CSE-22-01,Closed,"Investigated Suspicious Login on AST-CSE-22-023. Pulled IOCs, reviewed 5 artefacts, contained locally. Root cause documented.",Suspicious Login on AST-CSE-22-023,patched / blocked
CS-000912,AL-001268,CSE-22,2026-08-31T11:11:00,2026-08-31T12:26:00,AN-CSE-22-02,Closed,"Investigated Brute Force on AST-CSE-22-003. Pulled IOCs, reviewed 8 artefacts, contained locally. Root cause documented.",Brute Force on AST-CSE-22-003,patched / blocked
CS-000913,AL-001269,CSE-22,2026-09-13T02:07:00,2026-09-13T05:35:00,AN-CSE-22-02,Closed,"Investigated Phishing on AST-CSE-22-015. Pulled IOCs, reviewed 4 artefacts, contained locally. Root cause documented.",Phishing on AST-CSE-22-015,patched / blocked
CS-000914,AL-001270,CSE-22,2026-09-15T03:52:00,2026-09-15T05:09:00,AN-CSE-22-05,Closed,"Investigated C2 Beacon on AST-CSE-22-002. Pulled IOCs, reviewed 9 artefacts, contained locally. Root cause documented.",C2 Beacon on AST-CSE-22-002,patched / blocked
CS-000915,AL-001272,CSE-22,2026-09-03T21:07:00,2026-09-04T01:00:00,AN-CSE-22-02,Closed,"Investigated Privilege Escalation on AST-CSE-22-012. Pulled IOCs, reviewed 7 artefacts, contained locally. Root cause documented.",Privilege Escalation on AST-CSE-22-012,patched / blocked
CS-000916,AL-001274,CSE-22,2026-08-27T05:44:00,2026-08-27T05:46:00,AN-CSE-22-02,Closed,"Investigated Exfiltration on AST-CSE-22-027. Pulled IOCs, reviewed 0 artefacts, contained locally. Root cause documented.",,
CS-000917,AL-001275,CSE-22,2026-09-05T17:40:00,2026-09-05T20:48:00,AN-CSE-22-03,Closed,"Investigated Brute Force on AST-CSE-22-017. Pulled IOCs, reviewed 7 artefacts, contained locally. Root cause documented.",Brute Force on AST-CSE-22-017,patched / blocked
CS-000918,AL-001276,CSE-22,2026-08-24T11:50:00,2026-08-24T13:36:00,AN-CSE-22-04,Closed,"Investigated Phishing on AST-CSE-22-011. Pulled IOCs, reviewed 8 artefacts, contained locally. Root cause documented.",Phishing on AST-CSE-22-011,patched / blocked
CS-000919,AL-001278,CSE-22,2026-09-05T04:44:00,2026-09-05T07:07:00,AN-CSE-22-03,Closed,"Investigated C2 Beacon on AST-CSE-22-019. Pulled IOCs, reviewed 8 artefacts, contained locally. Root cause documented.",C2 Beacon on AST-CSE-22-019,patched / blocked
CS-000920,AL-001279,CSE-22,2026-08-23T04:12:00,2026-08-23T06:21:00,AN-CSE-22-05,Closed,"Investigated Malware on AST-CSE-22-010. Pulled IOCs, reviewed 9 artefacts, contained locally. Root cause documented.",Malware on AST-CSE-22-010,patched / blocked
CS-000921,AL-001280,CSE-22,2026-09-14T19:50:00,2026-09-14T23:08:00,AN-CSE-22-03,Closed,"Investigated C2 Beacon on AST-CSE-22-019. Pulled IOCs, reviewed 7 artefacts, contained locally. Root cause documented.",C2 Beacon on AST-CSE-22-019,patched / blocked
CS-000922,AL-001281,CSE-22,2026-09-10T10:55:00,2026-09-10T10:59:00,AN-CSE-22-03,Closed,"Investigated Brute Force on AST-CSE-22-019. Pulled IOCs, reviewed 1 artefacts, contained locally. Root cause documented.",,
CS-000923,AL-001282,CSE-22,2026-09-19T14:51:00,2026-09-19T14:57:00,AN-CSE-22-02,Closed,"Investigated C2 Beacon on AST-CSE-22-015. Pulled IOCs, reviewed 1 artefacts, contained locally. Root cause documented.",,
CS-000924,AL-001283,CSE-22,2026-09-13T22:55:00,2026-09-14T01:32:00,AN-CSE-22-02,Closed,"Investigated Brute Force on AST-CSE-22-003. Pulled IOCs, reviewed 9 artefacts, contained locally. Root cause documented.",Brute Force on AST-CSE-22-003,patched / blocked
CS-000925,AL-001284,CSE-22,2026-09-16T20:25:00,2026-09-16T20:34:00,AN-CSE-22-04,Closed,"Investigated Policy Violation on AST-CSE-22-001. Pulled IOCs, reviewed 1 artefacts, contained locally. Root cause documented.",,
CS-000926,AL-001285,CSE-22,2026-08-27T08:36:00,2026-08-27T09:30:00,AN-CSE-22-02,Closed,"Investigated Policy Violation on AST-CSE-22-027. Pulled IOCs, reviewed 6 artefacts, contained locally. Root cause documented.",Policy Violation on AST-CSE-22-027,patched / blocked
CS-000927,AL-001286,CSE-22,2026-09-03T09:38:00,2026-09-03T12:28:00,AN-CSE-22-04,Closed,"Investigated C2 Beacon on AST-CSE-22-010. Pulled IOCs, reviewed 3 artefacts, contained locally. Root cause documented.",C2 Beacon on AST-CSE-22-010,patched / blocked
CS-000928,AL-001287,CSE-22,2026-09-09T00:39:00,2026-09-09T03:35:00,AN-CSE-22-05,Closed,"Investigated Brute Force on AST-CSE-22-020. Pulled IOCs, reviewed 7 artefacts, contained locally. Root cause documented.",Brute Force on AST-CSE-22-020,patched / blocked
CS-000929,AL-001289,CSE-22,2026-09-10T23:17:00,2026-09-11T01:19:00,AN-CSE-22-04,Closed,"Investigated C2 Beacon on AST-CSE-22-006. Pulled IOCs, reviewed 4 artefacts, contained locally. Root cause documented.",C2 Beacon on AST-CSE-22-006,patched / blocked
CS-000930,AL-001290,CSE-22,2026-09-06T09:38:00,2026-09-06T11:41:00,AN-CSE-22-01,Closed,"Investigated Suspicious Login on AST-CSE-22-013. Pulled IOCs, reviewed 9 artefacts, contained locally. Root cause documented.",Suspicious Login on AST-CSE-22-013,patched / blocked
CS-000931,AL-001291,CSE-22,2026-09-03T23:17:00,2026-09-04T01:14:00,AN-CSE-22-04,Closed,"Investigated Privilege Escalation on AST-CSE-22-006. Pulled IOCs, reviewed 6 artefacts, contained locally. Root cause documented.",Privilege Escalation on AST-CSE-22-006,patched / blocked
CS-000932,AL-001292,CSE-22,2026-08-31T08:22:00,2026-08-31T08:31:00,AN-CSE-22-04,Closed,"Investigated C2 Beacon on AST-CSE-22-010. Pulled IOCs, reviewed 1 artefacts, contained locally. Root cause documented.",,
CS-000933,AL-001293,CSE-22,2026-09-17T06:33:00,2026-09-17T09:45:00,AN-CSE-22-05,Closed,"Investigated Suspicious Login on AST-CSE-22-028. Pulled IOCs, reviewed 3 artefacts, contained locally. Root cause documented.",Suspicious Login on AST-CSE-22-028,patched / blocked
CS-000934,AL-001294,CSE-22,2026-08-28T17:44:00,2026-08-28T20:41:00,AN-CSE-22-02,Closed,"Investigated Privilege Escalation on AST-CSE-22-001. Pulled IOCs, reviewed 8 artefacts, contained locally. Root cause documented.",Privilege Escalation on AST-CSE-22-001,patched / blocked
CS-000935,AL-001296,CSE-22,2026-08-30T02:11:00,2026-08-30T03:16:00,AN-CSE-22-01,Closed,"Investigated Exfiltration on AST-CSE-22-012. Pulled IOCs, reviewed 5 artefacts, contained locally. Root cause documented.",Exfiltration on AST-CSE-22-012,patched / blocked
CS-000936,AL-001298,CSE-22,2026-09-17T18:54:00,2026-09-17T19:03:00,AN-CSE-22-02,Closed,"Investigated C2 Beacon on AST-CSE-22-024. Pulled IOCs, reviewed 1 artefacts, contained locally. Root cause documented.",,
CS-000937,AL-001299,CSE-22,2026-08-28T16:45:00,2026-08-28T17:15:00,AN-CSE-22-05,Closed,"Investigated Privilege Escalation on AST-CSE-22-009. Pulled IOCs, reviewed 3 artefacts, contained locally. Root cause documented.",Privilege Escalation on AST-CSE-22-009,patched / blocked
CS-000938,AL-001301,CSE-22,2026-09-20T06:13:00,2026-09-20T09:43:00,AN-CSE-22-03,Closed,"Investigated Exfiltration on AST-CSE-22-024. Pulled IOCs, reviewed 3 artefacts, contained locally. Root cause documented.",Exfiltration on AST-CSE-22-024,patched / blocked
CS-000939,AL-001302,CSE-22,2026-09-10T16:28:00,2026-09-10T17:50:00,AN-CSE-22-05,Closed,"Investigated Lateral Movement on AST-CSE-22-004. Pulled IOCs, reviewed 8 artefacts, contained locally. Root cause documented.",Lateral Movement on AST-CSE-22-004,patched / blocked
CS-000940,AL-001304,CSE-22,2026-09-12T11:34:00,2026-09-12T13:40:00,AN-CSE-22-02,Closed,"Investigated Brute Force on AST-CSE-22-013. Pulled IOCs, reviewed 8 artefacts, contained locally. Root cause documented.",Brute Force on AST-CSE-22-013,patched / blocked
CS-000941,AL-001305,CSE-22,2026-08-25T15:40:00,2026-08-25T16:04:00,AN-CSE-22-01,Closed,"Investigated Exfiltration on AST-CSE-22-009. Pulled IOCs, reviewed 8 artefacts, contained locally. Root cause documented.",Exfiltration on AST-CSE-22-009,patched / blocked
CS-000942,AL-001306,CSE-22,2026-08-27T13:22:00,2026-08-27T16:24:00,AN-CSE-22-04,Closed,"Investigated Phishing on AST-CSE-22-008. Pulled IOCs, reviewed 7 artefacts, contained locally. Root cause documented.",Phishing on AST-CSE-22-008,patched / blocked
CS-000943,AL-001307,CSE-22,2026-09-03T11:39:00,2026-09-03T15:29:00,AN-CSE-22-03,Closed,"Investigated C2 Beacon on AST-CSE-22-018. Pulled IOCs, reviewed 6 artefacts, contained locally. Root cause documented.",C2 Beacon on AST-CSE-22-018,patched / blocked
CS-000944,AL-001309,CSE-22,2026-09-09T09:47:00,2026-09-09T11:21:00,AN-CSE-22-05,Closed,"Investigated Policy Violation on AST-CSE-22-003. Pulled IOCs, reviewed 9 artefacts, contained locally. Root cause documented.",Policy Violation on AST-CSE-22-003,patched / blocked
CS-000945,AL-001310,CSE-22,2026-08-31T17:50:00,2026-08-31T19:55:00,AN-CSE-22-05,Closed,"Investigated Policy Violation on AST-CSE-22-015. Pulled IOCs, reviewed 6 artefacts, contained locally. Root cause documented.",Policy Violation on AST-CSE-22-015,patched / blocked
CS-000946,AL-001311,CSE-22,2026-09-05T04:36:00,2026-09-05T07:31:00,AN-CSE-22-05,Closed,"Investigated Exfiltration on AST-CSE-22-025. Pulled IOCs, reviewed 9 artefacts, contained locally. Root cause documented.",Exfiltration on AST-CSE-22-025,patched / blocked
CS-000947,AL-001312,CSE-22,2026-09-16T17:42:00,2026-09-16T17:50:00,AN-CSE-22-02,Closed,"Investigated C2 Beacon on AST-CSE-22-004. Pulled IOCs, reviewed 1 artefacts, contained locally. Root cause documented.",,
CS-000948,AL-001314,CSE-22,2026-09-02T23:46:00,2026-09-03T02:04:00,AN-CSE-22-04,Closed,"Investigated Privilege Escalation on AST-CSE-22-025. Pulled IOCs, reviewed 5 artefacts, contained locally. Root cause documented.",Privilege Escalation on AST-CSE-22-025,patched / blocked
CS-000949,AL-001316,CSE-22,2026-09-06T22:34:00,2026-09-07T01:32:00,AN-CSE-22-02,Closed,"Investigated C2 Beacon on AST-CSE-22-004. Pulled IOCs, reviewed 4 artefacts, contained locally. Root cause documented.",C2 Beacon on AST-CSE-22-004,patched / blocked
CS-000950,AL-001317,CSE-22,2026-09-17T16:24:00,2026-09-17T18:07:00,AN-CSE-22-04,Closed,"Investigated Data Access Anomaly on AST-CSE-22-020. Pulled IOCs, reviewed 7 artefacts, contained locally. Root cause documented.",Data Access Anomaly on AST-CSE-22-020,patched / blocked
CS-000951,AL-001318,CSE-22,2026-08-30T09:37:00,2026-08-30T13:19:00,AN-CSE-22-01,Closed,"Investigated Data Access Anomaly on AST-CSE-22-006. Pulled IOCs, reviewed 8 artefacts, contained locally. Root cause documented.",Data Access Anomaly on AST-CSE-22-006,patched / blocked
CS-000952,AL-001319,CSE-22,2026-08-24T06:31:00,2026-08-24T07:52:00,AN-CSE-22-03,Closed,"Investigated Suspicious Login on AST-CSE-22-018. Pulled IOCs, reviewed 4 artefacts, contained locally. Root cause documented.",Suspicious Login on AST-CSE-22-018,patched / blocked
CS-000953,AL-001320,CSE-22,2026-09-11T09:03:00,2026-09-11T11:21:00,AN-CSE-22-01,Closed,"Investigated Lateral Movement on AST-CSE-22-023. Pulled IOCs, reviewed 6 artefacts, contained locally. Root cause documented.",Lateral Movement on AST-CSE-22-023,patched / blocked
CS-000954,AL-001321,CSE-22,2026-09-13T06:31:00,2026-09-13T10:16:00,AN-CSE-22-05,Closed,"Investigated Data Access Anomaly on AST-CSE-22-022. Pulled IOCs, reviewed 7 artefacts, contained locally. Root cause documented.",Data Access Anomaly on AST-CSE-22-022,patched / blocked
CS-000955,AL-001322,CSE-22,2026-08-28T10:00:00,2026-08-28T10:08:00,AN-CSE-22-01,Closed,"Investigated Brute Force on AST-CSE-22-028. Pulled IOCs, reviewed 1 artefacts, contained locally. Root cause documented.",,
CS-000956,AL-001324,CSE-22,2026-08-28T10:42:00,2026-08-28T14:07:00,AN-CSE-22-04,Closed,"Investigated Policy Violation on AST-CSE-22-001. Pulled IOCs, reviewed 9 artefacts, contained locally. Root cause documented.",Policy Violation on AST-CSE-22-001,patched / blocked
CS-000957,AL-001325,CSE-22,2026-09-03T15:19:00,2026-09-03T16:10:00,AN-CSE-22-04,Closed,"Investigated C2 Beacon on AST-CSE-22-012. Pulled IOCs, reviewed 3 artefacts, contained locally. Root cause documented.",C2 Beacon on AST-CSE-22-012,patched / blocked
CS-000958,AL-001326,CSE-22,2026-09-02T08:14:00,2026-09-02T11:22:00,AN-CSE-22-02,Closed,"Investigated Exfiltration on AST-CSE-22-028. Pulled IOCs, reviewed 5 artefacts, contained locally. Root cause documented.",Exfiltration on AST-CSE-22-028,patched / blocked
CS-000959,AL-001327,CSE-22,2026-09-17T01:19:00,2026-09-17T01:28:00,AN-CSE-22-01,Closed,"Investigated Policy Violation on AST-CSE-22-008. Pulled IOCs, reviewed 0 artefacts, contained locally. Root cause documented.",,
CS-000960,AL-001329,CSE-22,2026-09-11T11:46:00,2026-09-11T11:52:00,AN-CSE-22-03,Closed,"Investigated Brute Force on AST-CSE-22-002. Pulled IOCs, reviewed 1 artefacts, contained locally. Root cause documented.",,
CS-000961,AL-001331,CSE-22,2026-08-23T23:44:00,2026-08-24T00:58:00,AN-CSE-22-02,Closed,"Investigated Brute Force on AST-CSE-22-005. Pulled IOCs, reviewed 7 artefacts, contained locally. Root cause documented.",Brute Force on AST-CSE-22-005,patched / blocked
CS-000962,AL-001333,CSE-22,2026-09-09T19:37:00,2026-09-09T22:01:00,AN-CSE-22-04,Closed,"Investigated Data Access Anomaly on AST-CSE-22-005. Pulled IOCs, reviewed 8 artefacts, contained locally. Root cause documented.",Data Access Anomaly on AST-CSE-22-005,patched / blocked
CS-000963,AL-001334,CSE-22,2026-09-05T00:00:00,2026-09-05T01:39:00,AN-CSE-22-01,Closed,"Investigated Suspicious Login on AST-CSE-22-028. Pulled IOCs, reviewed 4 artefacts, contained locally. Root cause documented.",Suspicious Login on AST-CSE-22-028,patched / blocked
CS-000964,AL-001338,CSE-22,2026-08-25T12:49:00,2026-08-25T15:00:00,AN-CSE-22-02,Closed,"Investigated Lateral Movement on AST-CSE-22-017. Pulled IOCs, reviewed 4 artefacts, contained locally. Root cause documented.",Lateral Movement on AST-CSE-22-017,patched / blocked
CS-000965,AL-001339,CSE-22,2026-09-17T12:48:00,2026-09-17T13:41:00,AN-CSE-22-01,Closed,"Investigated Exfiltration on AST-CSE-22-020. Pulled IOCs, reviewed 7 artefacts, contained locally. Root cause documented.",Exfiltration on AST-CSE-22-020,patched / blocked
CS-000966,AL-001343,CSE-22,2026-08-31T22:00:00,2026-09-01T00:53:00,AN-CSE-22-03,Closed,"Investigated Data Access Anomaly on AST-CSE-22-007. Pulled IOCs, reviewed 5 artefacts, contained locally. Root cause documented.",Data Access Anomaly on AST-CSE-22-007,patched / blocked
CS-000967,AL-001344,CSE-22,2026-09-04T19:42:00,2026-09-04T22:18:00,AN-CSE-22-03,Closed,"Investigated Brute Force on AST-CSE-22-021. Pulled IOCs, reviewed 4 artefacts, contained locally. Root cause documented.",Brute Force on AST-CSE-22-021,patched / blocked
CS-000968,AL-001345,CSE-22,2026-08-30T21:53:00,2026-08-30T23:34:00,AN-CSE-22-02,Closed,"Investigated Suspicious Login on AST-CSE-22-009. Pulled IOCs, reviewed 7 artefacts, contained locally. Root cause documented.",Suspicious Login on AST-CSE-22-009,patched / blocked
CS-000969,AL-001347,CSE-22,2026-09-14T08:12:00,2026-09-14T10:40:00,AN-CSE-22-02,Closed,"Investigated Suspicious Login on AST-CSE-22-022. Pulled IOCs, reviewed 5 artefacts, contained locally. Root cause documented.",Suspicious Login on AST-CSE-22-022,patched / blocked
CS-000970,AL-001348,CSE-22,2026-08-30T02:01:00,2026-08-30T05:13:00,AN-CSE-22-05,Closed,"Investigated Suspicious Login on AST-CSE-22-025. Pulled IOCs, reviewed 4 artefacts, contained locally. Root cause documented.",Suspicious Login on AST-CSE-22-025,patched / blocked
CS-000971,AL-001350,CSE-22,2026-08-26T12:43:00,2026-08-26T15:03:00,AN-CSE-22-02,Closed,"Investigated Data Access Anomaly on AST-CSE-22-016. Pulled IOCs, reviewed 9 artefacts, contained locally. Root cause documented.",Data Access Anomaly on AST-CSE-22-016,patched / blocked
CS-000972,AL-001351,CSE-22,2026-08-28T00:07:00,2026-08-28T02:15:00,AN-CSE-22-03,Closed,"Investigated Brute Force on AST-CSE-22-012. Pulled IOCs, reviewed 7 artefacts, contained locally. Root cause documented.",Brute Force on AST-CSE-22-012,patched / blocked
CS-000973,AL-001352,CSE-22,2026-09-08T10:34:00,2026-09-08T10:38:00,AN-CSE-22-03,Closed,"Investigated C2 Beacon on AST-CSE-22-025. Pulled IOCs, reviewed 1 artefacts, contained locally. Root cause documented.",,
CS-000974,AL-001353,CSE-22,2026-08-29T05:47:00,2026-08-29T07:37:00,AN-CSE-22-03,Closed,"Investigated Exfiltration on AST-CSE-22-025. Pulled IOCs, reviewed 3 artefacts, contained locally. Root cause documented.",Exfiltration on AST-CSE-22-025,patched / blocked
CS-000975,AL-001354,CSE-22,2026-09-14T05:21:00,2026-09-14T06:51:00,AN-CSE-22-05,Closed,"Investigated Suspicious Login on AST-CSE-22-011. Pulled IOCs, reviewed 3 artefacts, contained locally. Root cause documented.",Suspicious Login on AST-CSE-22-011,patched / blocked
CS-000976,AL-001356,CSE-22,2026-08-31T17:36:00,2026-08-31T20:34:00,AN-CSE-22-01,Closed,"Investigated Policy Violation on AST-CSE-22-013. Pulled IOCs, reviewed 5 artefacts, contained locally. Root cause documented.",Policy Violation on AST-CSE-22-013,patched / blocked
CS-000977,AL-001358,CSE-22,2026-09-02T02:24:00,2026-09-02T04:36:00,AN-CSE-22-02,Closed,"Investigated Brute Force on AST-CSE-22-014. Pulled IOCs, reviewed 4 artefacts, contained locally. Root cause documented.",Brute Force on AST-CSE-22-014,patched / blocked
CS-000978,AL-001359,CSE-22,2026-09-11T18:27:00,2026-09-11T19:22:00,AN-CSE-22-03,Closed,"Investigated Suspicious Login on AST-CSE-22-019. Pulled IOCs, reviewed 9 artefacts, contained locally. Root cause documented.",Suspicious Login on AST-CSE-22-019,patched / blocked
CS-000979,AL-001360,CSE-22,2026-09-08T21:13:00,2026-09-08T23:32:00,AN-CSE-22-02,Closed,"Investigated Privilege Escalation on AST-CSE-22-028. Pulled IOCs, reviewed 4 artefacts, contained locally. Root cause documented.",Privilege Escalation on AST-CSE-22-028,patched / blocked
CS-000980,AL-001361,CSE-22,2026-08-29T03:44:00,2026-08-29T03:46:00,AN-CSE-22-05,Closed,"Investigated Privilege Escalation on AST-CSE-22-012. Pulled IOCs, reviewed 0 artefacts, contained locally. Root cause documented.",,
CS-000981,AL-001362,CSE-22,2026-08-25T20:09:00,2026-08-25T20:44:00,AN-CSE-22-01,Closed,"Investigated C2 Beacon on AST-CSE-22-004. Pulled IOCs, reviewed 7 artefacts, contained locally. Root cause documented.",C2 Beacon on AST-CSE-22-004,patched / blocked
CS-000982,AL-001364,CSE-22,2026-09-02T09:25:00,2026-09-02T13:09:00,AN-CSE-22-01,Closed,"Investigated Phishing on AST-CSE-22-011. Pulled IOCs, reviewed 7 artefacts, contained locally. Root cause documented.",Phishing on AST-CSE-22-011,patched / blocked
CS-000983,AL-001366,CSE-22,2026-08-30T17:39:00,2026-08-30T17:47:00,AN-CSE-22-04,Closed,"Investigated Privilege Escalation on AST-CSE-22-005. Pulled IOCs, reviewed 0 artefacts, contained locally. Root cause documented.",,
CS-000984,AL-001367,CSE-22,2026-08-31T23:59:00,2026-09-01T02:08:00,AN-CSE-22-01,Closed,"Investigated Data Access Anomaly on AST-CSE-22-013. Pulled IOCs, reviewed 4 artefacts, contained locally. Root cause documented.",Data Access Anomaly on AST-CSE-22-013,patched / blocked
CS-000985,AL-001370,CSE-22,2026-09-03T00:56:00,2026-09-03T02:14:00,AN-CSE-22-03,Closed,"Investigated Malware on AST-CSE-22-028. Pulled IOCs, reviewed 8 artefacts, contained locally. Root cause documented.",Malware on AST-CSE-22-028,patched / blocked
CS-000986,AL-001371,CSE-22,2026-09-12T04:01:00,2026-09-12T04:03:00,AN-CSE-22-02,Closed,"Investigated Exfiltration on AST-CSE-22-007. Pulled IOCs, reviewed 0 artefacts, contained locally. Root cause documented.",,
CS-000987,AL-001372,CSE-22,2026-09-08T11:32:00,2026-09-08T13:46:00,AN-CSE-22-02,Closed,"Investigated Phishing on AST-CSE-22-015. Pulled IOCs, reviewed 6 artefacts, contained locally. Root cause documented.",Phishing on AST-CSE-22-015,patched / blocked
CS-000988,AL-001374,CSE-22,2026-09-16T20:13:00,2026-09-16T21:54:00,AN-CSE-22-05,Closed,"Investigated Brute Force on AST-CSE-22-004. Pulled IOCs, reviewed 6 artefacts, contained locally. Root cause documented.",Brute Force on AST-CSE-22-004,patched / blocked
CS-000989,AL-001375,CSE-22,2026-09-08T20:44:00,2026-09-08T23:00:00,AN-CSE-22-05,Closed,"Investigated Phishing on AST-CSE-22-007. Pulled IOCs, reviewed 3 artefacts, contained locally. Root cause documented.",Phishing on AST-CSE-22-007,patched / blocked
CS-000990,AL-001376,CSE-22,2026-08-24T08:38:00,2026-08-24T12:32:00,AN-CSE-22-03,Closed,"Investigated C2 Beacon on AST-CSE-22-013. Pulled IOCs, reviewed 3 artefacts, contained locally. Root cause documented.",C2 Beacon on AST-CSE-22-013,patched / blocked
CS-000991,AL-001377,CSE-22,2026-08-29T09:19:00,2026-08-29T09:21:00,AN-CSE-22-04,Closed,"Investigated Exfiltration on AST-CSE-22-028. Pulled IOCs, reviewed 1 artefacts, contained locally. Root cause documented.",,
CS-000992,AL-001378,CSE-22,2026-08-24T04:49:00,2026-08-24T07:16:00,AN-CSE-22-05,Escalated,"Investigated Privilege Escalation on AST-CSE-22-024. Pulled IOCs, reviewed 4 artefacts, escalated to IR. Root cause documented.",Privilege Escalation on AST-CSE-22-024,patched / blocked
CS-000993,AL-001379,CSE-22,2026-08-26T05:05:00,2026-08-26T07:06:00,AN-CSE-22-03,Escalated,"Investigated Malware on AST-CSE-22-016. Pulled IOCs, reviewed 9 artefacts, escalated to IR. Root cause documented.",Malware on AST-CSE-22-016,patched / blocked
CS-000994,AL-001380,CSE-22,2026-09-15T12:09:00,2026-09-15T12:57:00,AN-CSE-22-02,Closed,"Investigated Brute Force on AST-CSE-22-006. Pulled IOCs, reviewed 9 artefacts, contained locally. Root cause documented.",Brute Force on AST-CSE-22-006,patched / blocked
CS-000995,AL-001381,CSE-22,2026-09-07T15:37:00,2026-09-07T15:39:00,AN-CSE-22-03,Closed,"Investigated Policy Violation on AST-CSE-22-001. Pulled IOCs, reviewed 0 artefacts, contained locally. Root cause documented.",,
CS-000996,AL-001382,CSE-22,2026-09-18T12:05:00,2026-09-18T12:36:00,AN-CSE-22-02,Closed,"Investigated Malware on AST-CSE-22-011. Pulled IOCs, reviewed 7 artefacts, contained locally. Root cause documented.",Malware on AST-CSE-22-011,patched / blocked
CS-000997,AL-001383,CSE-22,2026-09-15T06:54:00,2026-09-15T08:11:00,AN-CSE-22-01,Closed,"Investigated Data Access Anomaly on AST-CSE-22-025. Pulled IOCs, reviewed 3 artefacts, contained locally. Root cause documented.",Data Access Anomaly on AST-CSE-22-025,patched / blocked
CS-000998,AL-001386,CSE-22,2026-08-27T17:48:00,2026-08-27T18:41:00,AN-CSE-22-02,Closed,"Investigated Phishing on AST-CSE-22-023. Pulled IOCs, reviewed 9 artefacts, contained locally. Root cause documented.",Phishing on AST-CSE-22-023,patched / blocked
CS-000999,AL-001387,CSE-22,2026-08-28T23:42:00,2026-08-29T00:59:00,AN-CSE-22-05,Closed,"Investigated Phishing on AST-CSE-22-008. Pulled IOCs, reviewed 5 artefacts, contained locally. Root cause documented.",Phishing on AST-CSE-22-008,patched / blocked
CS-001000,AL-001388,CSE-22,2026-09-05T14:23:00,2026-09-05T15:51:00,AN-CSE-22-05,Closed,"Investigated Exfiltration on AST-CSE-22-024. Pulled IOCs, reviewed 9 artefacts, contained locally. Root cause documented.",Exfiltration on AST-CSE-22-024,patched / blocked
CS-001001,AL-001390,CSE-22,2026-09-20T07:20:00,2026-09-20T08:40:00,AN-CSE-22-01,Closed,"Investigated Lateral Movement on AST-CSE-22-002. Pulled IOCs, reviewed 4 artefacts, contained locally. Root cause documented.",Lateral Movement on AST-CSE-22-002,patched / blocked
CS-001002,AL-001392,CSE-22,2026-08-28T03:19:00,2026-08-28T05:05:00,AN-CSE-22-05,Closed,"Investigated Suspicious Login on AST-CSE-22-009. Pulled IOCs, reviewed 4 artefacts, contained locally. Root cause documented.",Suspicious Login on AST-CSE-22-009,patched / blocked
CS-001003,AL-001393,CSE-22,2026-09-05T14:54:00,2026-09-05T16:21:00,AN-CSE-22-03,Closed,"Investigated Policy Violation on AST-CSE-22-011. Pulled IOCs, reviewed 3 artefacts, contained locally. Root cause documented.",Policy Violation on AST-CSE-22-011,patched / blocked
CS-001004,AL-001396,CSE-22,2026-08-22T19:48:00,2026-08-22T21:04:00,AN-CSE-22-02,Closed,"Investigated C2 Beacon on AST-CSE-22-006. Pulled IOCs, reviewed 9 artefacts, contained locally. Root cause documented.",C2 Beacon on AST-CSE-22-006,patched / blocked
CS-001005,AL-001397,CSE-22,2026-08-27T07:24:00,2026-08-27T11:08:00,AN-CSE-22-05,Closed,"Investigated Privilege Escalation on AST-CSE-22-007. Pulled IOCs, reviewed 7 artefacts, contained locally. Root cause documented.",Privilege Escalation on AST-CSE-22-007,patched / blocked
CS-001006,AL-001399,CSE-22,2026-08-21T13:51:00,2026-08-21T13:59:00,AN-CSE-22-05,Closed,"Investigated Data Access Anomaly on AST-CSE-22-028. Pulled IOCs, reviewed 0 artefacts, contained locally. Root cause documented.",,
CS-001007,AL-001400,CSE-22,2026-09-08T02:36:00,2026-09-08T04:57:00,AN-CSE-22-05,Closed,"Investigated Malware on AST-CSE-22-009. Pulled IOCs, reviewed 6 artefacts, contained locally. Root cause documented.",Malware on AST-CSE-22-009,patched / blocked
CS-001008,AL-001401,CSE-22,2026-09-11T13:25:00,2026-09-11T16:16:00,AN-CSE-22-03,Closed,"Investigated Exfiltration on AST-CSE-22-005. Pulled IOCs, reviewed 7 artefacts, contained locally. Root cause documented.",Exfiltration on AST-CSE-22-005,patched / blocked
CS-001009,AL-001402,CSE-22,2026-09-05T06:12:00,2026-09-05T07:07:00,AN-CSE-22-02,Closed,"Investigated C2 Beacon on AST-CSE-22-025. Pulled IOCs, reviewed 8 artefacts, contained locally. Root cause documented.",C2 Beacon on AST-CSE-22-025,patched / blocked
CS-001010,AL-001403,CSE-22,2026-08-25T00:56:00,2026-08-25T01:02:00,AN-CSE-22-02,Closed,"Investigated Data Access Anomaly on AST-CSE-22-013. Pulled IOCs, reviewed 0 artefacts, contained locally. Root cause documented.",,
CS-001011,AL-001404,CSE-22,2026-09-01T14:51:00,2026-09-01T18:03:00,AN-CSE-22-02,Closed,"Investigated Phishing on AST-CSE-22-013. Pulled IOCs, reviewed 5 artefacts, contained locally. Root cause documented.",Phishing on AST-CSE-22-013,patched / blocked
CS-001012,AL-001405,CSE-22,2026-09-04T08:11:00,2026-09-04T11:20:00,AN-CSE-22-05,Closed,"Investigated Phishing on AST-CSE-22-001. Pulled IOCs, reviewed 6 artefacts, contained locally. Root cause documented.",Phishing on AST-CSE-22-001,patched / blocked
CS-001013,AL-001406,CSE-22,2026-08-31T21:51:00,2026-09-01T01:24:00,AN-CSE-22-01,Closed,"Investigated Phishing on AST-CSE-22-027. Pulled IOCs, reviewed 8 artefacts, contained locally. Root cause documented.",Phishing on AST-CSE-22-027,patched / blocked
CS-001014,AL-001408,CSE-22,2026-09-12T19:54:00,2026-09-12T22:48:00,AN-CSE-22-01,Closed,"Investigated Policy Violation on AST-CSE-22-028. Pulled IOCs, reviewed 7 artefacts, contained locally. Root cause documented.",Policy Violation on AST-CSE-22-028,patched / blocked
CS-001015,AL-001410,CSE-22,2026-08-30T19:39:00,2026-08-30T21:03:00,AN-CSE-22-04,Closed,"Investigated Exfiltration on AST-CSE-22-024. Pulled IOCs, reviewed 5 artefacts, contained locally. Root cause documented.",Exfiltration on AST-CSE-22-024,patched / blocked
CS-001016,AL-001411,CSE-22,2026-09-05T04:23:00,2026-09-05T06:34:00,AN-CSE-22-04,Closed,"Investigated Phishing on AST-CSE-22-001. Pulled IOCs, reviewed 8 artefacts, contained locally. Root cause documented.",Phishing on AST-CSE-22-001,patched / blocked
CS-001017,AL-001412,CSE-22,2026-08-24T17:36:00,2026-08-24T20:46:00,AN-CSE-22-05,Closed,"Investigated Policy Violation on AST-CSE-22-004. Pulled IOCs, reviewed 6 artefacts, contained locally. Root cause documented.",Policy Violation on AST-CSE-22-004,patched / blocked
CS-001018,AL-001413,CSE-22,2026-08-25T15:54:00,2026-08-25T19:29:00,AN-CSE-22-05,Closed,"Investigated Phishing on AST-CSE-22-020. Pulled IOCs, reviewed 4 artefacts, contained locally. Root cause documented.",Phishing on AST-CSE-22-020,patched / blocked
CS-001019,AL-001414,CSE-22,2026-09-07T13:13:00,2026-09-07T16:54:00,AN-CSE-22-01,Closed,"Investigated Data Access Anomaly on AST-CSE-22-019. Pulled IOCs, reviewed 6 artefacts, contained locally. Root cause documented.",Data Access Anomaly on AST-CSE-22-019,patched / blocked
CS-001020,AL-001415,CSE-22,2026-09-07T15:13:00,2026-09-07T15:15:00,AN-CSE-22-04,Closed,"Investigated Suspicious Login on AST-CSE-22-019. Pulled IOCs, reviewed 0 artefacts, contained locally. Root cause documented.",,
CS-001021,AL-001416,CSE-22,2026-09-10T08:42:00,2026-09-10T08:51:00,AN-CSE-22-04,Closed,"Investigated Brute Force on AST-CSE-22-019. Pulled IOCs, reviewed 1 artefacts, contained locally. Root cause documented.",,
CS-001022,AL-001417,CSE-22,2026-09-13T03:32:00,2026-09-13T06:50:00,AN-CSE-22-01,Closed,"Investigated Privilege Escalation on AST-CSE-22-012. Pulled IOCs, reviewed 8 artefacts, contained locally. Root cause documented.",Privilege Escalation on AST-CSE-22-012,patched / blocked
CS-001023,AL-001418,CSE-22,2026-08-26T18:19:00,2026-08-26T18:26:00,AN-CSE-22-03,Closed,"Investigated Brute Force on AST-CSE-22-025. Pulled IOCs, reviewed 0 artefacts, contained locally. Root cause documented.",,
CS-001024,AL-001419,CSE-22,2026-09-10T00:21:00,2026-09-10T04:15:00,AN-CSE-22-05,Closed,"Investigated Policy Violation on AST-CSE-22-028. Pulled IOCs, reviewed 4 artefacts, contained locally. Root cause documented.",Policy Violation on AST-CSE-22-028,patched / blocked
CS-001025,AL-001420,CSE-22,2026-08-28T09:20:00,2026-08-28T11:42:00,AN-CSE-22-04,Closed,"Investigated Exfiltration on AST-CSE-22-027. Pulled IOCs, reviewed 8 artefacts, contained locally. Root cause documented.",Exfiltration on AST-CSE-22-027,patched / blocked
CS-001026,AL-001421,CSE-22,2026-08-23T13:29:00,2026-08-23T15:36:00,AN-CSE-22-03,Closed,"Investigated C2 Beacon on AST-CSE-22-025. Pulled IOCs, reviewed 5 artefacts, contained locally. Root cause documented.",C2 Beacon on AST-CSE-22-025,patched / blocked
CS-001027,AL-001422,CSE-22,2026-09-13T17:41:00,2026-09-13T17:47:00,AN-CSE-22-05,Closed,"Investigated Privilege Escalation on AST-CSE-22-006. Pulled IOCs, reviewed 0 artefacts, contained locally. Root cause documented.",,
CS-001028,AL-001423,CSE-22,2026-09-14T09:55:00,2026-09-14T13:04:00,AN-CSE-22-05,Closed,"Investigated Data Access Anomaly on AST-CSE-22-013. Pulled IOCs, reviewed 6 artefacts, contained locally. Root cause documented.",Data Access Anomaly on AST-CSE-22-013,patched / blocked
CS-001029,AL-001424,CSE-22,2026-09-08T07:02:00,2026-09-08T10:30:00,AN-CSE-22-04,Closed,"Investigated Privilege Escalation on AST-CSE-22-005. Pulled IOCs, reviewed 9 artefacts, contained locally. Root cause documented.",Privilege Escalation on AST-CSE-22-005,patched / blocked
CS-001030,AL-001425,CSE-22,2026-09-10T04:32:00,2026-09-10T05:31:00,AN-CSE-22-01,Closed,"Investigated Data Access Anomaly on AST-CSE-22-020. Pulled IOCs, reviewed 8 artefacts, contained locally. Root cause documented.",Data Access Anomaly on AST-CSE-22-020,patched / blocked
CS-001031,AL-001426,CSE-22,2026-08-29T04:45:00,2026-08-29T05:55:00,AN-CSE-22-02,Closed,"Investigated Policy Violation on AST-CSE-22-001. Pulled IOCs, reviewed 4 artefacts, contained locally. Root cause documented.",Policy Violation on AST-CSE-22-001,patched / blocked
CS-001032,AL-001427,CSE-22,2026-08-23T16:30:00,2026-08-23T19:11:00,AN-CSE-22-04,Closed,"Investigated Lateral Movement on AST-CSE-22-010. Pulled IOCs, reviewed 7 artefacts, contained locally. Root cause documented.",Lateral Movement on AST-CSE-22-010,patched / blocked
CS-001033,AL-001428,CSE-22,2026-09-01T23:20:00,2026-09-02T01:19:00,AN-CSE-22-05,Closed,"Investigated Brute Force on AST-CSE-22-014. Pulled IOCs, reviewed 8 artefacts, contained locally. Root cause documented.",Brute Force on AST-CSE-22-014,patched / blocked
CS-001034,AL-001430,CSE-22,2026-09-16T01:05:00,2026-09-16T03:53:00,AN-CSE-22-02,Closed,"Investigated Phishing on AST-CSE-22-012. Pulled IOCs, reviewed 4 artefacts, contained locally. Root cause documented.",Phishing on AST-CSE-22-012,patched / blocked
CS-001035,AL-001432,CSE-22,2026-09-12T21:43:00,2026-09-13T00:00:00,AN-CSE-22-05,Closed,"Investigated Suspicious Login on AST-CSE-22-021. Pulled IOCs, reviewed 7 artefacts, contained locally. Root cause documented.",Suspicious Login on AST-CSE-22-021,patched / blocked
CS-001036,AL-001433,CSE-22,2026-09-15T11:25:00,2026-09-15T11:59:00,AN-CSE-22-04,Closed,"Investigated Data Access Anomaly on AST-CSE-22-016. Pulled IOCs, reviewed 5 artefacts, contained locally. Root cause documented.",Data Access Anomaly on AST-CSE-22-016,patched / blocked
CS-001037,AL-001434,CSE-22,2026-09-09T09:14:00,2026-09-09T09:16:00,AN-CSE-22-03,Closed,"Investigated Brute Force on AST-CSE-22-028. Pulled IOCs, reviewed 1 artefacts, contained locally. Root cause documented.",,
CS-001038,AL-001435,CSE-22,2026-09-13T14:32:00,2026-09-13T17:44:00,AN-CSE-22-03,Closed,"Investigated Brute Force on AST-CSE-22-014. Pulled IOCs, reviewed 5 artefacts, contained locally. Root cause documented.",Brute Force on AST-CSE-22-014,patched / blocked
CS-001039,AL-001436,CSE-22,2026-09-03T22:51:00,2026-09-04T01:41:00,AN-CSE-22-05,Closed,"Investigated Data Access Anomaly on AST-CSE-22-008. Pulled IOCs, reviewed 5 artefacts, contained locally. Root cause documented.",Data Access Anomaly on AST-CSE-22-008,patched / blocked
CS-001040,AL-001438,CSE-11,2026-09-09T00:22:00,2026-09-09T00:31:00,AN-CSE-11-03,Closed,"Investigated Suspicious Login on AST-CSE-11-006. Pulled IOCs, reviewed 0 artefacts, contained locally. Root cause documented.",,
CS-001041,AL-001439,CSE-11,2026-09-06T02:01:00,2026-09-06T05:44:00,AN-CSE-11-05,Closed,"Investigated Brute Force on AST-CSE-11-017. Pulled IOCs, reviewed 3 artefacts, contained locally. Root cause documented.",Brute Force on AST-CSE-11-017,patched / blocked
CS-001042,AL-001441,CSE-11,2026-09-02T19:53:00,2026-09-02T21:16:00,AN-CSE-11-05,Closed,"Investigated Policy Violation on AST-CSE-11-011. Pulled IOCs, reviewed 5 artefacts, contained locally. Root cause documented.",Policy Violation on AST-CSE-11-011,patched / blocked
CS-001043,AL-001442,CSE-11,2026-09-07T21:57:00,2026-09-07T22:00:00,AN-CSE-11-04,Closed,"Investigated Policy Violation on AST-CSE-11-008. Pulled IOCs, reviewed 0 artefacts, contained locally. Root cause documented.",,
CS-001044,AL-001443,CSE-11,2026-09-01T18:27:00,2026-09-01T21:31:00,AN-CSE-11-04,Closed,"Investigated Privilege Escalation on AST-CSE-11-022. Pulled IOCs, reviewed 4 artefacts, contained locally. Root cause documented.",Privilege Escalation on AST-CSE-11-022,patched / blocked
CS-001045,AL-001444,CSE-11,2026-09-13T20:35:00,2026-09-13T23:00:00,AN-CSE-11-04,Closed,"Investigated Brute Force on AST-CSE-11-011. Pulled IOCs, reviewed 3 artefacts, contained locally. Root cause documented.",Brute Force on AST-CSE-11-011,patched / blocked
CS-001046,AL-001446,CSE-11,2026-09-17T18:49:00,2026-09-17T18:51:00,AN-CSE-11-03,Closed,"Investigated Malware on AST-CSE-11-027. Pulled IOCs, reviewed 0 artefacts, contained locally. Root cause documented.",,
CS-001047,AL-001447,CSE-11,2026-09-02T20:13:00,2026-09-02T20:17:00,AN-CSE-11-05,Closed,"Investigated C2 Beacon on AST-CSE-11-010. Pulled IOCs, reviewed 1 artefacts, contained locally. Root cause documented.",,
CS-001048,AL-001448,CSE-11,2026-09-17T00:03:00,2026-09-17T00:41:00,AN-CSE-11-02,Closed,"Investigated Malware on AST-CSE-11-022. Pulled IOCs, reviewed 8 artefacts, contained locally. Root cause documented.",Malware on AST-CSE-11-022,patched / blocked
CS-001049,AL-001449,CSE-11,2026-09-01T02:01:00,2026-09-01T05:17:00,AN-CSE-11-04,Closed,"Investigated Lateral Movement on AST-CSE-11-016. Pulled IOCs, reviewed 3 artefacts, contained locally. Root cause documented.",Lateral Movement on AST-CSE-11-016,patched / blocked
CS-001050,AL-001450,CSE-11,2026-08-22T00:36:00,2026-08-22T04:30:00,AN-CSE-11-02,Closed,"Investigated Lateral Movement on AST-CSE-11-001. Pulled IOCs, reviewed 6 artefacts, contained locally. Root cause documented.",Lateral Movement on AST-CSE-11-001,patched / blocked
CS-001051,AL-001452,CSE-11,2026-08-30T22:34:00,2026-08-31T00:39:00,AN-CSE-11-01,Closed,"Investigated Lateral Movement on AST-CSE-11-010. Pulled IOCs, reviewed 6 artefacts, contained locally. Root cause documented.",Lateral Movement on AST-CSE-11-010,patched / blocked
CS-001052,AL-001453,CSE-11,2026-09-05T02:20:00,2026-09-05T05:56:00,AN-CSE-11-04,Closed,"Investigated Lateral Movement on AST-CSE-11-027. Pulled IOCs, reviewed 6 artefacts, contained locally. Root cause documented.",Lateral Movement on AST-CSE-11-027,patched / blocked
CS-001053,AL-001454,CSE-11,2026-09-17T00:03:00,2026-09-17T02:35:00,AN-CSE-11-04,Escalated,"Investigated Lateral Movement on AST-CSE-11-022. Pulled IOCs, reviewed 5 artefacts, escalated to IR. Root cause documented.",Lateral Movement on AST-CSE-11-022,patched / blocked
CS-001054,AL-001455,CSE-11,2026-08-28T20:42:00,2026-08-29T00:41:00,AN-CSE-11-05,Closed,"Investigated Exfiltration on AST-CSE-11-024. Pulled IOCs, reviewed 7 artefacts, contained locally. Root cause documented.",Exfiltration on AST-CSE-11-024,patched / blocked
CS-001055,AL-001456,CSE-11,2026-08-23T01:25:00,2026-08-23T03:57:00,AN-CSE-11-04,Closed,"Investigated Phishing on AST-CSE-11-004. Pulled IOCs, reviewed 3 artefacts, contained locally. Root cause documented.",Phishing on AST-CSE-11-004,patched / blocked
CS-001056,AL-001457,CSE-11,2026-09-19T00:55:00,2026-09-19T03:47:00,AN-CSE-11-01,Closed,"Investigated Phishing on AST-CSE-11-016. Pulled IOCs, reviewed 5 artefacts, contained locally. Root cause documented.",Phishing on AST-CSE-11-016,patched / blocked
CS-001057,AL-001458,CSE-11,2026-08-26T18:11:00,2026-08-26T21:36:00,AN-CSE-11-02,Closed,"Investigated Brute Force on AST-CSE-11-024. Pulled IOCs, reviewed 5 artefacts, contained locally. Root cause documented.",Brute Force on AST-CSE-11-024,patched / blocked
CS-001058,AL-001459,CSE-11,2026-09-10T00:38:00,2026-09-10T03:42:00,AN-CSE-11-04,Closed,"Investigated Malware on AST-CSE-11-019. Pulled IOCs, reviewed 3 artefacts, contained locally. Root cause documented.",Malware on AST-CSE-11-019,patched / blocked
CS-001059,AL-001460,CSE-11,2026-09-03T23:49:00,2026-09-04T03:13:00,AN-CSE-11-02,Closed,"Investigated Brute Force on AST-CSE-11-013. Pulled IOCs, reviewed 6 artefacts, contained locally. Root cause documented.",Brute Force on AST-CSE-11-013,patched / blocked
CS-001060,AL-001461,CSE-11,2026-09-12T18:42:00,2026-09-12T21:17:00,AN-CSE-11-05,Escalated,"Investigated Policy Violation on AST-CSE-11-028. Pulled IOCs, reviewed 5 artefacts, escalated to IR. Root cause documented.",Policy Violation on AST-CSE-11-028,patched / blocked
CS-001061,AL-001465,CSE-11,2026-09-12T19:21:00,2026-09-12T22:23:00,AN-CSE-11-03,Closed,"Investigated Policy Violation on AST-CSE-11-013. Pulled IOCs, reviewed 6 artefacts, contained locally. Root cause documented.",Policy Violation on AST-CSE-11-013,patched / blocked
CS-001062,AL-001466,CSE-11,2026-09-09T00:42:00,2026-09-09T02:41:00,AN-CSE-11-02,Closed,"Investigated Policy Violation on AST-CSE-11-005. Pulled IOCs, reviewed 5 artefacts, contained locally. Root cause documented.",Policy Violation on AST-CSE-11-005,patched / blocked
CS-001063,AL-001467,CSE-11,2026-09-11T02:31:00,2026-09-11T05:09:00,AN-CSE-11-04,Closed,"Investigated Malware on AST-CSE-11-012. Pulled IOCs, reviewed 9 artefacts, contained locally. Root cause documented.",Malware on AST-CSE-11-012,patched / blocked
CS-001064,AL-001468,CSE-11,2026-09-08T20:34:00,2026-09-08T22:49:00,AN-CSE-11-04,Closed,"Investigated Brute Force on AST-CSE-11-013. Pulled IOCs, reviewed 6 artefacts, contained locally. Root cause documented.",Brute Force on AST-CSE-11-013,patched / blocked
CS-001065,AL-001469,CSE-11,2026-08-30T00:14:00,2026-08-30T01:29:00,AN-CSE-11-05,Closed,"Investigated Privilege Escalation on AST-CSE-11-015. Pulled IOCs, reviewed 8 artefacts, contained locally. Root cause documented.",Privilege Escalation on AST-CSE-11-015,patched / blocked
CS-001066,AL-001470,CSE-11,2026-08-27T21:03:00,2026-08-28T00:38:00,AN-CSE-11-04,Closed,"Investigated Lateral Movement on AST-CSE-11-019. Pulled IOCs, reviewed 9 artefacts, contained locally. Root cause documented.",Lateral Movement on AST-CSE-11-019,patched / blocked
CS-001067,AL-001471,CSE-11,2026-09-16T01:26:00,2026-09-16T04:20:00,AN-CSE-11-04,Closed,"Investigated Exfiltration on AST-CSE-11-012. Pulled IOCs, reviewed 6 artefacts, contained locally. Root cause documented.",Exfiltration on AST-CSE-11-012,patched / blocked
CS-001068,AL-001473,CSE-14,2026-08-23T04:53:00,2026-08-23T05:37:00,AN-CSE-14-02,Closed,"Investigated Exfiltration on AST-CSE-14-023. Pulled IOCs, reviewed 9 artefacts, contained locally. Root cause documented.",Exfiltration on AST-CSE-14-023,patched / blocked
CS-001069,AL-001474,CSE-14,2026-09-05T06:11:00,2026-09-05T10:00:00,AN-CSE-14-01,Closed,"Investigated C2 Beacon on AST-CSE-14-005. Pulled IOCs, reviewed 5 artefacts, contained locally. Root cause documented.",C2 Beacon on AST-CSE-14-005,patched / blocked
CS-001070,AL-001475,CSE-14,2026-08-23T11:29:00,2026-08-23T13:10:00,AN-CSE-14-05,Closed,"Investigated Data Access Anomaly on AST-CSE-14-019. Pulled IOCs, reviewed 3 artefacts, contained locally. Root cause documented.",Data Access Anomaly on AST-CSE-14-019,patched / blocked
CS-001071,AL-001476,CSE-14,2026-09-10T14:35:00,2026-09-10T15:40:00,AN-CSE-14-02,Closed,"Investigated Brute Force on AST-CSE-14-003. Pulled IOCs, reviewed 8 artefacts, contained locally. Root cause documented.",Brute Force on AST-CSE-14-003,patched / blocked
CS-001072,AL-001477,CSE-14,2026-08-25T20:59:00,2026-08-25T23:05:00,AN-CSE-14-05,Closed,"Investigated Phishing on AST-CSE-14-010. Pulled IOCs, reviewed 4 artefacts, contained locally. Root cause documented.",Phishing on AST-CSE-14-010,patched / blocked
CS-001073,AL-001479,CSE-14,2026-09-07T01:58:00,2026-09-07T05:32:00,AN-CSE-14-03,Closed,"Investigated Exfiltration on AST-CSE-14-008. Pulled IOCs, reviewed 8 artefacts, contained locally. Root cause documented.",Exfiltration on AST-CSE-14-008,patched / blocked
CS-001074,AL-001480,CSE-14,2026-09-19T07:05:00,2026-09-19T09:51:00,AN-CSE-14-05,Closed,"Investigated Phishing on AST-CSE-14-022. Pulled IOCs, reviewed 3 artefacts, contained locally. Root cause documented.",Phishing on AST-CSE-14-022,patched / blocked
CS-001075,AL-001482,CSE-14,2026-09-10T07:38:00,2026-09-10T10:03:00,AN-CSE-14-03,Closed,"Investigated C2 Beacon on AST-CSE-14-028. Pulled IOCs, reviewed 5 artefacts, contained locally. Root cause documented.",C2 Beacon on AST-CSE-14-028,patched / blocked
CS-001076,AL-001483,CSE-14,2026-09-17T14:02:00,2026-09-17T14:51:00,AN-CSE-14-03,Closed,"Investigated Policy Violation on AST-CSE-14-003. Pulled IOCs, reviewed 3 artefacts, contained locally. Root cause documented.",Policy Violation on AST-CSE-14-003,patched / blocked
CS-001077,AL-001484,CSE-14,2026-09-15T00:56:00,2026-09-15T01:01:00,AN-CSE-14-02,Closed,"Investigated Phishing on AST-CSE-14-026. Pulled IOCs, reviewed 0 artefacts, contained locally. Root cause documented.",,
CS-001078,AL-001485,CSE-14,2026-09-19T12:09:00,2026-09-19T12:12:00,AN-CSE-14-03,Closed,"Investigated Phishing on AST-CSE-14-028. Pulled IOCs, reviewed 0 artefacts, contained locally. Root cause documented.",,
CS-001079,AL-001486,CSE-14,2026-09-09T14:54:00,2026-09-09T18:14:00,AN-CSE-14-05,Closed,"Investigated Policy Violation on AST-CSE-14-019. Pulled IOCs, reviewed 4 artefacts, contained locally. Root cause documented.",Policy Violation on AST-CSE-14-019,patched / blocked
CS-001080,AL-001487,CSE-14,2026-08-29T10:00:00,2026-08-29T10:05:00,AN-CSE-14-04,Closed,"Investigated Phishing on AST-CSE-14-024. Pulled IOCs, reviewed 0 artefacts, contained locally. Root cause documented.",,
CS-001081,AL-001489,CSE-14,2026-08-27T14:23:00,2026-08-27T16:52:00,AN-CSE-14-01,Closed,"Investigated Brute Force on AST-CSE-14-023. Pulled IOCs, reviewed 3 artefacts, contained locally. Root cause documented.",Brute Force on AST-CSE-14-023,patched / blocked
CS-001082,AL-001490,CSE-14,2026-08-22T18:24:00,2026-08-22T21:43:00,AN-CSE-14-02,Closed,"Investigated Lateral Movement on AST-CSE-14-006. Pulled IOCs, reviewed 9 artefacts, contained locally. Root cause documented.",Lateral Movement on AST-CSE-14-006,patched / blocked
CS-001083,AL-001494,CSE-14,2026-08-26T13:32:00,2026-08-26T13:35:00,AN-CSE-14-01,Closed,"Investigated C2 Beacon on AST-CSE-14-025. Pulled IOCs, reviewed 1 artefacts, contained locally. Root cause documented.",,
CS-001084,AL-001495,CSE-14,2026-08-31T14:56:00,2026-08-31T18:50:00,AN-CSE-14-05,Closed,"Investigated Privilege Escalation on AST-CSE-14-019. Pulled IOCs, reviewed 5 artefacts, contained locally. Root cause documented.",Privilege Escalation on AST-CSE-14-019,patched / blocked
CS-001085,AL-001497,CSE-14,2026-09-06T21:04:00,2026-09-07T00:47:00,AN-CSE-14-04,Closed,"Investigated Malware on AST-CSE-14-006. Pulled IOCs, reviewed 9 artefacts, contained locally. Root cause documented.",Malware on AST-CSE-14-006,patched / blocked
CS-001086,AL-001498,CSE-14,2026-09-15T12:12:00,2026-09-15T12:38:00,AN-CSE-14-04,Closed,"Investigated Policy Violation on AST-CSE-14-015. Pulled IOCs, reviewed 9 artefacts, contained locally. Root cause documented.",Policy Violation on AST-CSE-14-015,patched / blocked
CS-001087,AL-001500,CSE-14,2026-09-15T05:54:00,2026-09-15T06:52:00,AN-CSE-14-01,Closed,"Investigated Brute Force on AST-CSE-14-006. Pulled IOCs, reviewed 5 artefacts, contained locally. Root cause documented.",Brute Force on AST-CSE-14-006,patched / blocked
CS-001088,AL-001502,CSE-14,2026-08-24T06:29:00,2026-08-24T07:16:00,AN-CSE-14-01,Closed,"Investigated Policy Violation on AST-CSE-14-024. Pulled IOCs, reviewed 3 artefacts, contained locally. Root cause documented.",Policy Violation on AST-CSE-14-024,patched / blocked
CS-001089,AL-001503,CSE-14,2026-09-16T04:27:00,2026-09-16T06:33:00,AN-CSE-14-04,Closed,"Investigated Policy Violation on AST-CSE-14-023. Pulled IOCs, reviewed 6 artefacts, contained locally. Root cause documented.",Policy Violation on AST-CSE-14-023,patched / blocked
CS-001090,AL-001505,CSE-14,2026-08-25T13:05:00,2026-08-25T15:26:00,AN-CSE-14-02,Closed,"Investigated Privilege Escalation on AST-CSE-14-010. Pulled IOCs, reviewed 3 artefacts, contained locally. Root cause documented.",Privilege Escalation on AST-CSE-14-010,patched / blocked
CS-001091,AL-001506,CSE-14,2026-09-14T01:16:00,2026-09-14T02:56:00,AN-CSE-14-02,Closed,"Investigated Privilege Escalation on AST-CSE-14-015. Pulled IOCs, reviewed 8 artefacts, contained locally. Root cause documented.",Privilege Escalation on AST-CSE-14-015,patched / blocked
CS-001092,AL-001508,CSE-14,2026-09-01T04:08:00,2026-09-01T06:28:00,AN-CSE-14-02,Closed,"Investigated Lateral Movement on AST-CSE-14-019. Pulled IOCs, reviewed 3 artefacts, contained locally. Root cause documented.",Lateral Movement on AST-CSE-14-019,patched / blocked
CS-001093,AL-001510,CSE-14,2026-08-27T05:10:00,2026-08-27T07:03:00,AN-CSE-14-03,Closed,"Investigated Phishing on AST-CSE-14-009. Pulled IOCs, reviewed 9 artefacts, contained locally. Root cause documented.",Phishing on AST-CSE-14-009,patched / blocked
CS-001094,AL-001511,CSE-14,2026-09-20T01:38:00,2026-09-20T02:30:00,AN-CSE-14-05,Closed,"Investigated Lateral Movement on AST-CSE-14-016. Pulled IOCs, reviewed 9 artefacts, contained locally. Root cause documented.",Lateral Movement on AST-CSE-14-016,patched / blocked
CS-001095,AL-001512,CSE-14,2026-08-31T18:48:00,2026-08-31T21:40:00,AN-CSE-14-02,Closed,"Investigated Policy Violation on AST-CSE-14-011. Pulled IOCs, reviewed 7 artefacts, contained locally. Root cause documented.",Policy Violation on AST-CSE-14-011,patched / blocked
CS-001096,AL-001513,CSE-14,2026-09-13T19:09:00,2026-09-13T22:51:00,AN-CSE-14-05,Closed,"Investigated Malware on AST-CSE-14-010. Pulled IOCs, reviewed 6 artefacts, contained locally. Root cause documented.",Malware on AST-CSE-14-010,patched / blocked
CS-001097,AL-001514,CSE-14,2026-09-14T07:42:00,2026-09-14T10:46:00,AN-CSE-14-01,Closed,"Investigated Malware on AST-CSE-14-023. Pulled IOCs, reviewed 9 artefacts, contained locally. Root cause documented.",Malware on AST-CSE-14-023,patched / blocked
CS-001098,AL-001515,CSE-14,2026-08-22T07:32:00,2026-08-22T10:24:00,AN-CSE-14-04,Closed,"Investigated Privilege Escalation on AST-CSE-14-003. Pulled IOCs, reviewed 6 artefacts, contained locally. Root cause documented.",Privilege Escalation on AST-CSE-14-003,patched / blocked
CS-001099,AL-001516,CSE-14,2026-09-13T13:22:00,2026-09-13T16:12:00,AN-CSE-14-04,Closed,"Investigated Exfiltration on AST-CSE-14-004. Pulled IOCs, reviewed 4 artefacts, contained locally. Root cause documented.",Exfiltration on AST-CSE-14-004,patched / blocked
CS-001100,AL-001517,CSE-14,2026-09-09T18:30:00,2026-09-09T20:21:00,AN-CSE-14-03,Escalated,"Investigated Phishing on AST-CSE-14-001. Pulled IOCs, reviewed 7 artefacts, escalated to IR. Root cause documented.",Phishing on AST-CSE-14-001,patched / blocked
CS-001101,AL-001519,CSE-14,2026-08-28T13:52:00,2026-08-28T14:24:00,AN-CSE-14-04,Escalated,"Investigated Suspicious Login on AST-CSE-14-002. Pulled IOCs, reviewed 4 artefacts, escalated to IR. Root cause documented.",Suspicious Login on AST-CSE-14-002,patched / blocked
CS-001102,AL-001520,CSE-14,2026-09-13T09:12:00,2026-09-13T10:58:00,AN-CSE-14-03,Closed,"Investigated Brute Force on AST-CSE-14-017. Pulled IOCs, reviewed 3 artefacts, contained locally. Root cause documented.",Brute Force on AST-CSE-14-017,patched / blocked
CS-001103,AL-001521,CSE-14,2026-09-03T10:27:00,2026-09-03T12:28:00,AN-CSE-14-04,Closed,"Investigated Phishing on AST-CSE-14-011. Pulled IOCs, reviewed 8 artefacts, contained locally. Root cause documented.",Phishing on AST-CSE-14-011,patched / blocked
CS-001104,AL-001523,CSE-14,2026-08-24T13:46:00,2026-08-24T14:57:00,AN-CSE-14-04,Escalated,"Investigated Malware on AST-CSE-14-018. Pulled IOCs, reviewed 9 artefacts, escalated to IR. Root cause documented.",Malware on AST-CSE-14-018,patched / blocked
CS-001105,AL-001524,CSE-14,2026-09-09T23:12:00,2026-09-10T02:47:00,AN-CSE-14-04,Closed,"Investigated Brute Force on AST-CSE-14-005. Pulled IOCs, reviewed 5 artefacts, contained locally. Root cause documented.",Brute Force on AST-CSE-14-005,patched / blocked
CS-001106,AL-001525,CSE-14,2026-09-19T05:23:00,2026-09-19T08:12:00,AN-CSE-14-01,Closed,"Investigated C2 Beacon on AST-CSE-14-001. Pulled IOCs, reviewed 6 artefacts, contained locally. Root cause documented.",C2 Beacon on AST-CSE-14-001,patched / blocked
CS-001107,AL-001526,CSE-14,2026-09-08T19:03:00,2026-09-08T20:01:00,AN-CSE-14-02,Closed,"Investigated Phishing on AST-CSE-14-012. Pulled IOCs, reviewed 7 artefacts, contained locally. Root cause documented.",Phishing on AST-CSE-14-012,patched / blocked
CS-001108,AL-001528,CSE-14,2026-08-23T03:35:00,2026-08-23T03:44:00,AN-CSE-14-01,Closed,"Investigated Privilege Escalation on AST-CSE-14-009. Pulled IOCs, reviewed 0 artefacts, contained locally. Root cause documented.",,
CS-001109,AL-001529,CSE-14,2026-08-29T19:11:00,2026-08-29T19:59:00,AN-CSE-14-04,Closed,"Investigated Data Access Anomaly on AST-CSE-14-015. Pulled IOCs, reviewed 3 artefacts, contained locally. Root cause documented.",Data Access Anomaly on AST-CSE-14-015,patched / blocked
CS-001110,AL-001532,CSE-14,2026-09-20T03:00:00,2026-09-20T03:07:00,AN-CSE-14-02,Closed,"Investigated Exfiltration on AST-CSE-14-027. Pulled IOCs, reviewed 0 artefacts, contained locally. Root cause documented.",,
CS-001111,AL-001534,CSE-14,2026-09-17T11:06:00,2026-09-17T11:08:00,AN-CSE-14-01,Closed,"Investigated Lateral Movement on AST-CSE-14-010. Pulled IOCs, reviewed 1 artefacts, contained locally. Root cause documented.",,
CS-001112,AL-001535,CSE-14,2026-08-27T17:50:00,2026-08-27T19:05:00,AN-CSE-14-01,Closed,"Investigated Exfiltration on AST-CSE-14-001. Pulled IOCs, reviewed 8 artefacts, contained locally. Root cause documented.",Exfiltration on AST-CSE-14-001,patched / blocked
CS-001113,AL-001536,CSE-14,2026-09-06T15:59:00,2026-09-06T16:02:00,AN-CSE-14-03,Closed,"Investigated Privilege Escalation on AST-CSE-14-014. Pulled IOCs, reviewed 1 artefacts, contained locally. Root cause documented.",,
CS-001114,AL-001537,CSE-14,2026-08-22T05:53:00,2026-08-22T08:14:00,AN-CSE-14-01,Closed,"Investigated Exfiltration on AST-CSE-14-005. Pulled IOCs, reviewed 4 artefacts, contained locally. Root cause documented.",Exfiltration on AST-CSE-14-005,patched / blocked
CS-001115,AL-001539,CSE-14,2026-09-16T05:56:00,2026-09-16T06:23:00,AN-CSE-14-04,Closed,"Investigated Phishing on AST-CSE-14-016. Pulled IOCs, reviewed 3 artefacts, contained locally. Root cause documented.",Phishing on AST-CSE-14-016,patched / blocked
CS-001116,AL-001541,CSE-14,2026-09-12T11:18:00,2026-09-12T11:23:00,AN-CSE-14-03,Closed,"Investigated Policy Violation on AST-CSE-14-010. Pulled IOCs, reviewed 0 artefacts, contained locally. Root cause documented.",,
CS-001117,AL-001543,CSE-14,2026-08-28T10:42:00,2026-08-28T12:36:00,AN-CSE-14-03,Closed,"Investigated Lateral Movement on AST-CSE-14-016. Pulled IOCs, reviewed 6 artefacts, contained locally. Root cause documented.",Lateral Movement on AST-CSE-14-016,patched / blocked
CS-001118,AL-001545,CSE-14,2026-09-08T00:31:00,2026-09-08T00:35:00,AN-CSE-14-03,Closed,"Investigated C2 Beacon on AST-CSE-14-012. Pulled IOCs, reviewed 1 artefacts, contained locally. Root cause documented.",,
CS-001119,AL-001547,CSE-14,2026-08-23T14:50:00,2026-08-23T18:50:00,AN-CSE-14-01,Closed,"Investigated Policy Violation on AST-CSE-14-015. Pulled IOCs, reviewed 8 artefacts, contained locally. Root cause documented.",Policy Violation on AST-CSE-14-015,patched / blocked
CS-001120,AL-001548,CSE-14,2026-08-24T12:50:00,2026-08-24T16:38:00,AN-CSE-14-05,Closed,"Investigated Privilege Escalation on AST-CSE-14-020. Pulled IOCs, reviewed 9 artefacts, contained locally. Root cause documented.",Privilege Escalation on AST-CSE-14-020,patched / blocked
CS-001121,AL-001549,CSE-14,2026-09-07T08:28:00,2026-09-07T09:09:00,AN-CSE-14-05,Closed,"Investigated C2 Beacon on AST-CSE-14-027. Pulled IOCs, reviewed 7 artefacts, contained locally. Root cause documented.",C2 Beacon on AST-CSE-14-027,patched / blocked
CS-001122,AL-001550,CSE-14,2026-09-14T12:46:00,2026-09-14T14:29:00,AN-CSE-14-03,Closed,"Investigated Suspicious Login on AST-CSE-14-009. Pulled IOCs, reviewed 8 artefacts, contained locally. Root cause documented.",Suspicious Login on AST-CSE-14-009,patched / blocked
CS-001123,AL-001551,CSE-14,2026-08-24T23:46:00,2026-08-25T01:50:00,AN-CSE-14-05,Closed,"Investigated C2 Beacon on AST-CSE-14-018. Pulled IOCs, reviewed 8 artefacts, contained locally. Root cause documented.",C2 Beacon on AST-CSE-14-018,patched / blocked
CS-001124,AL-001552,CSE-14,2026-08-29T05:15:00,2026-08-29T05:18:00,AN-CSE-14-01,Closed,"Investigated Policy Violation on AST-CSE-14-008. Pulled IOCs, reviewed 1 artefacts, contained locally. Root cause documented.",,
CS-001125,AL-001554,CSE-14,2026-09-20T02:53:00,2026-09-20T03:26:00,AN-CSE-14-02,Escalated,"Investigated Lateral Movement on AST-CSE-14-004. Pulled IOCs, reviewed 3 artefacts, escalated to IR. Root cause documented.",Lateral Movement on AST-CSE-14-004,patched / blocked
CS-001126,AL-001555,CSE-14,2026-08-30T00:00:00,2026-08-30T01:59:00,AN-CSE-14-05,Closed,"Investigated C2 Beacon on AST-CSE-14-004. Pulled IOCs, reviewed 5 artefacts, contained locally. Root cause documented.",C2 Beacon on AST-CSE-14-004,patched / blocked
CS-001127,AL-001556,CSE-14,2026-08-21T20:20:00,2026-08-21T23:33:00,AN-CSE-14-05,Closed,"Investigated C2 Beacon on AST-CSE-14-010. Pulled IOCs, reviewed 6 artefacts, contained locally. Root cause documented.",C2 Beacon on AST-CSE-14-010,patched / blocked
CS-001128,AL-001557,CSE-14,2026-09-11T13:30:00,2026-09-11T17:07:00,AN-CSE-14-04,Closed,"Investigated Privilege Escalation on AST-CSE-14-016. Pulled IOCs, reviewed 3 artefacts, contained locally. Root cause documented.",Privilege Escalation on AST-CSE-14-016,patched / blocked
CS-001129,AL-001558,CSE-14,2026-09-08T14:29:00,2026-09-08T16:53:00,AN-CSE-14-01,Closed,"Investigated Data Access Anomaly on AST-CSE-14-023. Pulled IOCs, reviewed 9 artefacts, contained locally. Root cause documented.",Data Access Anomaly on AST-CSE-14-023,patched / blocked
CS-001130,AL-001559,CSE-14,2026-09-18T04:14:00,2026-09-18T07:45:00,AN-CSE-14-01,Closed,"Investigated Exfiltration on AST-CSE-14-016. Pulled IOCs, reviewed 5 artefacts, contained locally. Root cause documented.",Exfiltration on AST-CSE-14-016,patched / blocked
CS-001131,AL-001560,CSE-14,2026-09-10T18:11:00,2026-09-10T20:11:00,AN-CSE-14-04,Escalated,"Investigated Policy Violation on AST-CSE-14-020. Pulled IOCs, reviewed 3 artefacts, escalated to IR. Root cause documented.",Policy Violation on AST-CSE-14-020,patched / blocked
CS-001132,AL-001561,CSE-14,2026-08-27T11:01:00,2026-08-27T13:29:00,AN-CSE-14-05,Closed,"Investigated Data Access Anomaly on AST-CSE-14-005. Pulled IOCs, reviewed 4 artefacts, contained locally. Root cause documented.",Data Access Anomaly on AST-CSE-14-005,patched / blocked
CS-001133,AL-001564,CSE-14,2026-09-05T05:00:00,2026-09-05T05:04:00,AN-CSE-14-04,Closed,"Investigated Phishing on AST-CSE-14-005. Pulled IOCs, reviewed 1 artefacts, contained locally. Root cause documented.",,
CS-001134,AL-001567,CSE-14,2026-08-22T13:37:00,2026-08-22T15:58:00,AN-CSE-14-05,Closed,"Investigated Malware on AST-CSE-14-014. Pulled IOCs, reviewed 3 artefacts, contained locally. Root cause documented.",Malware on AST-CSE-14-014,patched / blocked
CS-001135,AL-001568,CSE-14,2026-09-18T09:55:00,2026-09-18T13:05:00,AN-CSE-14-03,Closed,"Investigated Suspicious Login on AST-CSE-14-014. Pulled IOCs, reviewed 5 artefacts, contained locally. Root cause documented.",Suspicious Login on AST-CSE-14-014,patched / blocked
CS-001136,AL-001570,CSE-14,2026-09-03T00:25:00,2026-09-03T04:07:00,AN-CSE-14-03,Closed,"Investigated Policy Violation on AST-CSE-14-007. Pulled IOCs, reviewed 8 artefacts, contained locally. Root cause documented.",Policy Violation on AST-CSE-14-007,patched / blocked
CS-001137,AL-001571,CSE-14,2026-09-19T04:48:00,2026-09-19T06:43:00,AN-CSE-14-02,Closed,"Investigated C2 Beacon on AST-CSE-14-019. Pulled IOCs, reviewed 3 artefacts, contained locally. Root cause documented.",C2 Beacon on AST-CSE-14-019,patched / blocked
CS-001138,AL-001572,CSE-14,2026-09-16T19:18:00,2026-09-16T19:40:00,AN-CSE-14-03,Closed,"Investigated Suspicious Login on AST-CSE-14-002. Pulled IOCs, reviewed 5 artefacts, contained locally. Root cause documented.",Suspicious Login on AST-CSE-14-002,patched / blocked
CS-001139,AL-001573,CSE-14,2026-08-26T05:48:00,2026-08-26T07:02:00,AN-CSE-14-04,Closed,"Investigated Lateral Movement on AST-CSE-14-011. Pulled IOCs, reviewed 3 artefacts, contained locally. Root cause documented.",Lateral Movement on AST-CSE-14-011,patched / blocked
CS-001140,AL-001574,CSE-14,2026-09-03T09:51:00,2026-09-03T10:48:00,AN-CSE-14-02,Closed,"Investigated Suspicious Login on AST-CSE-14-013. Pulled IOCs, reviewed 9 artefacts, contained locally. Root cause documented.",Suspicious Login on AST-CSE-14-013,patched / blocked
CS-001141,AL-001576,CSE-14,2026-09-07T10:12:00,2026-09-07T11:54:00,AN-CSE-14-04,Closed,"Investigated Lateral Movement on AST-CSE-14-012. Pulled IOCs, reviewed 9 artefacts, contained locally. Root cause documented.",Lateral Movement on AST-CSE-14-012,patched / blocked
CS-001142,AL-001577,CSE-14,2026-08-22T00:35:00,2026-08-22T01:52:00,AN-CSE-14-04,Closed,"Investigated Lateral Movement on AST-CSE-14-001. Pulled IOCs, reviewed 8 artefacts, contained locally. Root cause documented.",Lateral Movement on AST-CSE-14-001,patched / blocked
CS-001143,AL-001578,CSE-14,2026-09-03T22:19:00,2026-09-04T00:52:00,AN-CSE-14-02,Closed,"Investigated Data Access Anomaly on AST-CSE-14-016. Pulled IOCs, reviewed 5 artefacts, contained locally. Root cause documented.",Data Access Anomaly on AST-CSE-14-016,patched / blocked
CS-001144,AL-001580,CSE-14,2026-09-11T21:19:00,2026-09-11T23:56:00,AN-CSE-14-03,Closed,"Investigated Privilege Escalation on AST-CSE-14-002. Pulled IOCs, reviewed 7 artefacts, contained locally. Root cause documented.",Privilege Escalation on AST-CSE-14-002,patched / blocked
CS-001145,AL-001582,CSE-14,2026-09-10T09:16:00,2026-09-10T09:19:00,AN-CSE-14-04,Closed,"Investigated Data Access Anomaly on AST-CSE-14-026. Pulled IOCs, reviewed 1 artefacts, contained locally. Root cause documented.",,
CS-001146,AL-001586,CSE-14,2026-08-25T21:23:00,2026-08-26T00:48:00,AN-CSE-14-05,Closed,"Investigated Suspicious Login on AST-CSE-14-018. Pulled IOCs, reviewed 8 artefacts, contained locally. Root cause documented.",Suspicious Login on AST-CSE-14-018,patched / blocked
CS-001147,AL-001587,CSE-14,2026-08-25T15:07:00,2026-08-25T18:07:00,AN-CSE-14-03,Closed,"Investigated Lateral Movement on AST-CSE-14-021. Pulled IOCs, reviewed 9 artefacts, contained locally. Root cause documented.",Lateral Movement on AST-CSE-14-021,patched / blocked
CS-001148,AL-001588,CSE-14,2026-08-29T03:01:00,2026-08-29T04:48:00,AN-CSE-14-05,Closed,"Investigated Lateral Movement on AST-CSE-14-012. Pulled IOCs, reviewed 4 artefacts, contained locally. Root cause documented.",Lateral Movement on AST-CSE-14-012,patched / blocked
CS-001149,AL-001589,CSE-14,2026-09-07T18:35:00,2026-09-07T19:55:00,AN-CSE-14-01,Closed,"Investigated Phishing on AST-CSE-14-020. Pulled IOCs, reviewed 6 artefacts, contained locally. Root cause documented.",Phishing on AST-CSE-14-020,patched / blocked
CS-001150,AL-001590,CSE-14,2026-09-03T17:34:00,2026-09-03T19:43:00,AN-CSE-14-02,Closed,"Investigated Data Access Anomaly on AST-CSE-14-018. Pulled IOCs, reviewed 8 artefacts, contained locally. Root cause documented.",Data Access Anomaly on AST-CSE-14-018,patched / blocked
CS-001151,AL-001591,CSE-14,2026-09-08T01:53:00,2026-09-08T03:45:00,AN-CSE-14-02,Closed,"Investigated Phishing on AST-CSE-14-020. Pulled IOCs, reviewed 9 artefacts, contained locally. Root cause documented.",Phishing on AST-CSE-14-020,patched / blocked
CS-001152,AL-001592,CSE-14,2026-09-02T18:43:00,2026-09-02T22:13:00,AN-CSE-14-02,Closed,"Investigated Phishing on AST-CSE-14-002. Pulled IOCs, reviewed 8 artefacts, contained locally. Root cause documented.",Phishing on AST-CSE-14-002,patched / blocked
CS-001153,AL-001593,CSE-14,2026-09-02T11:00:00,2026-09-02T13:59:00,AN-CSE-14-01,Closed,"Investigated Malware on AST-CSE-14-007. Pulled IOCs, reviewed 8 artefacts, contained locally. Root cause documented.",Malware on AST-CSE-14-007,patched / blocked
CS-001154,AL-001594,CSE-14,2026-09-12T16:22:00,2026-09-12T16:29:00,AN-CSE-14-05,Closed,"Investigated C2 Beacon on AST-CSE-14-010. Pulled IOCs, reviewed 0 artefacts, contained locally. Root cause documented.",,
CS-001155,AL-001595,CSE-14,2026-09-10T04:50:00,2026-09-10T07:47:00,AN-CSE-14-04,Closed,"Investigated Malware on AST-CSE-14-005. Pulled IOCs, reviewed 3 artefacts, contained locally. Root cause documented.",Malware on AST-CSE-14-005,patched / blocked
CS-001156,AL-001596,CSE-14,2026-09-11T20:53:00,2026-09-11T22:57:00,AN-CSE-14-01,Closed,"Investigated Data Access Anomaly on AST-CSE-14-003. Pulled IOCs, reviewed 4 artefacts, contained locally. Root cause documented.",Data Access Anomaly on AST-CSE-14-003,patched / blocked
CS-001157,AL-001598,CSE-14,2026-09-06T05:46:00,2026-09-06T07:50:00,AN-CSE-14-01,Closed,"Investigated Data Access Anomaly on AST-CSE-14-028. Pulled IOCs, reviewed 8 artefacts, contained locally. Root cause documented.",Data Access Anomaly on AST-CSE-14-028,patched / blocked
CS-001158,AL-001599,CSE-14,2026-09-07T16:12:00,2026-09-07T19:47:00,AN-CSE-14-04,Closed,"Investigated Brute Force on AST-CSE-14-015. Pulled IOCs, reviewed 5 artefacts, contained locally. Root cause documented.",Brute Force on AST-CSE-14-015,patched / blocked
CS-001159,AL-001600,CSE-14,2026-08-22T19:39:00,2026-08-22T22:08:00,AN-CSE-14-03,Closed,"Investigated Policy Violation on AST-CSE-14-022. Pulled IOCs, reviewed 7 artefacts, contained locally. Root cause documented.",Policy Violation on AST-CSE-14-022,patched / blocked
CS-001160,AL-001601,CSE-14,2026-09-09T07:15:00,2026-09-09T10:33:00,AN-CSE-14-01,Closed,"Investigated Policy Violation on AST-CSE-14-027. Pulled IOCs, reviewed 8 artefacts, contained locally. Root cause documented.",Policy Violation on AST-CSE-14-027,patched / blocked
CS-001161,AL-001602,CSE-14,2026-09-10T00:35:00,2026-09-10T02:04:00,AN-CSE-14-03,Closed,"Investigated C2 Beacon on AST-CSE-14-006. Pulled IOCs, reviewed 4 artefacts, contained locally. Root cause documented.",C2 Beacon on AST-CSE-14-006,patched / blocked
CS-001162,AL-001603,CSE-14,2026-08-29T17:45:00,2026-08-29T21:29:00,AN-CSE-14-01,Closed,"Investigated Policy Violation on AST-CSE-14-020. Pulled IOCs, reviewed 3 artefacts, contained locally. Root cause documented.",Policy Violation on AST-CSE-14-020,patched / blocked
CS-001163,AL-001604,CSE-14,2026-09-19T20:33:00,2026-09-19T21:15:00,AN-CSE-14-04,Closed,"Investigated Privilege Escalation on AST-CSE-14-019. Pulled IOCs, reviewed 6 artefacts, contained locally. Root cause documented.",Privilege Escalation on AST-CSE-14-019,patched / blocked
CS-001164,AL-001607,CSE-14,2026-09-03T10:44:00,2026-09-03T12:09:00,AN-CSE-14-01,Closed,"Investigated Phishing on AST-CSE-14-006. Pulled IOCs, reviewed 6 artefacts, contained locally. Root cause documented.",Phishing on AST-CSE-14-006,patched / blocked
CS-001165,AL-001608,CSE-14,2026-09-12T06:46:00,2026-09-12T09:19:00,AN-CSE-14-04,Closed,"Investigated Brute Force on AST-CSE-14-010. Pulled IOCs, reviewed 3 artefacts, contained locally. Root cause documented.",Brute Force on AST-CSE-14-010,patched / blocked
CS-001166,AL-001609,CSE-14,2026-09-01T15:10:00,2026-09-01T17:30:00,AN-CSE-14-02,Closed,"Investigated Phishing on AST-CSE-14-028. Pulled IOCs, reviewed 6 artefacts, contained locally. Root cause documented.",Phishing on AST-CSE-14-028,patched / blocked
CS-001167,AL-001610,CSE-14,2026-09-13T16:15:00,2026-09-13T17:00:00,AN-CSE-14-01,Closed,"Investigated Malware on AST-CSE-14-008. Pulled IOCs, reviewed 5 artefacts, contained locally. Root cause documented.",Malware on AST-CSE-14-008,patched / blocked
CS-001168,AL-001611,CSE-14,2026-09-03T00:14:00,2026-09-03T01:21:00,AN-CSE-14-02,Closed,"Investigated Phishing on AST-CSE-14-018. Pulled IOCs, reviewed 4 artefacts, contained locally. Root cause documented.",Phishing on AST-CSE-14-018,patched / blocked
CS-001169,AL-001612,CSE-14,2026-09-04T11:28:00,2026-09-04T13:28:00,AN-CSE-14-05,Closed,"Investigated Brute Force on AST-CSE-14-011. Pulled IOCs, reviewed 4 artefacts, contained locally. Root cause documented.",Brute Force on AST-CSE-14-011,patched / blocked
CS-001170,AL-001613,CSE-14,2026-09-16T04:05:00,2026-09-16T04:11:00,AN-CSE-14-05,Closed,"Investigated Policy Violation on AST-CSE-14-002. Pulled IOCs, reviewed 1 artefacts, contained locally. Root cause documented.",,
CS-001171,AL-001614,CSE-14,2026-09-16T13:45:00,2026-09-16T13:47:00,AN-CSE-14-02,Closed,"Investigated Policy Violation on AST-CSE-14-008. Pulled IOCs, reviewed 0 artefacts, contained locally. Root cause documented.",,
CS-001172,AL-001615,CSE-14,2026-09-05T19:09:00,2026-09-05T19:17:00,AN-CSE-14-04,Closed,"Investigated Brute Force on AST-CSE-14-013. Pulled IOCs, reviewed 1 artefacts, contained locally. Root cause documented.",,
CS-001173,AL-001616,CSE-14,2026-09-04T00:10:00,2026-09-04T04:04:00,AN-CSE-14-05,Closed,"Investigated Policy Violation on AST-CSE-14-017. Pulled IOCs, reviewed 8 artefacts, contained locally. Root cause documented.",Policy Violation on AST-CSE-14-017,patched / blocked
CS-001174,AL-001617,CSE-14,2026-09-07T06:28:00,2026-09-07T06:57:00,AN-CSE-14-04,Closed,"Investigated Exfiltration on AST-CSE-14-025. Pulled IOCs, reviewed 4 artefacts, contained locally. Root cause documented.",Exfiltration on AST-CSE-14-025,patched / blocked
CS-001175,AL-001618,CSE-14,2026-09-16T16:03:00,2026-09-16T17:39:00,AN-CSE-14-04,Closed,"Investigated Privilege Escalation on AST-CSE-14-020. Pulled IOCs, reviewed 5 artefacts, contained locally. Root cause documented.",Privilege Escalation on AST-CSE-14-020,patched / blocked
CS-001176,AL-001620,CSE-14,2026-09-16T11:03:00,2026-09-16T12:27:00,AN-CSE-14-02,Closed,"Investigated Exfiltration on AST-CSE-14-005. Pulled IOCs, reviewed 6 artefacts, contained locally. Root cause documented.",Exfiltration on AST-CSE-14-005,patched / blocked
CS-001177,AL-001623,CSE-14,2026-09-02T20:58:00,2026-09-02T22:42:00,AN-CSE-14-04,Closed,"Investigated Privilege Escalation on AST-CSE-14-010. Pulled IOCs, reviewed 4 artefacts, contained locally. Root cause documented.",Privilege Escalation on AST-CSE-14-010,patched / blocked
CS-001178,AL-001624,CSE-14,2026-09-17T07:13:00,2026-09-17T07:34:00,AN-CSE-14-05,Escalated,"Investigated Brute Force on AST-CSE-14-017. Pulled IOCs, reviewed 7 artefacts, escalated to IR. Root cause documented.",Brute Force on AST-CSE-14-017,patched / blocked
CS-001179,AL-001625,CSE-14,2026-09-08T01:09:00,2026-09-08T04:03:00,AN-CSE-14-05,Escalated,"Investigated Privilege Escalation on AST-CSE-14-017. Pulled IOCs, reviewed 5 artefacts, escalated to IR. Root cause documented.",Privilege Escalation on AST-CSE-14-017,patched / blocked
CS-001180,AL-001630,CSE-14,2026-08-23T07:33:00,2026-08-23T08:46:00,AN-CSE-14-05,Closed,"Investigated C2 Beacon on AST-CSE-14-007. Pulled IOCs, reviewed 3 artefacts, contained locally. Root cause documented.",C2 Beacon on AST-CSE-14-007,patched / blocked
CS-001181,AL-001631,CSE-14,2026-09-05T09:46:00,2026-09-05T10:48:00,AN-CSE-14-04,Closed,"Investigated Malware on AST-CSE-14-006. Pulled IOCs, reviewed 8 artefacts, contained locally. Root cause documented.",Malware on AST-CSE-14-006,patched / blocked
CS-001182,AL-001634,CSE-14,2026-09-19T22:30:00,2026-09-20T00:55:00,AN-CSE-14-03,Closed,"Investigated Lateral Movement on AST-CSE-14-025. Pulled IOCs, reviewed 5 artefacts, contained locally. Root cause documented.",Lateral Movement on AST-CSE-14-025,patched / blocked
CS-001183,AL-001635,CSE-14,2026-09-02T02:09:00,2026-09-02T03:01:00,AN-CSE-14-03,Escalated,"Investigated C2 Beacon on AST-CSE-14-024. Pulled IOCs, reviewed 7 artefacts, escalated to IR. Root cause documented.",C2 Beacon on AST-CSE-14-024,patched / blocked
CS-001184,AL-001637,CSE-14,2026-09-06T17:39:00,2026-09-06T18:40:00,AN-CSE-14-03,Closed,"Investigated C2 Beacon on AST-CSE-14-012. Pulled IOCs, reviewed 7 artefacts, contained locally. Root cause documented.",C2 Beacon on AST-CSE-14-012,patched / blocked
CS-001185,AL-001638,CSE-14,2026-08-22T10:33:00,2026-08-22T11:32:00,AN-CSE-14-04,Closed,"Investigated Phishing on AST-CSE-14-022. Pulled IOCs, reviewed 6 artefacts, contained locally. Root cause documented.",Phishing on AST-CSE-14-022,patched / blocked
CS-001186,AL-001642,CSE-14,2026-08-21T13:19:00,2026-08-21T13:39:00,AN-CSE-14-02,Closed,"Investigated Policy Violation on AST-CSE-14-014. Pulled IOCs, reviewed 6 artefacts, contained locally. Root cause documented.",Policy Violation on AST-CSE-14-014,patched / blocked
CS-001187,AL-001643,CSE-14,2026-08-25T00:17:00,2026-08-25T00:59:00,AN-CSE-14-03,Closed,"Investigated Brute Force on AST-CSE-14-002. Pulled IOCs, reviewed 3 artefacts, contained locally. Root cause documented.",Brute Force on AST-CSE-14-002,patched / blocked
CS-001188,AL-001644,CSE-14,2026-09-02T09:58:00,2026-09-02T11:02:00,AN-CSE-14-05,Closed,"Investigated Privilege Escalation on AST-CSE-14-010. Pulled IOCs, reviewed 9 artefacts, contained locally. Root cause documented.",Privilege Escalation on AST-CSE-14-010,patched / blocked
CS-001189,AL-001645,CSE-14,2026-09-02T02:21:00,2026-09-02T05:12:00,AN-CSE-14-05,Closed,"Investigated Policy Violation on AST-CSE-14-013. Pulled IOCs, reviewed 5 artefacts, contained locally. Root cause documented.",Policy Violation on AST-CSE-14-013,patched / blocked
CS-001190,AL-001647,CSE-14,2026-09-09T14:50:00,2026-09-09T16:41:00,AN-CSE-14-04,Closed,"Investigated Malware on AST-CSE-14-010. Pulled IOCs, reviewed 7 artefacts, contained locally. Root cause documented.",Malware on AST-CSE-14-010,patched / blocked
CS-001191,AL-001648,CSE-14,2026-08-22T04:10:00,2026-08-22T05:23:00,AN-CSE-14-03,Closed,"Investigated C2 Beacon on AST-CSE-14-010. Pulled IOCs, reviewed 4 artefacts, contained locally. Root cause documented.",C2 Beacon on AST-CSE-14-010,patched / blocked
CS-001192,AL-001649,CSE-14,2026-09-18T17:04:00,2026-09-18T19:13:00,AN-CSE-14-01,Escalated,"Investigated Brute Force on AST-CSE-14-005. Pulled IOCs, reviewed 4 artefacts, escalated to IR. Root cause documented.",Brute Force on AST-CSE-14-005,patched / blocked
CS-001193,AL-001650,CSE-14,2026-08-29T01:23:00,2026-08-29T03:34:00,AN-CSE-14-02,Closed,"Investigated Exfiltration on AST-CSE-14-003. Pulled IOCs, reviewed 6 artefacts, contained locally. Root cause documented.",Exfiltration on AST-CSE-14-003,patched / blocked
CS-001194,AL-001651,CSE-14,2026-09-10T13:47:00,2026-09-10T15:40:00,AN-CSE-14-04,Closed,"Investigated Suspicious Login on AST-CSE-14-021. Pulled IOCs, reviewed 4 artefacts, contained locally. Root cause documented.",Suspicious Login on AST-CSE-14-021,patched / blocked
CS-001195,AL-001652,CSE-14,2026-09-19T03:36:00,2026-09-19T03:45:00,AN-CSE-14-02,Closed,"Investigated Privilege Escalation on AST-CSE-14-007. Pulled IOCs, reviewed 1 artefacts, contained locally. Root cause documented.",,
CS-001196,AL-001654,CSE-14,2026-09-15T03:34:00,2026-09-15T05:19:00,AN-CSE-14-01,Closed,"Investigated Malware on AST-CSE-14-006. Pulled IOCs, reviewed 4 artefacts, contained locally. Root cause documented.",Malware on AST-CSE-14-006,patched / blocked
CS-001197,AL-001655,CSE-14,2026-09-05T03:02:00,2026-09-05T05:08:00,AN-CSE-14-02,Closed,"Investigated Lateral Movement on AST-CSE-14-005. Pulled IOCs, reviewed 3 artefacts, contained locally. Root cause documented.",Lateral Movement on AST-CSE-14-005,patched / blocked
CS-001198,AL-001658,CSE-14,2026-08-26T12:09:00,2026-08-26T14:55:00,AN-CSE-14-01,Closed,"Investigated Data Access Anomaly on AST-CSE-14-020. Pulled IOCs, reviewed 7 artefacts, contained locally. Root cause documented.",Data Access Anomaly on AST-CSE-14-020,patched / blocked
CS-001199,AL-001659,CSE-14,2026-09-10T11:34:00,2026-09-10T11:37:00,AN-CSE-14-05,Closed,"Investigated Policy Violation on AST-CSE-14-018. Pulled IOCs, reviewed 1 artefacts, contained locally. Root cause documented.",,
CS-001200,AL-001660,CSE-14,2026-08-21T16:24:00,2026-08-21T20:17:00,AN-CSE-14-02,Closed,"Investigated C2 Beacon on AST-CSE-14-027. Pulled IOCs, reviewed 7 artefacts, contained locally. Root cause documented.",C2 Beacon on AST-CSE-14-027,patched / blocked
CS-001201,AL-001661,CSE-14,2026-08-31T10:08:00,2026-08-31T12:56:00,AN-CSE-14-02,Closed,"Investigated Exfiltration on AST-CSE-14-015. Pulled IOCs, reviewed 5 artefacts, contained locally. Root cause documented.",Exfiltration on AST-CSE-14-015,patched / blocked
CS-001202,AL-001662,CSE-14,2026-09-19T04:08:00,2026-09-19T04:28:00,AN-CSE-14-04,Closed,"Investigated Malware on AST-CSE-14-009. Pulled IOCs, reviewed 6 artefacts, contained locally. Root cause documented.",Malware on AST-CSE-14-009,patched / blocked
CS-001203,AL-001664,CSE-14,2026-08-30T10:29:00,2026-08-30T13:38:00,AN-CSE-14-05,Closed,"Investigated Exfiltration on AST-CSE-14-026. Pulled IOCs, reviewed 7 artefacts, contained locally. Root cause documented.",Exfiltration on AST-CSE-14-026,patched / blocked
CS-001204,AL-001665,CSE-14,2026-08-21T23:25:00,2026-08-22T02:32:00,AN-CSE-14-03,Closed,"Investigated Phishing on AST-CSE-14-025. Pulled IOCs, reviewed 4 artefacts, contained locally. Root cause documented.",Phishing on AST-CSE-14-025,patched / blocked
CS-001205,AL-001666,CSE-14,2026-08-31T04:30:00,2026-08-31T05:51:00,AN-CSE-14-01,Escalated,"Investigated C2 Beacon on AST-CSE-14-022. Pulled IOCs, reviewed 4 artefacts, escalated to IR. Root cause documented.",C2 Beacon on AST-CSE-14-022,patched / blocked
CS-001206,AL-001667,CSE-14,2026-08-22T22:47:00,2026-08-23T02:22:00,AN-CSE-14-02,Closed,"Investigated Exfiltration on AST-CSE-14-022. Pulled IOCs, reviewed 5 artefacts, contained locally. Root cause documented.",Exfiltration on AST-CSE-14-022,patched / blocked
CS-001207,AL-001668,CSE-14,2026-09-18T07:05:00,2026-09-18T07:25:00,AN-CSE-14-01,Closed,"Investigated Suspicious Login on AST-CSE-14-018. Pulled IOCs, reviewed 4 artefacts, contained locally. Root cause documented.",Suspicious Login on AST-CSE-14-018,patched / blocked
CS-001208,AL-001670,CSE-14,2026-08-29T16:43:00,2026-08-29T17:21:00,AN-CSE-14-01,Closed,"Investigated Suspicious Login on AST-CSE-14-015. Pulled IOCs, reviewed 5 artefacts, contained locally. Root cause documented.",Suspicious Login on AST-CSE-14-015,patched / blocked
CS-001209,AL-001671,CSE-14,2026-09-11T12:59:00,2026-09-11T16:42:00,AN-CSE-14-05,Closed,"Investigated Lateral Movement on AST-CSE-14-013. Pulled IOCs, reviewed 9 artefacts, contained locally. Root cause documented.",Lateral Movement on AST-CSE-14-013,patched / blocked
CS-001210,AL-001672,CSE-14,2026-09-14T19:08:00,2026-09-14T22:04:00,AN-CSE-14-05,Closed,"Investigated Brute Force on AST-CSE-14-003. Pulled IOCs, reviewed 5 artefacts, contained locally. Root cause documented.",Brute Force on AST-CSE-14-003,patched / blocked
CS-001211,AL-001673,CSE-14,2026-09-07T08:09:00,2026-09-07T10:12:00,AN-CSE-14-05,Closed,"Investigated C2 Beacon on AST-CSE-14-011. Pulled IOCs, reviewed 4 artefacts, contained locally. Root cause documented.",C2 Beacon on AST-CSE-14-011,patched / blocked
CS-001212,AL-001675,CSE-14,2026-09-05T23:40:00,2026-09-06T00:10:00,AN-CSE-14-03,Closed,"Investigated Policy Violation on AST-CSE-14-025. Pulled IOCs, reviewed 3 artefacts, contained locally. Root cause documented.",Policy Violation on AST-CSE-14-025,patched / blocked
CS-001213,AL-001676,CSE-14,2026-09-19T14:01:00,2026-09-19T16:07:00,AN-CSE-14-03,Closed,"Investigated Malware on AST-CSE-14-007. Pulled IOCs, reviewed 8 artefacts, contained locally. Root cause documented.",Malware on AST-CSE-14-007,patched / blocked
CS-001214,AL-001677,CSE-14,2026-08-25T08:22:00,2026-08-25T08:25:00,AN-CSE-14-05,Closed,"Investigated Policy Violation on AST-CSE-14-011. Pulled IOCs, reviewed 0 artefacts, contained locally. Root cause documented.",,
CS-001215,AL-001680,CSE-14,2026-09-16T03:39:00,2026-09-16T06:14:00,AN-CSE-14-04,Closed,"Investigated Exfiltration on AST-CSE-14-005. Pulled IOCs, reviewed 5 artefacts, contained locally. Root cause documented.",Exfiltration on AST-CSE-14-005,patched / blocked
CS-001216,AL-001681,CSE-14,2026-09-07T11:59:00,2026-09-07T15:21:00,AN-CSE-14-03,Closed,"Investigated Exfiltration on AST-CSE-14-016. Pulled IOCs, reviewed 3 artefacts, contained locally. Root cause documented.",Exfiltration on AST-CSE-14-016,patched / blocked
CS-001217,AL-001682,CSE-14,2026-09-17T00:53:00,2026-09-17T04:29:00,AN-CSE-14-01,Closed,"Investigated Data Access Anomaly on AST-CSE-14-017. Pulled IOCs, reviewed 5 artefacts, contained locally. Root cause documented.",Data Access Anomaly on AST-CSE-14-017,patched / blocked
CS-001218,AL-001686,CSE-14,2026-09-02T11:54:00,2026-09-02T13:41:00,AN-CSE-14-04,Escalated,"Investigated Brute Force on AST-CSE-14-002. Pulled IOCs, reviewed 6 artefacts, escalated to IR. Root cause documented.",Brute Force on AST-CSE-14-002,patched / blocked
CS-001219,AL-001689,CSE-14,2026-09-19T14:27:00,2026-09-19T17:53:00,AN-CSE-14-03,Closed,"Investigated Lateral Movement on AST-CSE-14-017. Pulled IOCs, reviewed 9 artefacts, contained locally. Root cause documented.",Lateral Movement on AST-CSE-14-017,patched / blocked
CS-001220,AL-001690,CSE-14,2026-09-07T05:21:00,2026-09-07T07:51:00,AN-CSE-14-04,Closed,"Investigated Suspicious Login on AST-CSE-14-016. Pulled IOCs, reviewed 5 artefacts, contained locally. Root cause documented.",Suspicious Login on AST-CSE-14-016,patched / blocked
CS-001221,AL-001693,CSE-14,2026-08-30T17:53:00,2026-08-30T18:18:00,AN-CSE-14-02,Closed,"Investigated Data Access Anomaly on AST-CSE-14-005. Pulled IOCs, reviewed 4 artefacts, contained locally. Root cause documented.",Data Access Anomaly on AST-CSE-14-005,patched / blocked
CS-001222,AL-001694,CSE-14,2026-08-29T23:52:00,2026-08-30T00:40:00,AN-CSE-14-02,Closed,"Investigated Malware on AST-CSE-14-024. Pulled IOCs, reviewed 7 artefacts, contained locally. Root cause documented.",Malware on AST-CSE-14-024,patched / blocked
CS-001223,AL-001695,CSE-14,2026-08-24T14:00:00,2026-08-24T15:12:00,AN-CSE-14-04,Closed,"Investigated Lateral Movement on AST-CSE-14-021. Pulled IOCs, reviewed 6 artefacts, contained locally. Root cause documented.",Lateral Movement on AST-CSE-14-021,patched / blocked
CS-001224,AL-001696,CSE-14,2026-09-09T22:36:00,2026-09-10T00:49:00,AN-CSE-14-05,Closed,"Investigated Phishing on AST-CSE-14-005. Pulled IOCs, reviewed 8 artefacts, contained locally. Root cause documented.",Phishing on AST-CSE-14-005,patched / blocked
CS-001225,AL-001697,CSE-14,2026-09-09T05:05:00,2026-09-09T06:30:00,AN-CSE-14-02,Closed,"Investigated Brute Force on AST-CSE-14-028. Pulled IOCs, reviewed 6 artefacts, contained locally. Root cause documented.",Brute Force on AST-CSE-14-028,patched / blocked
CS-001226,AL-001698,CSE-14,2026-09-15T10:10:00,2026-09-15T12:44:00,AN-CSE-14-01,Closed,"Investigated Malware on AST-CSE-14-009. Pulled IOCs, reviewed 5 artefacts, contained locally. Root cause documented.",Malware on AST-CSE-14-009,patched / blocked
CS-001227,AL-001700,CSE-14,2026-09-10T15:46:00,2026-09-10T17:16:00,AN-CSE-14-04,Closed,"Investigated Data Access Anomaly on AST-CSE-14-003. Pulled IOCs, reviewed 9 artefacts, contained locally. Root cause documented.",Data Access Anomaly on AST-CSE-14-003,patched / blocked
CS-001228,AL-001701,CSE-14,2026-09-12T21:03:00,2026-09-12T22:18:00,AN-CSE-14-02,Closed,"Investigated Exfiltration on AST-CSE-14-013. Pulled IOCs, reviewed 8 artefacts, contained locally. Root cause documented.",Exfiltration on AST-CSE-14-013,patched / blocked
CS-001229,AL-001705,CSE-14,2026-09-20T07:59:00,2026-09-20T11:36:00,AN-CSE-14-03,Closed,"Investigated Policy Violation on AST-CSE-14-006. Pulled IOCs, reviewed 7 artefacts, contained locally. Root cause documented.",Policy Violation on AST-CSE-14-006,patched / blocked
CS-001230,AL-001706,CSE-14,2026-09-14T06:54:00,2026-09-14T07:02:00,AN-CSE-14-03,Closed,"Investigated Privilege Escalation on AST-CSE-14-019. Pulled IOCs, reviewed 1 artefacts, contained locally. Root cause documented.",,
CS-001231,AL-001707,CSE-14,2026-08-30T23:18:00,2026-08-31T01:09:00,AN-CSE-14-05,Closed,"Investigated Exfiltration on AST-CSE-14-023. Pulled IOCs, reviewed 3 artefacts, contained locally. Root cause documented.",Exfiltration on AST-CSE-14-023,patched / blocked
CS-001232,AL-001708,CSE-14,2026-09-13T01:58:00,2026-09-13T03:14:00,AN-CSE-14-03,Closed,"Investigated Data Access Anomaly on AST-CSE-14-016. Pulled IOCs, reviewed 7 artefacts, contained locally. Root cause documented.",Data Access Anomaly on AST-CSE-14-016,patched / blocked
CS-001233,AL-001709,CSE-14,2026-09-03T11:16:00,2026-09-03T12:11:00,AN-CSE-14-01,Closed,"Investigated Lateral Movement on AST-CSE-14-016. Pulled IOCs, reviewed 4 artefacts, contained locally. Root cause documented.",Lateral Movement on AST-CSE-14-016,patched / blocked
CS-001234,AL-001711,CSE-14,2026-09-14T00:54:00,2026-09-14T03:44:00,AN-CSE-14-01,Closed,"Investigated Lateral Movement on AST-CSE-14-005. Pulled IOCs, reviewed 6 artefacts, contained locally. Root cause documented.",Lateral Movement on AST-CSE-14-005,patched / blocked
CS-001235,AL-001712,CSE-14,2026-08-23T05:55:00,2026-08-23T08:51:00,AN-CSE-14-03,Closed,"Investigated Data Access Anomaly on AST-CSE-14-009. Pulled IOCs, reviewed 3 artefacts, contained locally. Root cause documented.",Data Access Anomaly on AST-CSE-14-009,patched / blocked
CS-001236,AL-001716,CSE-14,2026-09-16T15:24:00,2026-09-16T15:29:00,AN-CSE-14-01,Closed,"Investigated Brute Force on AST-CSE-14-023. Pulled IOCs, reviewed 0 artefacts, contained locally. Root cause documented.",,
CS-001237,AL-001717,CSE-14,2026-09-18T12:49:00,2026-09-18T12:54:00,AN-CSE-14-02,Closed,"Investigated Brute Force on AST-CSE-14-027. Pulled IOCs, reviewed 0 artefacts, contained locally. Root cause documented.",,
CS-001238,AL-001718,CSE-14,2026-09-06T04:21:00,2026-09-06T05:28:00,AN-CSE-14-02,Escalated,"Investigated Policy Violation on AST-CSE-14-010. Pulled IOCs, reviewed 5 artefacts, escalated to IR. Root cause documented.",Policy Violation on AST-CSE-14-010,patched / blocked
CS-001239,AL-001719,CSE-14,2026-09-07T07:16:00,2026-09-07T08:16:00,AN-CSE-14-01,Closed,"Investigated Exfiltration on AST-CSE-14-025. Pulled IOCs, reviewed 6 artefacts, contained locally. Root cause documented.",Exfiltration on AST-CSE-14-025,patched / blocked
CS-001240,AL-001720,CSE-14,2026-09-03T06:17:00,2026-09-03T09:52:00,AN-CSE-14-04,Closed,"Investigated Brute Force on AST-CSE-14-001. Pulled IOCs, reviewed 4 artefacts, contained locally. Root cause documented.",Brute Force on AST-CSE-14-001,patched / blocked
CS-001241,AL-001723,CSE-14,2026-09-05T22:49:00,2026-09-05T22:58:00,AN-CSE-14-05,Closed,"Investigated Data Access Anomaly on AST-CSE-14-018. Pulled IOCs, reviewed 1 artefacts, contained locally. Root cause documented.",,
CS-001242,AL-001725,CSE-14,2026-09-16T13:52:00,2026-09-16T17:11:00,AN-CSE-14-01,Closed,"Investigated Phishing on AST-CSE-14-015. Pulled IOCs, reviewed 7 artefacts, contained locally. Root cause documented.",Phishing on AST-CSE-14-015,patched / blocked
CS-001243,AL-001726,CSE-14,2026-08-30T17:15:00,2026-08-30T18:21:00,AN-CSE-14-02,Closed,"Investigated Policy Violation on AST-CSE-14-018. Pulled IOCs, reviewed 7 artefacts, contained locally. Root cause documented.",Policy Violation on AST-CSE-14-018,patched / blocked
CS-001244,AL-001728,CSE-14,2026-09-03T09:44:00,2026-09-03T10:38:00,AN-CSE-14-03,Closed,"Investigated Phishing on AST-CSE-14-018. Pulled IOCs, reviewed 9 artefacts, contained locally. Root cause documented.",Phishing on AST-CSE-14-018,patched / blocked
CS-001245,AL-001729,CSE-14,2026-08-25T05:52:00,2026-08-25T06:34:00,AN-CSE-14-02,Closed,"Investigated C2 Beacon on AST-CSE-14-002. Pulled IOCs, reviewed 7 artefacts, contained locally. Root cause documented.",C2 Beacon on AST-CSE-14-002,patched / blocked
CS-001246,AL-001730,CSE-14,2026-08-27T15:26:00,2026-08-27T15:33:00,AN-CSE-14-01,Closed,"Investigated Policy Violation on AST-CSE-14-020. Pulled IOCs, reviewed 1 artefacts, contained locally. Root cause documented.",,
CS-001247,AL-001732,CSE-14,2026-09-14T12:09:00,2026-09-14T13:12:00,AN-CSE-14-05,Closed,"Investigated Malware on AST-CSE-14-001. Pulled IOCs, reviewed 6 artefacts, contained locally. Root cause documented.",Malware on AST-CSE-14-001,patched / blocked
CS-001248,AL-001733,CSE-05,2026-09-18T18:15:00,2026-09-18T18:48:00,AN-CSE-05-01,Closed,"Investigated Data Access Anomaly on AST-CSE-05-026. Pulled IOCs, reviewed 6 artefacts, contained locally. Root cause documented.",Data Access Anomaly on AST-CSE-05-026,patched / blocked
CS-001249,AL-001735,CSE-05,2026-09-18T10:43:00,2026-09-18T10:51:00,AN-CSE-05-01,Closed,"Investigated Suspicious Login on AST-CSE-05-025. Pulled IOCs, reviewed 1 artefacts, contained locally. Root cause documented.",,
CS-001250,AL-001739,CSE-05,2026-08-30T14:18:00,2026-08-30T15:18:00,AN-CSE-05-03,Closed,"Investigated Brute Force on AST-CSE-05-010. Pulled IOCs, reviewed 3 artefacts, contained locally. Root cause documented.",Brute Force on AST-CSE-05-010,patched / blocked
CS-001251,AL-001740,CSE-05,2026-08-27T19:33:00,2026-08-27T23:12:00,AN-CSE-05-02,Closed,"Investigated Brute Force on AST-CSE-05-014. Pulled IOCs, reviewed 5 artefacts, contained locally. Root cause documented.",Brute Force on AST-CSE-05-014,patched / blocked
CS-001252,AL-001741,CSE-05,2026-09-10T15:36:00,2026-09-10T19:08:00,AN-CSE-05-02,Closed,"Investigated Malware on AST-CSE-05-015. Pulled IOCs, reviewed 5 artefacts, contained locally. Root cause documented.",Malware on AST-CSE-05-015,patched / blocked
CS-001253,AL-001742,CSE-05,2026-08-26T04:14:00,2026-08-26T05:16:00,AN-CSE-05-03,Closed,"Investigated Malware on AST-CSE-05-028. Pulled IOCs, reviewed 5 artefacts, contained locally. Root cause documented.",Malware on AST-CSE-05-028,patched / blocked
CS-001254,AL-001745,CSE-05,2026-08-25T03:39:00,2026-08-25T07:31:00,AN-CSE-05-02,Closed,"Investigated Suspicious Login on AST-CSE-05-023. Pulled IOCs, reviewed 8 artefacts, contained locally. Root cause documented.",Suspicious Login on AST-CSE-05-023,patched / blocked
CS-001255,AL-001746,CSE-05,2026-08-29T15:57:00,2026-08-29T17:07:00,AN-CSE-05-03,Closed,"Investigated Privilege Escalation on AST-CSE-05-022. Pulled IOCs, reviewed 4 artefacts, contained locally. Root cause documented.",Privilege Escalation on AST-CSE-05-022,patched / blocked
CS-001256,AL-001747,CSE-05,2026-09-09T13:53:00,2026-09-09T13:57:00,AN-CSE-05-04,Closed,"Investigated Suspicious Login on AST-CSE-05-007. Pulled IOCs, reviewed 0 artefacts, contained locally. Root cause documented.",,
CS-001257,AL-001748,CSE-05,2026-09-05T19:31:00,2026-09-05T22:26:00,AN-CSE-05-01,Closed,"Investigated Phishing on AST-CSE-05-003. Pulled IOCs, reviewed 4 artefacts, contained locally. Root cause documented.",Phishing on AST-CSE-05-003,patched / blocked
CS-001258,AL-001749,CSE-05,2026-09-13T20:47:00,2026-09-13T22:29:00,AN-CSE-05-02,Closed,"Investigated Phishing on AST-CSE-05-019. Pulled IOCs, reviewed 4 artefacts, contained locally. Root cause documented.",Phishing on AST-CSE-05-019,patched / blocked
CS-001259,AL-001750,CSE-05,2026-09-17T16:12:00,2026-09-17T17:55:00,AN-CSE-05-05,Closed,"Investigated Malware on AST-CSE-05-014. Pulled IOCs, reviewed 6 artefacts, contained locally. Root cause documented.",Malware on AST-CSE-05-014,patched / blocked
CS-001260,AL-001751,CSE-05,2026-08-26T18:14:00,2026-08-26T18:36:00,AN-CSE-05-05,Closed,"Investigated Suspicious Login on AST-CSE-05-015. Pulled IOCs, reviewed 4 artefacts, contained locally. Root cause documented.",Suspicious Login on AST-CSE-05-015,patched / blocked
CS-001261,AL-001752,CSE-05,2026-09-19T17:54:00,2026-09-19T18:42:00,AN-CSE-05-03,Closed,"Investigated Malware on AST-CSE-05-027. Pulled IOCs, reviewed 7 artefacts, contained locally. Root cause documented.",Malware on AST-CSE-05-027,patched / blocked
CS-001262,AL-001753,CSE-05,2026-09-20T04:16:00,2026-09-20T07:19:00,AN-CSE-05-04,Closed,"Investigated Data Access Anomaly on AST-CSE-05-027. Pulled IOCs, reviewed 8 artefacts, contained locally. Root cause documented.",Data Access Anomaly on AST-CSE-05-027,patched / blocked
CS-001263,AL-001754,CSE-05,2026-09-01T08:14:00,2026-09-01T11:12:00,AN-CSE-05-04,Closed,"Investigated Exfiltration on AST-CSE-05-009. Pulled IOCs, reviewed 8 artefacts, contained locally. Root cause documented.",Exfiltration on AST-CSE-05-009,patched / blocked
CS-001264,AL-001755,CSE-05,2026-09-09T07:04:00,2026-09-09T09:58:00,AN-CSE-05-01,Closed,"Investigated Privilege Escalation on AST-CSE-05-013. Pulled IOCs, reviewed 3 artefacts, contained locally. Root cause documented.",Privilege Escalation on AST-CSE-05-013,patched / blocked
CS-001265,AL-001757,CSE-05,2026-09-02T07:12:00,2026-09-02T11:00:00,AN-CSE-05-04,Closed,"Investigated Privilege Escalation on AST-CSE-05-016. Pulled IOCs, reviewed 8 artefacts, contained locally. Root cause documented.",Privilege Escalation on AST-CSE-05-016,patched / blocked
CS-001266,AL-001758,CSE-05,2026-09-16T09:45:00,2026-09-16T11:31:00,AN-CSE-05-04,Closed,"Investigated Data Access Anomaly on AST-CSE-05-007. Pulled IOCs, reviewed 6 artefacts, contained locally. Root cause documented.",Data Access Anomaly on AST-CSE-05-007,patched / blocked
CS-001267,AL-001761,CSE-05,2026-09-16T12:52:00,2026-09-16T13:16:00,AN-CSE-05-04,Closed,"Investigated Suspicious Login on AST-CSE-05-002. Pulled IOCs, reviewed 3 artefacts, contained locally. Root cause documented.",Suspicious Login on AST-CSE-05-002,patched / blocked
CS-001268,AL-001762,CSE-05,2026-09-14T00:36:00,2026-09-14T01:18:00,AN-CSE-05-04,Closed,"Investigated Malware on AST-CSE-05-028. Pulled IOCs, reviewed 9 artefacts, contained locally. Root cause documented.",Malware on AST-CSE-05-028,patched / blocked
CS-001269,AL-001763,CSE-05,2026-09-18T01:13:00,2026-09-18T02:17:00,AN-CSE-05-02,Closed,"Investigated Brute Force on AST-CSE-05-013. Pulled IOCs, reviewed 9 artefacts, contained locally. Root cause documented.",Brute Force on AST-CSE-05-013,patched / blocked
CS-001270,AL-001764,CSE-05,2026-08-24T22:28:00,2026-08-25T01:14:00,AN-CSE-05-05,Closed,"Investigated Privilege Escalation on AST-CSE-05-009. Pulled IOCs, reviewed 3 artefacts, contained locally. Root cause documented.",Privilege Escalation on AST-CSE-05-009,patched / blocked
CS-001271,AL-001765,CSE-05,2026-09-02T15:03:00,2026-09-02T17:37:00,AN-CSE-05-02,Closed,"Investigated Policy Violation on AST-CSE-05-021. Pulled IOCs, reviewed 9 artefacts, contained locally. Root cause documented.",Policy Violation on AST-CSE-05-021,patched / blocked
CS-001272,AL-001766,CSE-05,2026-09-10T19:00:00,2026-09-10T19:05:00,AN-CSE-05-05,Closed,"Investigated Malware on AST-CSE-05-010. Pulled IOCs, reviewed 1 artefacts, contained locally. Root cause documented.",,
CS-001273,AL-001767,CSE-05,2026-08-29T18:13:00,2026-08-29T18:44:00,AN-CSE-05-05,Closed,"Investigated Lateral Movement on AST-CSE-05-010. Pulled IOCs, reviewed 4 artefacts, contained locally. Root cause documented.",Lateral Movement on AST-CSE-05-010,patched / blocked
CS-001274,AL-001769,CSE-05,2026-09-01T17:15:00,2026-09-01T18:48:00,AN-CSE-05-01,Closed,"Investigated Malware on AST-CSE-05-027. Pulled IOCs, reviewed 7 artefacts, contained locally. Root cause documented.",Malware on AST-CSE-05-027,patched / blocked
CS-001275,AL-001770,CSE-05,2026-09-02T06:35:00,2026-09-02T09:34:00,AN-CSE-05-05,Closed,"Investigated Policy Violation on AST-CSE-05-001. Pulled IOCs, reviewed 8 artefacts, contained locally. Root cause documented.",Policy Violation on AST-CSE-05-001,patched / blocked
CS-001276,AL-001772,CSE-05,2026-09-04T02:51:00,2026-09-04T02:59:00,AN-CSE-05-05,Closed,"Investigated Policy Violation on AST-CSE-05-024. Pulled IOCs, reviewed 0 artefacts, contained locally. Root cause documented.",,
CS-001277,AL-001773,CSE-05,2026-09-11T11:11:00,2026-09-11T13:56:00,AN-CSE-05-05,Closed,"Investigated Privilege Escalation on AST-CSE-05-005. Pulled IOCs, reviewed 7 artefacts, contained locally. Root cause documented.",Privilege Escalation on AST-CSE-05-005,patched / blocked
CS-001278,AL-001774,CSE-05,2026-08-25T04:42:00,2026-08-25T04:50:00,AN-CSE-05-02,Closed,"Investigated Lateral Movement on AST-CSE-05-006. Pulled IOCs, reviewed 1 artefacts, contained locally. Root cause documented.",,
CS-001279,AL-001775,CSE-05,2026-09-18T22:21:00,2026-09-19T00:42:00,AN-CSE-05-01,Closed,"Investigated Suspicious Login on AST-CSE-05-019. Pulled IOCs, reviewed 4 artefacts, contained locally. Root cause documented.",Suspicious Login on AST-CSE-05-019,patched / blocked
CS-001280,AL-001778,CSE-05,2026-08-25T02:08:00,2026-08-25T04:12:00,AN-CSE-05-01,Closed,"Investigated Suspicious Login on AST-CSE-05-005. Pulled IOCs, reviewed 8 artefacts, contained locally. Root cause documented.",Suspicious Login on AST-CSE-05-005,patched / blocked
CS-001281,AL-001780,CSE-05,2026-09-12T09:10:00,2026-09-12T11:06:00,AN-CSE-05-05,Closed,"Investigated Brute Force on AST-CSE-05-022. Pulled IOCs, reviewed 5 artefacts, contained locally. Root cause documented.",Brute Force on AST-CSE-05-022,patched / blocked
CS-001282,AL-001782,CSE-05,2026-09-09T17:39:00,2026-09-09T18:48:00,AN-CSE-05-01,Closed,"Investigated Lateral Movement on AST-CSE-05-005. Pulled IOCs, reviewed 9 artefacts, contained locally. Root cause documented.",Lateral Movement on AST-CSE-05-005,patched / blocked
CS-001283,AL-001783,CSE-05,2026-09-02T02:06:00,2026-09-02T02:31:00,AN-CSE-05-05,Closed,"Investigated Suspicious Login on AST-CSE-05-013. Pulled IOCs, reviewed 9 artefacts, contained locally. Root cause documented.",Suspicious Login on AST-CSE-05-013,patched / blocked
CS-001284,AL-001784,CSE-05,2026-09-13T12:00:00,2026-09-13T14:00:00,AN-CSE-05-05,Closed,"Investigated Brute Force on AST-CSE-05-027. Pulled IOCs, reviewed 6 artefacts, contained locally. Root cause documented.",Brute Force on AST-CSE-05-027,patched / blocked
CS-001285,AL-001786,CSE-05,2026-09-17T23:27:00,2026-09-17T23:33:00,AN-CSE-05-01,Closed,"Investigated Malware on AST-CSE-05-011. Pulled IOCs, reviewed 0 artefacts, contained locally. Root cause documented.",,
CS-001286,AL-001787,CSE-05,2026-08-28T01:57:00,2026-08-28T02:57:00,AN-CSE-05-04,Escalated,"Investigated Data Access Anomaly on AST-CSE-05-010. Pulled IOCs, reviewed 9 artefacts, escalated to IR. Root cause documented.",Data Access Anomaly on AST-CSE-05-010,patched / blocked
CS-001287,AL-001789,CSE-05,2026-09-04T21:32:00,2026-09-04T22:28:00,AN-CSE-05-05,Escalated,"Investigated Exfiltration on AST-CSE-05-009. Pulled IOCs, reviewed 3 artefacts, escalated to IR. Root cause documented.",Exfiltration on AST-CSE-05-009,patched / blocked
CS-001288,AL-001792,CSE-05,2026-08-27T03:59:00,2026-08-27T04:05:00,AN-CSE-05-04,Closed,"Investigated Data Access Anomaly on AST-CSE-05-023. Pulled IOCs, reviewed 0 artefacts, contained locally. Root cause documented.",,
CS-001289,AL-001793,CSE-05,2026-09-13T09:01:00,2026-09-13T09:08:00,AN-CSE-05-02,Closed,"Investigated Lateral Movement on AST-CSE-05-007. Pulled IOCs, reviewed 1 artefacts, contained locally. Root cause documented.",,
CS-001290,AL-001794,CSE-05,2026-08-21T23:54:00,2026-08-22T00:29:00,AN-CSE-05-04,Closed,"Investigated Brute Force on AST-CSE-05-023. Pulled IOCs, reviewed 6 artefacts, contained locally. Root cause documented.",Brute Force on AST-CSE-05-023,patched / blocked
CS-001291,AL-001795,CSE-05,2026-09-17T16:50:00,2026-09-17T18:06:00,AN-CSE-05-01,Closed,"Investigated Brute Force on AST-CSE-05-007. Pulled IOCs, reviewed 9 artefacts, contained locally. Root cause documented.",Brute Force on AST-CSE-05-007,patched / blocked
CS-001292,AL-001796,CSE-05,2026-09-10T07:31:00,2026-09-10T09:19:00,AN-CSE-05-04,Closed,"Investigated Suspicious Login on AST-CSE-05-008. Pulled IOCs, reviewed 6 artefacts, contained locally. Root cause documented.",Suspicious Login on AST-CSE-05-008,patched / blocked
CS-001293,AL-001798,CSE-05,2026-09-15T23:42:00,2026-09-16T03:31:00,AN-CSE-05-05,Closed,"Investigated Data Access Anomaly on AST-CSE-05-006. Pulled IOCs, reviewed 3 artefacts, contained locally. Root cause documented.",Data Access Anomaly on AST-CSE-05-006,patched / blocked
CS-001294,AL-001800,CSE-05,2026-08-27T20:18:00,2026-08-27T21:25:00,AN-CSE-05-05,Closed,"Investigated Brute Force on AST-CSE-05-004. Pulled IOCs, reviewed 3 artefacts, contained locally. Root cause documented.",Brute Force on AST-CSE-05-004,patched / blocked
CS-001295,AL-001803,CSE-05,2026-08-26T22:05:00,2026-08-27T00:43:00,AN-CSE-05-02,Closed,"Investigated Data Access Anomaly on AST-CSE-05-022. Pulled IOCs, reviewed 4 artefacts, contained locally. Root cause documented.",Data Access Anomaly on AST-CSE-05-022,patched / blocked
CS-001296,AL-001804,CSE-05,2026-08-30T01:34:00,2026-08-30T04:15:00,AN-CSE-05-01,Closed,"Investigated Suspicious Login on AST-CSE-05-028. Pulled IOCs, reviewed 9 artefacts, contained locally. Root cause documented.",Suspicious Login on AST-CSE-05-028,patched / blocked
CS-001297,AL-001805,CSE-05,2026-08-28T17:26:00,2026-08-28T18:16:00,AN-CSE-05-04,Closed,"Investigated Malware on AST-CSE-05-024. Pulled IOCs, reviewed 6 artefacts, contained locally. Root cause documented.",Malware on AST-CSE-05-024,patched / blocked
CS-001298,AL-001806,CSE-05,2026-09-05T04:03:00,2026-09-05T07:49:00,AN-CSE-05-04,Closed,"Investigated Malware on AST-CSE-05-023. Pulled IOCs, reviewed 4 artefacts, contained locally. Root cause documented.",Malware on AST-CSE-05-023,patched / blocked
CS-001299,AL-001807,CSE-05,2026-09-16T09:18:00,2026-09-16T12:19:00,AN-CSE-05-02,Closed,"Investigated Malware on AST-CSE-05-012. Pulled IOCs, reviewed 5 artefacts, contained locally. Root cause documented.",Malware on AST-CSE-05-012,patched / blocked
CS-001300,AL-001808,CSE-05,2026-09-07T14:05:00,2026-09-07T15:45:00,AN-CSE-05-03,Closed,"Investigated Brute Force on AST-CSE-05-022. Pulled IOCs, reviewed 7 artefacts, contained locally. Root cause documented.",Brute Force on AST-CSE-05-022,patched / blocked
CS-001301,AL-001810,CSE-05,2026-09-05T16:58:00,2026-09-05T20:35:00,AN-CSE-05-05,Closed,"Investigated Privilege Escalation on AST-CSE-05-005. Pulled IOCs, reviewed 8 artefacts, contained locally. Root cause documented.",Privilege Escalation on AST-CSE-05-005,patched / blocked
CS-001302,AL-001811,CSE-05,2026-09-03T02:10:00,2026-09-03T03:10:00,AN-CSE-05-05,Closed,"Investigated C2 Beacon on AST-CSE-05-008. Pulled IOCs, reviewed 4 artefacts, contained locally. Root cause documented.",C2 Beacon on AST-CSE-05-008,patched / blocked
CS-001303,AL-001815,CSE-05,2026-09-06T09:38:00,2026-09-06T12:17:00,AN-CSE-05-02,Closed,"Investigated Malware on AST-CSE-05-015. Pulled IOCs, reviewed 6 artefacts, contained locally. Root cause documented.",Malware on AST-CSE-05-015,patched / blocked
CS-001304,AL-001816,CSE-05,2026-08-26T14:49:00,2026-08-26T14:58:00,AN-CSE-05-01,Closed,"Investigated Policy Violation on AST-CSE-05-013. Pulled IOCs, reviewed 1 artefacts, contained locally. Root cause documented.",,
CS-001305,AL-001817,CSE-05,2026-09-17T12:20:00,2026-09-17T14:56:00,AN-CSE-05-04,Closed,"Investigated Phishing on AST-CSE-05-013. Pulled IOCs, reviewed 6 artefacts, contained locally. Root cause documented.",Phishing on AST-CSE-05-013,patched / blocked
CS-001306,AL-001818,CSE-05,2026-09-01T22:28:00,2026-09-01T23:27:00,AN-CSE-05-04,Closed,"Investigated Brute Force on AST-CSE-05-018. Pulled IOCs, reviewed 9 artefacts, contained locally. Root cause documented.",Brute Force on AST-CSE-05-018,patched / blocked
CS-001307,AL-001819,CSE-05,2026-09-04T12:58:00,2026-09-04T15:32:00,AN-CSE-05-05,Closed,"Investigated Suspicious Login on AST-CSE-05-011. Pulled IOCs, reviewed 3 artefacts, contained locally. Root cause documented.",Suspicious Login on AST-CSE-05-011,patched / blocked
CS-001308,AL-001820,CSE-05,2026-08-26T04:37:00,2026-08-26T05:04:00,AN-CSE-05-01,Closed,"Investigated Brute Force on AST-CSE-05-021. Pulled IOCs, reviewed 8 artefacts, contained locally. Root cause documented.",Brute Force on AST-CSE-05-021,patched / blocked
CS-001309,AL-001821,CSE-05,2026-09-01T01:17:00,2026-09-01T01:44:00,AN-CSE-05-04,Closed,"Investigated C2 Beacon on AST-CSE-05-025. Pulled IOCs, reviewed 8 artefacts, contained locally. Root cause documented.",C2 Beacon on AST-CSE-05-025,patched / blocked
CS-001310,AL-001822,CSE-05,2026-09-14T12:39:00,2026-09-14T13:45:00,AN-CSE-05-03,Closed,"Investigated Exfiltration on AST-CSE-05-006. Pulled IOCs, reviewed 7 artefacts, contained locally. Root cause documented.",Exfiltration on AST-CSE-05-006,patched / blocked
CS-001311,AL-001824,CSE-05,2026-08-24T03:10:00,2026-08-24T04:26:00,AN-CSE-05-04,Closed,"Investigated Suspicious Login on AST-CSE-05-005. Pulled IOCs, reviewed 9 artefacts, contained locally. Root cause documented.",Suspicious Login on AST-CSE-05-005,patched / blocked
CS-001312,AL-001825,CSE-05,2026-09-09T23:50:00,2026-09-10T03:04:00,AN-CSE-05-03,Closed,"Investigated Data Access Anomaly on AST-CSE-05-018. Pulled IOCs, reviewed 5 artefacts, contained locally. Root cause documented.",Data Access Anomaly on AST-CSE-05-018,patched / blocked
CS-001313,AL-001826,CSE-05,2026-08-21T20:49:00,2026-08-21T23:36:00,AN-CSE-05-03,Closed,"Investigated Privilege Escalation on AST-CSE-05-018. Pulled IOCs, reviewed 4 artefacts, contained locally. Root cause documented.",Privilege Escalation on AST-CSE-05-018,patched / blocked
CS-001314,AL-001827,CSE-05,2026-09-13T01:27:00,2026-09-13T03:21:00,AN-CSE-05-05,Closed,"Investigated Lateral Movement on AST-CSE-05-019. Pulled IOCs, reviewed 3 artefacts, contained locally. Root cause documented.",Lateral Movement on AST-CSE-05-019,patched / blocked
CS-001315,AL-001831,CSE-05,2026-08-31T20:50:00,2026-09-01T00:43:00,AN-CSE-05-01,Closed,"Investigated Phishing on AST-CSE-05-003. Pulled IOCs, reviewed 8 artefacts, contained locally. Root cause documented.",Phishing on AST-CSE-05-003,patched / blocked
CS-001316,AL-001832,CSE-05,2026-09-19T09:07:00,2026-09-19T10:45:00,AN-CSE-05-03,Closed,"Investigated Lateral Movement on AST-CSE-05-019. Pulled IOCs, reviewed 3 artefacts, contained locally. Root cause documented.",Lateral Movement on AST-CSE-05-019,patched / blocked
CS-001317,AL-001834,CSE-05,2026-08-23T19:54:00,2026-08-23T22:08:00,AN-CSE-05-02,Closed,"Investigated C2 Beacon on AST-CSE-05-007. Pulled IOCs, reviewed 9 artefacts, contained locally. Root cause documented.",C2 Beacon on AST-CSE-05-007,patched / blocked
CS-001318,AL-001835,CSE-05,2026-09-12T07:16:00,2026-09-12T10:53:00,AN-CSE-05-01,Closed,"Investigated Malware on AST-CSE-05-002. Pulled IOCs, reviewed 9 artefacts, contained locally. Root cause documented.",Malware on AST-CSE-05-002,patched / blocked
CS-001319,AL-001836,CSE-05,2026-09-07T16:27:00,2026-09-07T16:36:00,AN-CSE-05-01,Closed,"Investigated Privilege Escalation on AST-CSE-05-002. Pulled IOCs, reviewed 0 artefacts, contained locally. Root cause documented.",,
CS-001320,AL-001838,CSE-05,2026-08-23T07:01:00,2026-08-23T10:48:00,AN-CSE-05-03,Closed,"Investigated Privilege Escalation on AST-CSE-05-028. Pulled IOCs, reviewed 9 artefacts, contained locally. Root cause documented.",Privilege Escalation on AST-CSE-05-028,patched / blocked
CS-001321,AL-001839,CSE-05,2026-08-23T17:28:00,2026-08-23T19:43:00,AN-CSE-05-04,Closed,"Investigated Malware on AST-CSE-05-014. Pulled IOCs, reviewed 7 artefacts, contained locally. Root cause documented.",Malware on AST-CSE-05-014,patched / blocked
CS-001322,AL-001840,CSE-05,2026-09-15T20:15:00,2026-09-15T23:44:00,AN-CSE-05-03,Closed,"Investigated Exfiltration on AST-CSE-05-009. Pulled IOCs, reviewed 8 artefacts, contained locally. Root cause documented.",Exfiltration on AST-CSE-05-009,patched / blocked
CS-001323,AL-001841,CSE-05,2026-09-07T00:10:00,2026-09-07T04:05:00,AN-CSE-05-03,Closed,"Investigated Privilege Escalation on AST-CSE-05-018. Pulled IOCs, reviewed 7 artefacts, contained locally. Root cause documented.",Privilege Escalation on AST-CSE-05-018,patched / blocked
CS-001324,AL-001842,CSE-05,2026-09-01T08:55:00,2026-09-01T08:57:00,AN-CSE-05-04,Closed,"Investigated Suspicious Login on AST-CSE-05-006. Pulled IOCs, reviewed 0 artefacts, contained locally. Root cause documented.",,
CS-001325,AL-001844,CSE-05,2026-09-15T15:04:00,2026-09-15T16:45:00,AN-CSE-05-01,Closed,"Investigated Phishing on AST-CSE-05-008. Pulled IOCs, reviewed 3 artefacts, contained locally. Root cause documented.",Phishing on AST-CSE-05-008,patched / blocked
CS-001326,AL-001845,CSE-05,2026-09-18T19:47:00,2026-09-18T20:53:00,AN-CSE-05-04,Closed,"Investigated Privilege Escalation on AST-CSE-05-001. Pulled IOCs, reviewed 8 artefacts, contained locally. Root cause documented.",Privilege Escalation on AST-CSE-05-001,patched / blocked
CS-001327,AL-001846,CSE-05,2026-09-03T19:21:00,2026-09-03T22:19:00,AN-CSE-05-04,Closed,"Investigated Exfiltration on AST-CSE-05-010. Pulled IOCs, reviewed 8 artefacts, contained locally. Root cause documented.",Exfiltration on AST-CSE-05-010,patched / blocked
CS-001328,AL-001848,CSE-05,2026-09-20T07:37:00,2026-09-20T07:41:00,AN-CSE-05-05,Closed,"Investigated C2 Beacon on AST-CSE-05-010. Pulled IOCs, reviewed 1 artefacts, contained locally. Root cause documented.",,
CS-001329,AL-001849,CSE-05,2026-09-17T19:47:00,2026-09-17T23:33:00,AN-CSE-05-02,Closed,"Investigated Lateral Movement on AST-CSE-05-010. Pulled IOCs, reviewed 9 artefacts, contained locally. Root cause documented.",Lateral Movement on AST-CSE-05-010,patched / blocked
CS-001330,AL-001851,CSE-05,2026-09-07T13:00:00,2026-09-07T15:01:00,AN-CSE-05-01,Closed,"Investigated Data Access Anomaly on AST-CSE-05-010. Pulled IOCs, reviewed 5 artefacts, contained locally. Root cause documented.",Data Access Anomaly on AST-CSE-05-010,patched / blocked
CS-001331,AL-001854,CSE-05,2026-09-05T07:36:00,2026-09-05T08:04:00,AN-CSE-05-02,Closed,"Investigated Suspicious Login on AST-CSE-05-012. Pulled IOCs, reviewed 5 artefacts, contained locally. Root cause documented.",Suspicious Login on AST-CSE-05-012,patched / blocked
CS-001332,AL-001855,CSE-05,2026-08-26T14:13:00,2026-08-26T17:21:00,AN-CSE-05-04,Closed,"Investigated Phishing on AST-CSE-05-020. Pulled IOCs, reviewed 7 artefacts, contained locally. Root cause documented.",Phishing on AST-CSE-05-020,patched / blocked
CS-001333,AL-001856,CSE-05,2026-09-03T06:15:00,2026-09-03T09:20:00,AN-CSE-05-04,Closed,"Investigated Phishing on AST-CSE-05-024. Pulled IOCs, reviewed 6 artefacts, contained locally. Root cause documented.",Phishing on AST-CSE-05-024,patched / blocked
CS-001334,AL-001857,CSE-05,2026-09-13T21:10:00,2026-09-14T00:17:00,AN-CSE-05-02,Closed,"Investigated Policy Violation on AST-CSE-05-003. Pulled IOCs, reviewed 7 artefacts, contained locally. Root cause documented.",Policy Violation on AST-CSE-05-003,patched / blocked
CS-001335,AL-001858,CSE-05,2026-09-15T07:24:00,2026-09-15T08:38:00,AN-CSE-05-05,Closed,"Investigated Malware on AST-CSE-05-027. Pulled IOCs, reviewed 8 artefacts, contained locally. Root cause documented.",Malware on AST-CSE-05-027,patched / blocked
CS-001336,AL-001860,CSE-05,2026-09-15T01:19:00,2026-09-15T01:24:00,AN-CSE-05-03,Closed,"Investigated Brute Force on AST-CSE-05-018. Pulled IOCs, reviewed 0 artefacts, contained locally. Root cause documented.",,
CS-001337,AL-001862,CSE-05,2026-09-08T02:45:00,2026-09-08T04:06:00,AN-CSE-05-01,Closed,"Investigated Lateral Movement on AST-CSE-05-016. Pulled IOCs, reviewed 9 artefacts, contained locally. Root cause documented.",Lateral Movement on AST-CSE-05-016,patched / blocked
CS-001338,AL-001865,CSE-05,2026-08-28T08:47:00,2026-08-28T12:36:00,AN-CSE-05-04,Closed,"Investigated Suspicious Login on AST-CSE-05-015. Pulled IOCs, reviewed 5 artefacts, contained locally. Root cause documented.",Suspicious Login on AST-CSE-05-015,patched / blocked
CS-001339,AL-001866,CSE-05,2026-09-04T04:52:00,2026-09-04T08:04:00,AN-CSE-05-02,Closed,"Investigated Suspicious Login on AST-CSE-05-019. Pulled IOCs, reviewed 9 artefacts, contained locally. Root cause documented.",Suspicious Login on AST-CSE-05-019,patched / blocked
CS-001340,AL-001867,CSE-05,2026-08-25T12:05:00,2026-08-25T13:09:00,AN-CSE-05-01,Closed,"Investigated Privilege Escalation on AST-CSE-05-005. Pulled IOCs, reviewed 3 artefacts, contained locally. Root cause documented.",Privilege Escalation on AST-CSE-05-005,patched / blocked
CS-001341,AL-001869,CSE-05,2026-08-28T12:14:00,2026-08-28T14:05:00,AN-CSE-05-03,Closed,"Investigated Privilege Escalation on AST-CSE-05-015. Pulled IOCs, reviewed 4 artefacts, contained locally. Root cause documented.",Privilege Escalation on AST-CSE-05-015,patched / blocked
CS-001342,AL-001870,CSE-05,2026-09-19T10:48:00,2026-09-19T12:25:00,AN-CSE-05-01,Closed,"Investigated Suspicious Login on AST-CSE-05-021. Pulled IOCs, reviewed 4 artefacts, contained locally. Root cause documented.",Suspicious Login on AST-CSE-05-021,patched / blocked
CS-001343,AL-001871,CSE-05,2026-08-23T17:40:00,2026-08-23T19:28:00,AN-CSE-05-01,Closed,"Investigated Phishing on AST-CSE-05-021. Pulled IOCs, reviewed 9 artefacts, contained locally. Root cause documented.",Phishing on AST-CSE-05-021,patched / blocked
CS-001344,AL-001873,CSE-05,2026-09-18T02:48:00,2026-09-18T06:16:00,AN-CSE-05-04,Closed,"Investigated Privilege Escalation on AST-CSE-05-019. Pulled IOCs, reviewed 7 artefacts, contained locally. Root cause documented.",Privilege Escalation on AST-CSE-05-019,patched / blocked
CS-001345,AL-001875,CSE-05,2026-09-17T07:35:00,2026-09-17T07:39:00,AN-CSE-05-01,Closed,"Investigated Policy Violation on AST-CSE-05-019. Pulled IOCs, reviewed 0 artefacts, contained locally. Root cause documented.",,
CS-001346,AL-001876,CSE-05,2026-08-29T13:31:00,2026-08-29T14:21:00,AN-CSE-05-04,Closed,"Investigated Brute Force on AST-CSE-05-007. Pulled IOCs, reviewed 3 artefacts, contained locally. Root cause documented.",Brute Force on AST-CSE-05-007,patched / blocked
CS-001347,AL-001877,CSE-05,2026-09-07T23:54:00,2026-09-07T23:56:00,AN-CSE-05-02,Closed,"Investigated Phishing on AST-CSE-05-020. Pulled IOCs, reviewed 0 artefacts, contained locally. Root cause documented.",,
CS-001348,AL-001879,CSE-05,2026-09-02T05:33:00,2026-09-02T08:05:00,AN-CSE-05-04,Escalated,"Investigated Lateral Movement on AST-CSE-05-024. Pulled IOCs, reviewed 3 artefacts, escalated to IR. Root cause documented.",Lateral Movement on AST-CSE-05-024,patched / blocked
CS-001349,AL-001880,CSE-05,2026-09-17T07:12:00,2026-09-17T07:55:00,AN-CSE-05-03,Closed,"Investigated Exfiltration on AST-CSE-05-015. Pulled IOCs, reviewed 5 artefacts, contained locally. Root cause documented.",Exfiltration on AST-CSE-05-015,patched / blocked
CS-001350,AL-001881,CSE-05,2026-08-30T19:52:00,2026-08-30T22:39:00,AN-CSE-05-03,Closed,"Investigated Suspicious Login on AST-CSE-05-026. Pulled IOCs, reviewed 8 artefacts, contained locally. Root cause documented.",Suspicious Login on AST-CSE-05-026,patched / blocked
CS-001351,AL-001882,CSE-05,2026-09-08T07:59:00,2026-09-08T11:55:00,AN-CSE-05-05,Closed,"Investigated Brute Force on AST-CSE-05-005. Pulled IOCs, reviewed 5 artefacts, contained locally. Root cause documented.",Brute Force on AST-CSE-05-005,patched / blocked
CS-001352,AL-001884,CSE-05,2026-08-26T13:23:00,2026-08-26T17:01:00,AN-CSE-05-04,Closed,"Investigated Data Access Anomaly on AST-CSE-05-019. Pulled IOCs, reviewed 3 artefacts, contained locally. Root cause documented.",Data Access Anomaly on AST-CSE-05-019,patched / blocked
CS-001353,AL-001885,CSE-05,2026-09-13T22:01:00,2026-09-14T00:34:00,AN-CSE-05-03,Closed,"Investigated Phishing on AST-CSE-05-015. Pulled IOCs, reviewed 5 artefacts, contained locally. Root cause documented.",Phishing on AST-CSE-05-015,patched / blocked
CS-001354,AL-001886,CSE-05,2026-09-20T03:56:00,2026-09-20T06:14:00,AN-CSE-05-02,Closed,"Investigated Brute Force on AST-CSE-05-010. Pulled IOCs, reviewed 3 artefacts, contained locally. Root cause documented.",Brute Force on AST-CSE-05-010,patched / blocked
CS-001355,AL-001888,CSE-05,2026-09-17T22:33:00,2026-09-17T23:51:00,AN-CSE-05-05,Closed,"Investigated Policy Violation on AST-CSE-05-002. Pulled IOCs, reviewed 4 artefacts, contained locally. Root cause documented.",Policy Violation on AST-CSE-05-002,patched / blocked
CS-001356,AL-001890,CSE-05,2026-08-29T02:58:00,2026-08-29T03:17:00,AN-CSE-05-02,Closed,"Investigated Malware on AST-CSE-05-021. Pulled IOCs, reviewed 7 artefacts, contained locally. Root cause documented.",Malware on AST-CSE-05-021,patched / blocked
CS-001357,AL-001892,CSE-05,2026-08-30T00:37:00,2026-08-30T01:41:00,AN-CSE-05-03,Closed,"Investigated Privilege Escalation on AST-CSE-05-003. Pulled IOCs, reviewed 4 artefacts, contained locally. Root cause documented.",Privilege Escalation on AST-CSE-05-003,patched / blocked
CS-001358,AL-001893,CSE-05,2026-08-26T03:31:00,2026-08-26T03:57:00,AN-CSE-05-04,Closed,"Investigated Phishing on AST-CSE-05-016. Pulled IOCs, reviewed 7 artefacts, contained locally. Root cause documented.",Phishing on AST-CSE-05-016,patched / blocked
CS-001359,AL-001894,CSE-05,2026-09-04T08:58:00,2026-09-04T12:26:00,AN-CSE-05-02,Closed,"Investigated Phishing on AST-CSE-05-025. Pulled IOCs, reviewed 9 artefacts, contained locally. Root cause documented.",Phishing on AST-CSE-05-025,patched / blocked
CS-001360,AL-001895,CSE-05,2026-09-08T03:12:00,2026-09-08T05:15:00,AN-CSE-05-01,Closed,"Investigated Lateral Movement on AST-CSE-05-018. Pulled IOCs, reviewed 7 artefacts, contained locally. Root cause documented.",Lateral Movement on AST-CSE-05-018,patched / blocked
CS-001361,AL-001896,CSE-05,2026-08-25T12:18:00,2026-08-25T13:15:00,AN-CSE-05-03,Closed,"Investigated Malware on AST-CSE-05-018. Pulled IOCs, reviewed 7 artefacts, contained locally. Root cause documented.",Malware on AST-CSE-05-018,patched / blocked
CS-001362,AL-001897,CSE-05,2026-08-29T10:31:00,2026-08-29T11:01:00,AN-CSE-05-01,Closed,"Investigated Phishing on AST-CSE-05-028. Pulled IOCs, reviewed 6 artefacts, contained locally. Root cause documented.",Phishing on AST-CSE-05-028,patched / blocked
CS-001363,AL-001898,CSE-05,2026-08-29T04:39:00,2026-08-29T04:45:00,AN-CSE-05-01,Closed,"Investigated Lateral Movement on AST-CSE-05-004. Pulled IOCs, reviewed 1 artefacts, contained locally. Root cause documented.",,
CS-001364,AL-001901,CSE-05,2026-09-16T19:00:00,2026-09-16T20:06:00,AN-CSE-05-03,Escalated,"Investigated Policy Violation on AST-CSE-05-009. Pulled IOCs, reviewed 7 artefacts, escalated to IR. Root cause documented.",Policy Violation on AST-CSE-05-009,patched / blocked
CS-001365,AL-001902,CSE-05,2026-08-24T22:04:00,2026-08-24T23:02:00,AN-CSE-05-04,Closed,"Investigated Policy Violation on AST-CSE-05-027. Pulled IOCs, reviewed 3 artefacts, contained locally. Root cause documented.",Policy Violation on AST-CSE-05-027,patched / blocked
CS-001366,AL-001903,CSE-05,2026-08-25T07:16:00,2026-08-25T07:50:00,AN-CSE-05-04,Closed,"Investigated Phishing on AST-CSE-05-019. Pulled IOCs, reviewed 5 artefacts, contained locally. Root cause documented.",Phishing on AST-CSE-05-019,patched / blocked
CS-001367,AL-001904,CSE-05,2026-09-09T15:23:00,2026-09-09T15:26:00,AN-CSE-05-01,Closed,"Investigated C2 Beacon on AST-CSE-05-014. Pulled IOCs, reviewed 0 artefacts, contained locally. Root cause documented.",,
CS-001368,AL-001905,CSE-05,2026-09-06T08:02:00,2026-09-06T11:33:00,AN-CSE-05-03,Closed,"Investigated Data Access Anomaly on AST-CSE-05-015. Pulled IOCs, reviewed 8 artefacts, contained locally. Root cause documented.",Data Access Anomaly on AST-CSE-05-015,patched / blocked
CS-001369,AL-001907,CSE-05,2026-09-10T04:18:00,2026-09-10T05:22:00,AN-CSE-05-01,Closed,"Investigated Exfiltration on AST-CSE-05-023. Pulled IOCs, reviewed 3 artefacts, contained locally. Root cause documented.",Exfiltration on AST-CSE-05-023,patched / blocked
CS-001370,AL-001909,CSE-05,2026-08-31T09:48:00,2026-08-31T13:03:00,AN-CSE-05-04,Closed,"Investigated Policy Violation on AST-CSE-05-017. Pulled IOCs, reviewed 3 artefacts, contained locally. Root cause documented.",Policy Violation on AST-CSE-05-017,patched / blocked
CS-001371,AL-001910,CSE-05,2026-09-11T08:34:00,2026-09-11T09:32:00,AN-CSE-05-04,Closed,"Investigated Data Access Anomaly on AST-CSE-05-013. Pulled IOCs, reviewed 4 artefacts, contained locally. Root cause documented.",Data Access Anomaly on AST-CSE-05-013,patched / blocked
CS-001372,AL-001911,CSE-05,2026-09-02T03:45:00,2026-09-02T07:20:00,AN-CSE-05-02,Closed,"Investigated Malware on AST-CSE-05-010. Pulled IOCs, reviewed 5 artefacts, contained locally. Root cause documented.",Malware on AST-CSE-05-010,patched / blocked
CS-001373,AL-001913,CSE-05,2026-08-25T03:50:00,2026-08-25T03:54:00,AN-CSE-05-04,Closed,"Investigated Malware on AST-CSE-05-015. Pulled IOCs, reviewed 0 artefacts, contained locally. Root cause documented.",,
CS-001374,AL-001914,CSE-05,2026-09-05T18:06:00,2026-09-05T20:06:00,AN-CSE-05-02,Escalated,"Investigated Policy Violation on AST-CSE-05-007. Pulled IOCs, reviewed 3 artefacts, escalated to IR. Root cause documented.",Policy Violation on AST-CSE-05-007,patched / blocked
CS-001375,AL-001915,CSE-05,2026-08-29T15:44:00,2026-08-29T18:23:00,AN-CSE-05-01,Closed,"Investigated Malware on AST-CSE-05-022. Pulled IOCs, reviewed 9 artefacts, contained locally. Root cause documented.",Malware on AST-CSE-05-022,patched / blocked
CS-001376,AL-001916,CSE-05,2026-08-26T16:24:00,2026-08-26T20:03:00,AN-CSE-05-05,Closed,"Investigated Privilege Escalation on AST-CSE-05-008. Pulled IOCs, reviewed 7 artefacts, contained locally. Root cause documented.",Privilege Escalation on AST-CSE-05-008,patched / blocked
CS-001377,AL-001918,CSE-05,2026-08-24T09:26:00,2026-08-24T11:03:00,AN-CSE-05-04,Closed,"Investigated Malware on AST-CSE-05-017. Pulled IOCs, reviewed 7 artefacts, contained locally. Root cause documented.",Malware on AST-CSE-05-017,patched / blocked
CS-001378,AL-001919,CSE-05,2026-08-23T00:27:00,2026-08-23T01:46:00,AN-CSE-05-05,Closed,"Investigated Phishing on AST-CSE-05-006. Pulled IOCs, reviewed 7 artefacts, contained locally. Root cause documented.",Phishing on AST-CSE-05-006,patched / blocked
CS-001379,AL-001920,CSE-05,2026-09-19T18:49:00,2026-09-19T20:15:00,AN-CSE-05-01,Closed,"Investigated Privilege Escalation on AST-CSE-05-017. Pulled IOCs, reviewed 7 artefacts, contained locally. Root cause documented.",Privilege Escalation on AST-CSE-05-017,patched / blocked
CS-001380,AL-001921,CSE-05,2026-08-30T09:07:00,2026-08-30T11:04:00,AN-CSE-05-02,Closed,"Investigated Policy Violation on AST-CSE-05-014. Pulled IOCs, reviewed 7 artefacts, contained locally. Root cause documented.",Policy Violation on AST-CSE-05-014,patched / blocked
CS-001381,AL-001923,CSE-05,2026-09-14T16:18:00,2026-09-14T18:47:00,AN-CSE-05-04,Closed,"Investigated Data Access Anomaly on AST-CSE-05-027. Pulled IOCs, reviewed 4 artefacts, contained locally. Root cause documented.",Data Access Anomaly on AST-CSE-05-027,patched / blocked
CS-001382,AL-001924,CSE-05,2026-08-29T20:18:00,2026-08-29T23:08:00,AN-CSE-05-01,Closed,"Investigated C2 Beacon on AST-CSE-05-024. Pulled IOCs, reviewed 5 artefacts, contained locally. Root cause documented.",C2 Beacon on AST-CSE-05-024,patched / blocked
CS-001383,AL-001925,CSE-05,2026-08-26T09:10:00,2026-08-26T10:55:00,AN-CSE-05-05,Closed,"Investigated Phishing on AST-CSE-05-023. Pulled IOCs, reviewed 6 artefacts, contained locally. Root cause documented.",Phishing on AST-CSE-05-023,patched / blocked
CS-001384,AL-001926,CSE-05,2026-09-14T20:42:00,2026-09-14T22:27:00,AN-CSE-05-05,Closed,"Investigated Suspicious Login on AST-CSE-05-016. Pulled IOCs, reviewed 8 artefacts, contained locally. Root cause documented.",Suspicious Login on AST-CSE-05-016,patched / blocked
CS-001385,AL-001928,CSE-05,2026-09-07T23:26:00,2026-09-08T02:22:00,AN-CSE-05-02,Closed,"Investigated Exfiltration on AST-CSE-05-014. Pulled IOCs, reviewed 6 artefacts, contained locally. Root cause documented.",Exfiltration on AST-CSE-05-014,patched / blocked
CS-001386,AL-001929,CSE-05,2026-09-16T09:32:00,2026-09-16T11:18:00,AN-CSE-05-01,Closed,"Investigated Policy Violation on AST-CSE-05-009. Pulled IOCs, reviewed 3 artefacts, contained locally. Root cause documented.",Policy Violation on AST-CSE-05-009,patched / blocked
CS-001387,AL-001931,CSE-05,2026-09-02T04:43:00,2026-09-02T07:06:00,AN-CSE-05-05,Escalated,"Investigated Brute Force on AST-CSE-05-018. Pulled IOCs, reviewed 4 artefacts, escalated to IR. Root cause documented.",Brute Force on AST-CSE-05-018,patched / blocked
CS-001388,AL-001932,CSE-05,2026-09-07T20:51:00,2026-09-07T23:38:00,AN-CSE-05-05,Closed,"Investigated Brute Force on AST-CSE-05-014. Pulled IOCs, reviewed 3 artefacts, contained locally. Root cause documented.",Brute Force on AST-CSE-05-014,patched / blocked
CS-001389,AL-001934,CSE-05,2026-08-31T15:08:00,2026-08-31T16:20:00,AN-CSE-05-02,Closed,"Investigated Privilege Escalation on AST-CSE-05-008. Pulled IOCs, reviewed 8 artefacts, contained locally. Root cause documented.",Privilege Escalation on AST-CSE-05-008,patched / blocked
CS-001390,AL-001935,CSE-05,2026-08-27T22:03:00,2026-08-27T23:21:00,AN-CSE-05-01,Closed,"Investigated Lateral Movement on AST-CSE-05-004. Pulled IOCs, reviewed 3 artefacts, contained locally. Root cause documented.",Lateral Movement on AST-CSE-05-004,patched / blocked
CS-001391,AL-001936,CSE-05,2026-09-08T01:11:00,2026-09-08T03:03:00,AN-CSE-05-01,Closed,"Investigated Suspicious Login on AST-CSE-05-011. Pulled IOCs, reviewed 5 artefacts, contained locally. Root cause documented.",Suspicious Login on AST-CSE-05-011,patched / blocked
CS-001392,AL-001937,CSE-05,2026-09-01T08:33:00,2026-09-01T09:42:00,AN-CSE-05-03,Closed,"Investigated Brute Force on AST-CSE-05-016. Pulled IOCs, reviewed 8 artefacts, contained locally. Root cause documented.",Brute Force on AST-CSE-05-016,patched / blocked
CS-001393,AL-001939,CSE-05,2026-09-11T16:26:00,2026-09-11T16:28:00,AN-CSE-05-05,Closed,"Investigated Suspicious Login on AST-CSE-05-003. Pulled IOCs, reviewed 0 artefacts, contained locally. Root cause documented.",,
CS-001394,AL-001941,CSE-05,2026-08-25T01:21:00,2026-08-25T04:21:00,AN-CSE-05-02,Closed,"Investigated Phishing on AST-CSE-05-028. Pulled IOCs, reviewed 6 artefacts, contained locally. Root cause documented.",Phishing on AST-CSE-05-028,patched / blocked
CS-001395,AL-001943,CSE-05,2026-08-21T19:36:00,2026-08-21T20:19:00,AN-CSE-05-05,Closed,"Investigated Suspicious Login on AST-CSE-05-020. Pulled IOCs, reviewed 5 artefacts, contained locally. Root cause documented.",Suspicious Login on AST-CSE-05-020,patched / blocked
CS-001396,AL-001945,CSE-05,2026-08-29T20:37:00,2026-08-29T20:45:00,AN-CSE-05-02,Closed,"Investigated Brute Force on AST-CSE-05-022. Pulled IOCs, reviewed 0 artefacts, contained locally. Root cause documented.",,
CS-001397,AL-001946,CSE-05,2026-09-17T22:17:00,2026-09-18T01:04:00,AN-CSE-05-01,Escalated,"Investigated Phishing on AST-CSE-05-012. Pulled IOCs, reviewed 7 artefacts, escalated to IR. Root cause documented.",Phishing on AST-CSE-05-012,patched / blocked
CS-001398,AL-001947,CSE-05,2026-09-10T04:34:00,2026-09-10T07:17:00,AN-CSE-05-02,Closed,"Investigated C2 Beacon on AST-CSE-05-018. Pulled IOCs, reviewed 5 artefacts, contained locally. Root cause documented.",C2 Beacon on AST-CSE-05-018,patched / blocked
CS-001399,AL-001948,CSE-05,2026-09-05T11:57:00,2026-09-05T14:38:00,AN-CSE-05-01,Escalated,"Investigated Data Access Anomaly on AST-CSE-05-012. Pulled IOCs, reviewed 5 artefacts, escalated to IR. Root cause documented.",Data Access Anomaly on AST-CSE-05-012,patched / blocked
CS-001400,AL-001949,CSE-05,2026-09-12T06:57:00,2026-09-12T08:53:00,AN-CSE-05-03,Closed,"Investigated Suspicious Login on AST-CSE-05-010. Pulled IOCs, reviewed 8 artefacts, contained locally. Root cause documented.",Suspicious Login on AST-CSE-05-010,patched / blocked
CS-001401,AL-001950,CSE-05,2026-09-06T20:34:00,2026-09-06T22:45:00,AN-CSE-05-01,Closed,"Investigated Suspicious Login on AST-CSE-05-026. Pulled IOCs, reviewed 5 artefacts, contained locally. Root cause documented.",Suspicious Login on AST-CSE-05-026,patched / blocked
CS-001402,AL-001951,CSE-05,2026-08-24T00:29:00,2026-08-24T00:56:00,AN-CSE-05-04,Closed,"Investigated Exfiltration on AST-CSE-05-001. Pulled IOCs, reviewed 7 artefacts, contained locally. Root cause documented.",Exfiltration on AST-CSE-05-001,patched / blocked
CS-001403,AL-001952,CSE-05,2026-09-13T05:10:00,2026-09-13T05:37:00,AN-CSE-05-05,Closed,"Investigated Exfiltration on AST-CSE-05-026. Pulled IOCs, reviewed 6 artefacts, contained locally. Root cause documented.",Exfiltration on AST-CSE-05-026,patched / blocked
CS-001404,AL-001953,CSE-05,2026-09-07T23:10:00,2026-09-07T23:14:00,AN-CSE-05-02,Closed,"Investigated Privilege Escalation on AST-CSE-05-008. Pulled IOCs, reviewed 1 artefacts, contained locally. Root cause documented.",,
CS-001405,AL-001954,CSE-05,2026-09-07T15:39:00,2026-09-07T15:44:00,AN-CSE-05-05,Closed,"Investigated Exfiltration on AST-CSE-05-011. Pulled IOCs, reviewed 0 artefacts, contained locally. Root cause documented.",,
CS-001406,AL-001955,CSE-05,2026-09-15T08:49:00,2026-09-15T10:59:00,AN-CSE-05-02,Closed,"Investigated C2 Beacon on AST-CSE-05-001. Pulled IOCs, reviewed 6 artefacts, contained locally. Root cause documented.",C2 Beacon on AST-CSE-05-001,patched / blocked
CS-001407,AL-001956,CSE-05,2026-09-16T01:21:00,2026-09-16T02:07:00,AN-CSE-05-01,Closed,"Investigated Policy Violation on AST-CSE-05-023. Pulled IOCs, reviewed 3 artefacts, contained locally. Root cause documented.",Policy Violation on AST-CSE-05-023,patched / blocked
CS-001408,AL-001957,CSE-05,2026-08-21T19:08:00,2026-08-21T21:35:00,AN-CSE-05-03,Closed,"Investigated Phishing on AST-CSE-05-009. Pulled IOCs, reviewed 8 artefacts, contained locally. Root cause documented.",Phishing on AST-CSE-05-009,patched / blocked
CS-001409,AL-001959,CSE-05,2026-08-24T09:49:00,2026-08-24T11:35:00,AN-CSE-05-05,Closed,"Investigated Suspicious Login on AST-CSE-05-016. Pulled IOCs, reviewed 6 artefacts, contained locally. Root cause documented.",Suspicious Login on AST-CSE-05-016,patched / blocked
CS-001410,AL-001960,CSE-05,2026-08-28T22:10:00,2026-08-29T01:13:00,AN-CSE-05-03,Closed,"Investigated Exfiltration on AST-CSE-05-026. Pulled IOCs, reviewed 9 artefacts, contained locally. Root cause documented.",Exfiltration on AST-CSE-05-026,patched / blocked
CS-001411,AL-001961,CSE-05,2026-08-22T06:57:00,2026-08-22T08:15:00,AN-CSE-05-02,Closed,"Investigated Brute Force on AST-CSE-05-003. Pulled IOCs, reviewed 8 artefacts, contained locally. Root cause documented.",Brute Force on AST-CSE-05-003,patched / blocked
CS-001412,AL-001962,CSE-05,2026-08-28T17:14:00,2026-08-28T19:50:00,AN-CSE-05-04,Closed,"Investigated Lateral Movement on AST-CSE-05-011. Pulled IOCs, reviewed 3 artefacts, contained locally. Root cause documented.",Lateral Movement on AST-CSE-05-011,patched / blocked
CS-001413,AL-001963,CSE-05,2026-08-31T06:37:00,2026-08-31T07:41:00,AN-CSE-05-03,Closed,"Investigated Privilege Escalation on AST-CSE-05-018. Pulled IOCs, reviewed 5 artefacts, contained locally. Root cause documented.",Privilege Escalation on AST-CSE-05-018,patched / blocked
CS-001414,AL-001964,CSE-05,2026-09-12T19:40:00,2026-09-12T23:12:00,AN-CSE-05-03,Closed,"Investigated Suspicious Login on AST-CSE-05-004. Pulled IOCs, reviewed 5 artefacts, contained locally. Root cause documented.",Suspicious Login on AST-CSE-05-004,patched / blocked
CS-001415,AL-001965,CSE-05,2026-08-31T00:42:00,2026-08-31T01:34:00,AN-CSE-05-04,Closed,"Investigated C2 Beacon on AST-CSE-05-002. Pulled IOCs, reviewed 9 artefacts, contained locally. Root cause documented.",C2 Beacon on AST-CSE-05-002,patched / blocked
CS-001416,AL-001967,CSE-05,2026-08-31T12:08:00,2026-08-31T15:46:00,AN-CSE-05-01,Closed,"Investigated Policy Violation on AST-CSE-05-024. Pulled IOCs, reviewed 6 artefacts, contained locally. Root cause documented.",Policy Violation on AST-CSE-05-024,patched / blocked
CS-001417,AL-001970,CSE-05,2026-09-08T04:08:00,2026-09-08T07:30:00,AN-CSE-05-01,Closed,"Investigated Phishing on AST-CSE-05-002. Pulled IOCs, reviewed 8 artefacts, contained locally. Root cause documented.",Phishing on AST-CSE-05-002,patched / blocked
CS-001418,AL-001973,CSE-05,2026-08-28T23:32:00,2026-08-29T02:03:00,AN-CSE-05-04,Closed,"Investigated Phishing on AST-CSE-05-024. Pulled IOCs, reviewed 3 artefacts, contained locally. Root cause documented.",Phishing on AST-CSE-05-024,patched / blocked
CS-001419,AL-001976,CSE-05,2026-08-30T12:18:00,2026-08-30T15:10:00,AN-CSE-05-03,Closed,"Investigated Malware on AST-CSE-05-004. Pulled IOCs, reviewed 3 artefacts, contained locally. Root cause documented.",Malware on AST-CSE-05-004,patched / blocked
CS-001420,AL-001979,CSE-05,2026-09-09T20:23:00,2026-09-09T21:09:00,AN-CSE-05-02,Closed,"Investigated Exfiltration on AST-CSE-05-002. Pulled IOCs, reviewed 5 artefacts, contained locally. Root cause documented.",Exfiltration on AST-CSE-05-002,patched / blocked
CS-001421,AL-001980,CSE-05,2026-09-13T10:09:00,2026-09-13T10:17:00,AN-CSE-05-01,Closed,"Investigated Brute Force on AST-CSE-05-022. Pulled IOCs, reviewed 1 artefacts, contained locally. Root cause documented.",,
CS-001422,AL-001981,CSE-05,2026-09-13T18:19:00,2026-09-13T19:15:00,AN-CSE-05-02,Closed,"Investigated Exfiltration on AST-CSE-05-006. Pulled IOCs, reviewed 7 artefacts, contained locally. Root cause documented.",Exfiltration on AST-CSE-05-006,patched / blocked
CS-001423,AL-001982,CSE-05,2026-09-16T08:19:00,2026-09-16T10:19:00,AN-CSE-05-05,Closed,"Investigated Data Access Anomaly on AST-CSE-05-008. Pulled IOCs, reviewed 9 artefacts, contained locally. Root cause documented.",Data Access Anomaly on AST-CSE-05-008,patched / blocked
CS-001424,AL-001983,CSE-05,2026-09-03T19:01:00,2026-09-03T21:43:00,AN-CSE-05-01,Closed,"Investigated Lateral Movement on AST-CSE-05-019. Pulled IOCs, reviewed 4 artefacts, contained locally. Root cause documented.",Lateral Movement on AST-CSE-05-019,patched / blocked
CS-001425,AL-001984,CSE-05,2026-09-17T11:49:00,2026-09-17T12:04:00,AN-CSE-05-02,Escalated,"Investigated Phishing on AST-CSE-05-005. Pulled IOCs, reviewed 3 artefacts, escalated to IR. Root cause documented.",Phishing on AST-CSE-05-005,patched / blocked
CS-001426,AL-001986,CSE-05,2026-08-29T20:15:00,2026-08-29T22:55:00,AN-CSE-05-04,Closed,"Investigated Suspicious Login on AST-CSE-05-028. Pulled IOCs, reviewed 3 artefacts, contained locally. Root cause documented.",Suspicious Login on AST-CSE-05-028,patched / blocked
CS-001427,AL-001989,CSE-05,2026-09-10T22:05:00,2026-09-10T22:45:00,AN-CSE-05-05,Closed,"Investigated Brute Force on AST-CSE-05-021. Pulled IOCs, reviewed 3 artefacts, contained locally. Root cause documented.",Brute Force on AST-CSE-05-021,patched / blocked
CS-001428,AL-001990,CSE-05,2026-08-26T23:02:00,2026-08-27T02:51:00,AN-CSE-05-02,Closed,"Investigated Malware on AST-CSE-05-007. Pulled IOCs, reviewed 9 artefacts, contained locally. Root cause documented.",Malware on AST-CSE-05-007,patched / blocked
CS-001429,AL-001991,CSE-05,2026-08-25T09:39:00,2026-08-25T10:10:00,AN-CSE-05-01,Closed,"Investigated Data Access Anomaly on AST-CSE-05-011. Pulled IOCs, reviewed 6 artefacts, contained locally. Root cause documented.",Data Access Anomaly on AST-CSE-05-011,patched / blocked
CS-001430,AL-001992,CSE-05,2026-09-18T10:00:00,2026-09-18T11:36:00,AN-CSE-05-04,Closed,"Investigated C2 Beacon on AST-CSE-05-022. Pulled IOCs, reviewed 9 artefacts, contained locally. Root cause documented.",C2 Beacon on AST-CSE-05-022,patched / blocked
CS-001431,AL-001994,CSE-21,2026-09-20T00:09:00,2026-09-20T01:56:00,AN-CSE-21-03,Escalated,"Investigated Data Access Anomaly on AST-CSE-21-016. Pulled IOCs, reviewed 6 artefacts, escalated to IR. Root cause documented.",Data Access Anomaly on AST-CSE-21-016,patched / blocked
CS-001432,AL-001995,CSE-21,2026-09-01T04:52:00,2026-09-01T04:56:00,AN-CSE-21-01,Closed,"Investigated C2 Beacon on AST-CSE-21-015. Pulled IOCs, reviewed 1 artefacts, contained locally. Root cause documented.",,
CS-001433,AL-001996,CSE-21,2026-08-30T19:24:00,2026-08-30T20:31:00,AN-CSE-21-03,Closed,"Investigated Policy Violation on AST-CSE-21-012. Pulled IOCs, reviewed 6 artefacts, contained locally. Root cause documented.",Policy Violation on AST-CSE-21-012,patched / blocked
CS-001434,AL-001997,CSE-21,2026-09-19T17:37:00,2026-09-19T21:17:00,AN-CSE-21-01,Closed,"Investigated Phishing on AST-CSE-21-010. Pulled IOCs, reviewed 6 artefacts, contained locally. Root cause documented.",Phishing on AST-CSE-21-010,patched / blocked
CS-001435,AL-002000,CSE-21,2026-08-28T17:35:00,2026-08-28T18:35:00,AN-CSE-21-01,Closed,"Investigated Exfiltration on AST-CSE-21-005. Pulled IOCs, reviewed 4 artefacts, contained locally. Root cause documented.",Exfiltration on AST-CSE-21-005,patched / blocked
CS-001436,AL-002002,CSE-21,2026-09-16T18:38:00,2026-09-16T21:02:00,AN-CSE-21-03,Closed,"Investigated Exfiltration on AST-CSE-21-012. Pulled IOCs, reviewed 9 artefacts, contained locally. Root cause documented.",Exfiltration on AST-CSE-21-012,patched / blocked
CS-001437,AL-002003,CSE-21,2026-09-16T11:06:00,2026-09-16T15:02:00,AN-CSE-21-03,Closed,"Investigated C2 Beacon on AST-CSE-21-011. Pulled IOCs, reviewed 9 artefacts, contained locally. Root cause documented.",C2 Beacon on AST-CSE-21-011,patched / blocked
CS-001438,AL-002004,CSE-21,2026-09-19T12:57:00,2026-09-19T14:13:00,AN-CSE-21-01,Closed,"Investigated Malware on AST-CSE-21-016. Pulled IOCs, reviewed 8 artefacts, contained locally. Root cause documented.",Malware on AST-CSE-21-016,patched / blocked
CS-001439,AL-002007,CSE-21,2026-08-28T21:45:00,2026-08-28T23:52:00,AN-CSE-21-01,Closed,"Investigated Brute Force on AST-CSE-21-006. Pulled IOCs, reviewed 3 artefacts, contained locally. Root cause documented.",Brute Force on AST-CSE-21-006,patched / blocked
CS-001440,AL-002008,CSE-21,2026-09-19T00:25:00,2026-09-19T01:00:00,AN-CSE-21-03,Closed,"Investigated Malware on AST-CSE-21-012. Pulled IOCs, reviewed 3 artefacts, contained locally. Root cause documented.",Malware on AST-CSE-21-012,patched / blocked
CS-001441,AL-002009,CSE-21,2026-08-23T21:04:00,2026-08-24T00:12:00,AN-CSE-21-01,Closed,"Investigated Malware on AST-CSE-21-012. Pulled IOCs, reviewed 3 artefacts, contained locally. Root cause documented.",Malware on AST-CSE-21-012,patched / blocked
CS-001442,AL-002011,CSE-21,2026-09-06T09:09:00,2026-09-06T09:27:00,AN-CSE-21-02,Closed,"Investigated Lateral Movement on AST-CSE-21-005. Pulled IOCs, reviewed 3 artefacts, contained locally. Root cause documented.",Lateral Movement on AST-CSE-21-005,patched / blocked
CS-001443,AL-002013,CSE-21,2026-09-06T17:25:00,2026-09-06T21:24:00,AN-CSE-21-03,Closed,"Investigated Data Access Anomaly on AST-CSE-21-005. Pulled IOCs, reviewed 6 artefacts, contained locally. Root cause documented.",Data Access Anomaly on AST-CSE-21-005,patched / blocked
CS-001444,AL-002015,CSE-21,2026-09-10T18:55:00,2026-09-10T18:58:00,AN-CSE-21-01,Closed,"Investigated Policy Violation on AST-CSE-21-005. Pulled IOCs, reviewed 0 artefacts, contained locally. Root cause documented.",,
CS-001445,AL-002016,CSE-21,2026-09-08T18:18:00,2026-09-08T19:19:00,AN-CSE-21-03,Escalated,"Investigated Privilege Escalation on AST-CSE-21-009. Pulled IOCs, reviewed 3 artefacts, escalated to IR. Root cause documented.",Privilege Escalation on AST-CSE-21-009,patched / blocked
CS-001446,AL-002017,CSE-21,2026-08-25T12:37:00,2026-08-25T16:12:00,AN-CSE-21-02,Closed,"Investigated Lateral Movement on AST-CSE-21-010. Pulled IOCs, reviewed 9 artefacts, contained locally. Root cause documented.",Lateral Movement on AST-CSE-21-010,patched / blocked
CS-001447,AL-002019,CSE-21,2026-09-03T04:15:00,2026-09-03T04:20:00,AN-CSE-21-02,Closed,"Investigated Policy Violation on AST-CSE-21-014. Pulled IOCs, reviewed 1 artefacts, contained locally. Root cause documented.",,
CS-001448,AL-002020,CSE-21,2026-09-07T15:06:00,2026-09-07T16:01:00,AN-CSE-21-02,Closed,"Investigated Privilege Escalation on AST-CSE-21-006. Pulled IOCs, reviewed 7 artefacts, contained locally. Root cause documented.",Privilege Escalation on AST-CSE-21-006,patched / blocked
CS-001449,AL-002021,CSE-21,2026-08-24T21:01:00,2026-08-24T21:09:00,AN-CSE-21-02,Closed,"Investigated Privilege Escalation on AST-CSE-21-011. Pulled IOCs, reviewed 1 artefacts, contained locally. Root cause documented.",,
CS-001450,AL-002022,CSE-21,2026-09-18T00:35:00,2026-09-18T01:41:00,AN-CSE-21-01,Closed,"Investigated Data Access Anomaly on AST-CSE-21-015. Pulled IOCs, reviewed 8 artefacts, contained locally. Root cause documented.",Data Access Anomaly on AST-CSE-21-015,patched / blocked
CS-001451,AL-002024,CSE-21,2026-09-13T08:55:00,2026-09-13T11:19:00,AN-CSE-21-01,Closed,"Investigated Data Access Anomaly on AST-CSE-21-001. Pulled IOCs, reviewed 6 artefacts, contained locally. Root cause documented.",Data Access Anomaly on AST-CSE-21-001,patched / blocked
CS-001452,AL-002025,CSE-21,2026-09-10T13:32:00,2026-09-10T16:47:00,AN-CSE-21-03,Closed,"Investigated Brute Force on AST-CSE-21-001. Pulled IOCs, reviewed 8 artefacts, contained locally. Root cause documented.",Brute Force on AST-CSE-21-001,patched / blocked
CS-001453,AL-002026,CSE-21,2026-09-01T00:02:00,2026-09-01T01:30:00,AN-CSE-21-01,Closed,"Investigated Malware on AST-CSE-21-006. Pulled IOCs, reviewed 8 artefacts, contained locally. Root cause documented.",Malware on AST-CSE-21-006,patched / blocked
CS-001454,AL-002028,CSE-21,2026-08-23T22:12:00,2026-08-23T22:15:00,AN-CSE-21-03,Closed,"Investigated Malware on AST-CSE-21-012. Pulled IOCs, reviewed 1 artefacts, contained locally. Root cause documented.",,
CS-001455,AL-002029,CSE-21,2026-08-28T06:02:00,2026-08-28T06:08:00,AN-CSE-21-02,Closed,"Investigated Privilege Escalation on AST-CSE-21-004. Pulled IOCs, reviewed 1 artefacts, contained locally. Root cause documented.",,
CS-001456,AL-002030,CSE-21,2026-09-18T20:54:00,2026-09-19T00:50:00,AN-CSE-21-02,Closed,"Investigated Malware on AST-CSE-21-011. Pulled IOCs, reviewed 4 artefacts, contained locally. Root cause documented.",Malware on AST-CSE-21-011,patched / blocked
CS-001457,AL-002031,CSE-21,2026-09-01T14:37:00,2026-09-01T15:56:00,AN-CSE-21-03,Closed,"Investigated Privilege Escalation on AST-CSE-21-002. Pulled IOCs, reviewed 8 artefacts, contained locally. Root cause documented.",Privilege Escalation on AST-CSE-21-002,patched / blocked
CS-001458,AL-002032,CSE-21,2026-09-10T14:21:00,2026-09-10T17:58:00,AN-CSE-21-01,Closed,"Investigated Malware on AST-CSE-21-002. Pulled IOCs, reviewed 8 artefacts, contained locally. Root cause documented.",Malware on AST-CSE-21-002,patched / blocked
CS-001459,AL-002033,CSE-21,2026-09-12T00:52:00,2026-09-12T01:00:00,AN-CSE-21-01,Closed,"Investigated Data Access Anomaly on AST-CSE-21-007. Pulled IOCs, reviewed 0 artefacts, contained locally. Root cause documented.",,
CS-001460,AL-002034,CSE-21,2026-09-10T15:21:00,2026-09-10T15:28:00,AN-CSE-21-01,Closed,"Investigated Phishing on AST-CSE-21-010. Pulled IOCs, reviewed 0 artefacts, contained locally. Root cause documented.",,
CS-001461,AL-002035,CSE-21,2026-09-13T00:17:00,2026-09-13T00:48:00,AN-CSE-21-03,Closed,"Investigated Privilege Escalation on AST-CSE-21-012. Pulled IOCs, reviewed 5 artefacts, contained locally. Root cause documented.",Privilege Escalation on AST-CSE-21-012,patched / blocked
CS-001462,AL-002036,CSE-21,2026-09-04T17:24:00,2026-09-04T17:32:00,AN-CSE-21-01,Closed,"Investigated Malware on AST-CSE-21-003. Pulled IOCs, reviewed 1 artefacts, contained locally. Root cause documented.",,
CS-001463,AL-002037,CSE-21,2026-08-28T21:30:00,2026-08-29T00:48:00,AN-CSE-21-02,Closed,"Investigated Phishing on AST-CSE-21-002. Pulled IOCs, reviewed 4 artefacts, contained locally. Root cause documented.",Phishing on AST-CSE-21-002,patched / blocked
CS-001464,AL-002039,CSE-21,2026-09-07T20:31:00,2026-09-07T20:35:00,AN-CSE-21-02,Closed,"Investigated Lateral Movement on AST-CSE-21-012. Pulled IOCs, reviewed 1 artefacts, contained locally. Root cause documented.",,
CS-001465,AL-002040,CSE-21,2026-08-31T00:07:00,2026-08-31T01:16:00,AN-CSE-21-01,Closed,"Investigated Malware on AST-CSE-21-011. Pulled IOCs, reviewed 6 artefacts, contained locally. Root cause documented.",Malware on AST-CSE-21-011,patched / blocked
CS-001466,AL-002041,CSE-21,2026-09-15T02:54:00,2026-09-15T04:01:00,AN-CSE-21-02,Closed,"Investigated Brute Force on AST-CSE-21-009. Pulled IOCs, reviewed 7 artefacts, contained locally. Root cause documented.",Brute Force on AST-CSE-21-009,patched / blocked
CS-001467,AL-002042,CSE-21,2026-09-16T04:10:00,2026-09-16T08:09:00,AN-CSE-21-01,Closed,"Investigated Data Access Anomaly on AST-CSE-21-006. Pulled IOCs, reviewed 3 artefacts, contained locally. Root cause documented.",Data Access Anomaly on AST-CSE-21-006,patched / blocked
CS-001468,AL-002044,CSE-21,2026-09-20T07:04:00,2026-09-20T08:59:00,AN-CSE-21-01,Closed,"Investigated Suspicious Login on AST-CSE-21-014. Pulled IOCs, reviewed 6 artefacts, contained locally. Root cause documented.",Suspicious Login on AST-CSE-21-014,patched / blocked
CS-001469,AL-002046,CSE-21,2026-08-24T06:55:00,2026-08-24T09:46:00,AN-CSE-21-01,Closed,"Investigated Privilege Escalation on AST-CSE-21-015. Pulled IOCs, reviewed 9 artefacts, contained locally. Root cause documented.",Privilege Escalation on AST-CSE-21-015,patched / blocked
CS-001470,AL-002047,CSE-21,2026-09-13T04:34:00,2026-09-13T05:39:00,AN-CSE-21-03,Closed,"Investigated Brute Force on AST-CSE-21-010. Pulled IOCs, reviewed 9 artefacts, contained locally. Root cause documented.",Brute Force on AST-CSE-21-010,patched / blocked
CS-001471,AL-002050,CSE-21,2026-08-29T06:54:00,2026-08-29T06:58:00,AN-CSE-21-03,Closed,"Investigated Brute Force on AST-CSE-21-001. Pulled IOCs, reviewed 0 artefacts, contained locally. Root cause documented.",,
CS-001472,AL-002057,CSE-21,2026-09-14T18:47:00,2026-09-14T19:34:00,AN-CSE-21-03,Closed,"Investigated Brute Force on AST-CSE-21-016. Pulled IOCs, reviewed 8 artefacts, contained locally. Root cause documented.",Brute Force on AST-CSE-21-016,patched / blocked
CS-001473,AL-002058,CSE-21,2026-09-18T03:43:00,2026-09-18T03:48:00,AN-CSE-21-02,Closed,"Investigated Brute Force on AST-CSE-21-005. Pulled IOCs, reviewed 0 artefacts, contained locally. Root cause documented.",,
CS-001474,AL-002059,CSE-21,2026-09-08T17:22:00,2026-09-08T17:44:00,AN-CSE-21-03,Closed,"Investigated Phishing on AST-CSE-21-004. Pulled IOCs, reviewed 8 artefacts, contained locally. Root cause documented.",Phishing on AST-CSE-21-004,patched / blocked
CS-001475,AL-002060,CSE-21,2026-09-14T10:43:00,2026-09-14T10:48:00,AN-CSE-21-03,Closed,"Investigated Brute Force on AST-CSE-21-001. Pulled IOCs, reviewed 0 artefacts, contained locally. Root cause documented.",,
CS-001476,AL-002061,CSE-21,2026-08-24T07:16:00,2026-08-24T10:39:00,AN-CSE-21-01,Closed,"Investigated Policy Violation on AST-CSE-21-005. Pulled IOCs, reviewed 4 artefacts, contained locally. Root cause documented.",Policy Violation on AST-CSE-21-005,patched / blocked
CS-001477,AL-002062,CSE-21,2026-09-10T10:34:00,2026-09-10T10:49:00,AN-CSE-21-02,Closed,"Investigated Suspicious Login on AST-CSE-21-005. Pulled IOCs, reviewed 8 artefacts, contained locally. Root cause documented.",Suspicious Login on AST-CSE-21-005,patched / blocked
CS-001478,AL-002065,CSE-21,2026-08-23T16:58:00,2026-08-23T19:33:00,AN-CSE-21-01,Closed,"Investigated Policy Violation on AST-CSE-21-003. Pulled IOCs, reviewed 4 artefacts, contained locally. Root cause documented.",Policy Violation on AST-CSE-21-003,patched / blocked
CS-001479,AL-002066,CSE-21,2026-08-27T18:08:00,2026-08-27T20:02:00,AN-CSE-21-02,Closed,"Investigated Exfiltration on AST-CSE-21-001. Pulled IOCs, reviewed 6 artefacts, contained locally. Root cause documented.",Exfiltration on AST-CSE-21-001,patched / blocked
CS-001480,AL-002067,CSE-21,2026-08-24T05:53:00,2026-08-24T08:16:00,AN-CSE-21-02,Closed,"Investigated Data Access Anomaly on AST-CSE-21-005. Pulled IOCs, reviewed 3 artefacts, contained locally. Root cause documented.",Data Access Anomaly on AST-CSE-21-005,patched / blocked
CS-001481,AL-002068,CSE-21,2026-08-24T22:07:00,2026-08-25T01:39:00,AN-CSE-21-02,Closed,"Investigated Suspicious Login on AST-CSE-21-013. Pulled IOCs, reviewed 3 artefacts, contained locally. Root cause documented.",Suspicious Login on AST-CSE-21-013,patched / blocked
CS-001482,AL-002071,CSE-21,2026-09-09T11:41:00,2026-09-09T12:43:00,AN-CSE-21-03,Closed,"Investigated Lateral Movement on AST-CSE-21-007. Pulled IOCs, reviewed 6 artefacts, contained locally. Root cause documented.",Lateral Movement on AST-CSE-21-007,patched / blocked
CS-001483,AL-002072,CSE-21,2026-09-07T08:55:00,2026-09-07T10:20:00,AN-CSE-21-02,Closed,"Investigated Brute Force on AST-CSE-21-005. Pulled IOCs, reviewed 4 artefacts, contained locally. Root cause documented.",Brute Force on AST-CSE-21-005,patched / blocked
CS-001484,AL-002075,CSE-21,2026-08-29T09:18:00,2026-08-29T11:15:00,AN-CSE-21-03,Closed,"Investigated Exfiltration on AST-CSE-21-008. Pulled IOCs, reviewed 5 artefacts, contained locally. Root cause documented.",Exfiltration on AST-CSE-21-008,patched / blocked
CS-001485,AL-002078,CSE-21,2026-08-25T00:06:00,2026-08-25T02:04:00,AN-CSE-21-03,Escalated,"Investigated Phishing on AST-CSE-21-008. Pulled IOCs, reviewed 3 artefacts, escalated to IR. Root cause documented.",Phishing on AST-CSE-21-008,patched / blocked
CS-001486,AL-002079,CSE-21,2026-08-26T12:36:00,2026-08-26T14:04:00,AN-CSE-21-03,Closed,"Investigated Privilege Escalation on AST-CSE-21-009. Pulled IOCs, reviewed 6 artefacts, contained locally. Root cause documented.",Privilege Escalation on AST-CSE-21-009,patched / blocked
CS-001487,AL-002080,CSE-21,2026-08-22T12:09:00,2026-08-22T15:11:00,AN-CSE-21-02,Closed,"Investigated C2 Beacon on AST-CSE-21-015. Pulled IOCs, reviewed 5 artefacts, contained locally. Root cause documented.",C2 Beacon on AST-CSE-21-015,patched / blocked
CS-001488,AL-002082,CSE-21,2026-08-23T03:52:00,2026-08-23T05:25:00,AN-CSE-21-01,Closed,"Investigated Phishing on AST-CSE-21-013. Pulled IOCs, reviewed 5 artefacts, contained locally. Root cause documented.",Phishing on AST-CSE-21-013,patched / blocked
CS-001489,AL-002083,CSE-21,2026-08-24T16:02:00,2026-08-24T19:50:00,AN-CSE-21-02,Closed,"Investigated Data Access Anomaly on AST-CSE-21-001. Pulled IOCs, reviewed 5 artefacts, contained locally. Root cause documented.",Data Access Anomaly on AST-CSE-21-001,patched / blocked
CS-001490,AL-002084,CSE-21,2026-08-26T00:24:00,2026-08-26T02:33:00,AN-CSE-21-02,Closed,"Investigated Data Access Anomaly on AST-CSE-21-013. Pulled IOCs, reviewed 4 artefacts, contained locally. Root cause documented.",Data Access Anomaly on AST-CSE-21-013,patched / blocked
CS-001491,AL-002085,CSE-21,2026-09-12T07:45:00,2026-09-12T10:35:00,AN-CSE-21-02,Closed,"Investigated Malware on AST-CSE-21-008. Pulled IOCs, reviewed 3 artefacts, contained locally. Root cause documented.",Malware on AST-CSE-21-008,patched / blocked
CS-001492,AL-002086,CSE-21,2026-08-25T02:57:00,2026-08-25T03:02:00,AN-CSE-21-03,Closed,"Investigated C2 Beacon on AST-CSE-21-006. Pulled IOCs, reviewed 0 artefacts, contained locally. Root cause documented.",,
CS-001493,AL-002087,CSE-21,2026-09-11T01:04:00,2026-09-11T04:51:00,AN-CSE-21-02,Closed,"Investigated C2 Beacon on AST-CSE-21-006. Pulled IOCs, reviewed 3 artefacts, contained locally. Root cause documented.",C2 Beacon on AST-CSE-21-006,patched / blocked
CS-001494,AL-002089,CSE-21,2026-08-25T00:02:00,2026-08-25T00:52:00,AN-CSE-21-01,Closed,"Investigated Policy Violation on AST-CSE-21-004. Pulled IOCs, reviewed 3 artefacts, contained locally. Root cause documented.",Policy Violation on AST-CSE-21-004,patched / blocked
CS-001495,AL-002090,CSE-21,2026-09-03T03:40:00,2026-09-03T07:28:00,AN-CSE-21-01,Closed,"Investigated Phishing on AST-CSE-21-015. Pulled IOCs, reviewed 8 artefacts, contained locally. Root cause documented.",Phishing on AST-CSE-21-015,patched / blocked
CS-001496,AL-002091,CSE-21,2026-09-03T21:44:00,2026-09-04T00:50:00,AN-CSE-21-02,Closed,"Investigated C2 Beacon on AST-CSE-21-006. Pulled IOCs, reviewed 8 artefacts, contained locally. Root cause documented.",C2 Beacon on AST-CSE-21-006,patched / blocked
CS-001497,AL-002093,CSE-21,2026-08-25T07:46:00,2026-08-25T08:39:00,AN-CSE-21-02,Closed,"Investigated Privilege Escalation on AST-CSE-21-014. Pulled IOCs, reviewed 7 artefacts, contained locally. Root cause documented.",Privilege Escalation on AST-CSE-21-014,patched / blocked
CS-001498,AL-002094,CSE-21,2026-09-13T22:00:00,2026-09-13T22:35:00,AN-CSE-21-01,Closed,"Investigated Privilege Escalation on AST-CSE-21-013. Pulled IOCs, reviewed 8 artefacts, contained locally. Root cause documented.",Privilege Escalation on AST-CSE-21-013,patched / blocked
CS-001499,AL-002096,CSE-21,2026-09-15T20:06:00,2026-09-15T20:53:00,AN-CSE-21-03,Escalated,"Investigated Malware on AST-CSE-21-002. Pulled IOCs, reviewed 3 artefacts, escalated to IR. Root cause documented.",Malware on AST-CSE-21-002,patched / blocked
CS-001500,AL-002098,CSE-21,2026-09-03T15:16:00,2026-09-03T16:18:00,AN-CSE-21-01,Closed,"Investigated Lateral Movement on AST-CSE-21-004. Pulled IOCs, reviewed 3 artefacts, contained locally. Root cause documented.",Lateral Movement on AST-CSE-21-004,patched / blocked
CS-001501,AL-002101,CSE-21,2026-08-22T14:17:00,2026-08-22T15:14:00,AN-CSE-21-01,Closed,"Investigated Data Access Anomaly on AST-CSE-21-012. Pulled IOCs, reviewed 4 artefacts, contained locally. Root cause documented.",Data Access Anomaly on AST-CSE-21-012,patched / blocked
CS-001502,AL-002102,CSE-21,2026-09-13T19:22:00,2026-09-13T20:55:00,AN-CSE-21-03,Closed,"Investigated Lateral Movement on AST-CSE-21-015. Pulled IOCs, reviewed 5 artefacts, contained locally. Root cause documented.",Lateral Movement on AST-CSE-21-015,patched / blocked
CS-001503,AL-002103,CSE-21,2026-09-12T22:33:00,2026-09-12T22:56:00,AN-CSE-21-01,Closed,"Investigated Privilege Escalation on AST-CSE-21-008. Pulled IOCs, reviewed 6 artefacts, contained locally. Root cause documented.",Privilege Escalation on AST-CSE-21-008,patched / blocked
CS-001504,AL-002104,CSE-21,2026-09-06T10:28:00,2026-09-06T12:55:00,AN-CSE-21-01,Closed,"Investigated Malware on AST-CSE-21-003. Pulled IOCs, reviewed 9 artefacts, contained locally. Root cause documented.",Malware on AST-CSE-21-003,patched / blocked
CS-001505,AL-002107,CSE-21,2026-09-11T23:30:00,2026-09-12T03:02:00,AN-CSE-21-01,Closed,"Investigated Exfiltration on AST-CSE-21-014. Pulled IOCs, reviewed 5 artefacts, contained locally. Root cause documented.",Exfiltration on AST-CSE-21-014,patched / blocked
CS-001506,AL-002108,CSE-21,2026-09-13T13:51:00,2026-09-13T17:13:00,AN-CSE-21-01,Closed,"Investigated Lateral Movement on AST-CSE-21-005. Pulled IOCs, reviewed 7 artefacts, contained locally. Root cause documented.",Lateral Movement on AST-CSE-21-005,patched / blocked
CS-001507,AL-002110,CSE-21,2026-09-08T23:57:00,2026-09-09T02:55:00,AN-CSE-21-02,Closed,"Investigated Brute Force on AST-CSE-21-006. Pulled IOCs, reviewed 5 artefacts, contained locally. Root cause documented.",Brute Force on AST-CSE-21-006,patched / blocked
CS-001508,AL-002111,CSE-21,2026-09-12T15:10:00,2026-09-12T18:54:00,AN-CSE-21-03,Closed,"Investigated Malware on AST-CSE-21-012. Pulled IOCs, reviewed 4 artefacts, contained locally. Root cause documented.",Malware on AST-CSE-21-012,patched / blocked
CS-001509,AL-002112,CSE-21,2026-09-07T14:10:00,2026-09-07T15:25:00,AN-CSE-21-02,Escalated,"Investigated Suspicious Login on AST-CSE-21-004. Pulled IOCs, reviewed 3 artefacts, escalated to IR. Root cause documented.",Suspicious Login on AST-CSE-21-004,patched / blocked
CS-001510,AL-002113,CSE-21,2026-09-11T08:19:00,2026-09-11T08:42:00,AN-CSE-21-03,Closed,"Investigated Lateral Movement on AST-CSE-21-011. Pulled IOCs, reviewed 8 artefacts, contained locally. Root cause documented.",Lateral Movement on AST-CSE-21-011,patched / blocked
CS-001511,AL-002114,CSE-21,2026-08-30T10:28:00,2026-08-30T10:33:00,AN-CSE-21-02,Closed,"Investigated C2 Beacon on AST-CSE-21-008. Pulled IOCs, reviewed 1 artefacts, contained locally. Root cause documented.",,
CS-001512,AL-002115,CSE-21,2026-08-28T03:10:00,2026-08-28T04:46:00,AN-CSE-21-02,Escalated,"Investigated C2 Beacon on AST-CSE-21-012. Pulled IOCs, reviewed 5 artefacts, escalated to IR. Root cause documented.",C2 Beacon on AST-CSE-21-012,patched / blocked
CS-001513,AL-002116,CSE-21,2026-09-06T12:43:00,2026-09-06T16:19:00,AN-CSE-21-01,Closed,"Investigated Phishing on AST-CSE-21-006. Pulled IOCs, reviewed 8 artefacts, contained locally. Root cause documented.",Phishing on AST-CSE-21-006,patched / blocked
CS-001514,AL-002118,CSE-21,2026-09-09T06:57:00,2026-09-09T10:44:00,AN-CSE-21-02,Closed,"Investigated Policy Violation on AST-CSE-21-011. Pulled IOCs, reviewed 4 artefacts, contained locally. Root cause documented.",Policy Violation on AST-CSE-21-011,patched / blocked
CS-001515,AL-002119,CSE-21,2026-09-14T15:00:00,2026-09-14T18:06:00,AN-CSE-21-01,Closed,"Investigated Brute Force on AST-CSE-21-009. Pulled IOCs, reviewed 6 artefacts, contained locally. Root cause documented.",Brute Force on AST-CSE-21-009,patched / blocked
CS-001516,AL-002120,CSE-21,2026-09-18T05:24:00,2026-09-18T05:32:00,AN-CSE-21-01,Closed,"Investigated Phishing on AST-CSE-21-005. Pulled IOCs, reviewed 1 artefacts, contained locally. Root cause documented.",,
CS-001517,AL-002121,CSE-21,2026-09-05T23:58:00,2026-09-06T02:19:00,AN-CSE-21-03,Closed,"Investigated Suspicious Login on AST-CSE-21-015. Pulled IOCs, reviewed 4 artefacts, contained locally. Root cause documented.",Suspicious Login on AST-CSE-21-015,patched / blocked
CS-001518,AL-002122,CSE-21,2026-09-05T04:55:00,2026-09-05T06:02:00,AN-CSE-21-03,Closed,"Investigated C2 Beacon on AST-CSE-21-006. Pulled IOCs, reviewed 4 artefacts, contained locally. Root cause documented.",C2 Beacon on AST-CSE-21-006,patched / blocked
CS-001519,AL-002124,CSE-21,2026-08-31T05:20:00,2026-08-31T06:54:00,AN-CSE-21-03,Closed,"Investigated Privilege Escalation on AST-CSE-21-014. Pulled IOCs, reviewed 4 artefacts, contained locally. Root cause documented.",Privilege Escalation on AST-CSE-21-014,patched / blocked
CS-001520,AL-002125,CSE-21,2026-09-14T11:28:00,2026-09-14T14:16:00,AN-CSE-21-03,Closed,"Investigated C2 Beacon on AST-CSE-21-003. Pulled IOCs, reviewed 8 artefacts, contained locally. Root cause documented.",C2 Beacon on AST-CSE-21-003,patched / blocked
CS-001521,AL-002126,CSE-21,2026-09-19T06:53:00,2026-09-19T07:14:00,AN-CSE-21-03,Closed,"Investigated Lateral Movement on AST-CSE-21-006. Pulled IOCs, reviewed 9 artefacts, contained locally. Root cause documented.",Lateral Movement on AST-CSE-21-006,patched / blocked
CS-001522,AL-002127,CSE-21,2026-09-10T17:20:00,2026-09-10T18:52:00,AN-CSE-21-02,Closed,"Investigated C2 Beacon on AST-CSE-21-016. Pulled IOCs, reviewed 6 artefacts, contained locally. Root cause documented.",C2 Beacon on AST-CSE-21-016,patched / blocked
CS-001523,AL-002128,CSE-21,2026-09-02T21:35:00,2026-09-02T23:41:00,AN-CSE-21-02,Closed,"Investigated Malware on AST-CSE-21-002. Pulled IOCs, reviewed 6 artefacts, contained locally. Root cause documented.",Malware on AST-CSE-21-002,patched / blocked
CS-001524,AL-002129,CSE-21,2026-09-06T02:04:00,2026-09-06T03:15:00,AN-CSE-21-01,Closed,"Investigated Data Access Anomaly on AST-CSE-21-010. Pulled IOCs, reviewed 6 artefacts, contained locally. Root cause documented.",Data Access Anomaly on AST-CSE-21-010,patched / blocked
CS-001525,AL-002130,CSE-21,2026-09-10T10:59:00,2026-09-10T12:34:00,AN-CSE-21-02,Closed,"Investigated Malware on AST-CSE-21-014. Pulled IOCs, reviewed 8 artefacts, contained locally. Root cause documented.",Malware on AST-CSE-21-014,patched / blocked
CS-001526,AL-002131,CSE-21,2026-08-27T23:43:00,2026-08-28T00:45:00,AN-CSE-21-03,Escalated,"Investigated Lateral Movement on AST-CSE-21-016. Pulled IOCs, reviewed 6 artefacts, escalated to IR. Root cause documented.",Lateral Movement on AST-CSE-21-016,patched / blocked
CS-001527,AL-002134,CSE-02,2026-08-22T19:23:00,2026-08-22T20:23:00,AN-CSE-02-03,Closed,"Investigated Suspicious Login on AST-CSE-02-022. Pulled IOCs, reviewed 3 artefacts, contained locally. Root cause documented.",Suspicious Login on AST-CSE-02-022,patched / blocked
CS-001528,AL-002135,CSE-02,2026-09-18T13:49:00,2026-09-18T17:23:00,AN-CSE-02-01,Closed,"Investigated Data Access Anomaly on AST-CSE-02-025. Pulled IOCs, reviewed 3 artefacts, contained locally. Root cause documented.",Data Access Anomaly on AST-CSE-02-025,patched / blocked
CS-001529,AL-002136,CSE-02,2026-09-04T00:48:00,2026-09-04T04:28:00,AN-CSE-02-03,Closed,"Investigated Exfiltration on AST-CSE-02-011. Pulled IOCs, reviewed 6 artefacts, contained locally. Root cause documented.",Exfiltration on AST-CSE-02-011,patched / blocked
CS-001530,AL-002138,CSE-02,2026-09-18T07:14:00,2026-09-18T07:47:00,AN-CSE-02-05,Closed,"Investigated Exfiltration on AST-CSE-02-014. Pulled IOCs, reviewed 9 artefacts, contained locally. Root cause documented.",Exfiltration on AST-CSE-02-014,patched / blocked
CS-001531,AL-002139,CSE-02,2026-08-27T08:47:00,2026-08-27T10:42:00,AN-CSE-02-04,Closed,"Investigated Privilege Escalation on AST-CSE-02-005. Pulled IOCs, reviewed 9 artefacts, contained locally. Root cause documented.",Privilege Escalation on AST-CSE-02-005,patched / blocked
CS-001532,AL-002140,CSE-02,2026-09-09T17:39:00,2026-09-09T20:21:00,AN-CSE-02-04,Closed,"Investigated Data Access Anomaly on AST-CSE-02-017. Pulled IOCs, reviewed 6 artefacts, contained locally. Root cause documented.",Data Access Anomaly on AST-CSE-02-017,patched / blocked
CS-001533,AL-002142,CSE-02,2026-09-18T09:46:00,2026-09-18T10:18:00,AN-CSE-02-05,Closed,"Investigated C2 Beacon on AST-CSE-02-011. Pulled IOCs, reviewed 4 artefacts, contained locally. Root cause documented.",C2 Beacon on AST-CSE-02-011,patched / blocked
CS-001534,AL-002143,CSE-02,2026-09-14T14:13:00,2026-09-14T15:36:00,AN-CSE-02-02,Closed,"Investigated Lateral Movement on AST-CSE-02-006. Pulled IOCs, reviewed 4 artefacts, contained locally. Root cause documented.",Lateral Movement on AST-CSE-02-006,patched / blocked
CS-001535,AL-002144,CSE-02,2026-09-07T05:19:00,2026-09-07T06:33:00,AN-CSE-02-01,Closed,"Investigated Exfiltration on AST-CSE-02-015. Pulled IOCs, reviewed 8 artefacts, contained locally. Root cause documented.",Exfiltration on AST-CSE-02-015,patched / blocked
CS-001536,AL-002145,CSE-02,2026-08-27T13:17:00,2026-08-27T15:55:00,AN-CSE-02-04,Closed,"Investigated Data Access Anomaly on AST-CSE-02-023. Pulled IOCs, reviewed 9 artefacts, contained locally. Root cause documented.",Data Access Anomaly on AST-CSE-02-023,patched / blocked
CS-001537,AL-002147,CSE-02,2026-08-31T09:19:00,2026-08-31T10:52:00,AN-CSE-02-04,Closed,"Investigated Brute Force on AST-CSE-02-002. Pulled IOCs, reviewed 3 artefacts, contained locally. Root cause documented.",Brute Force on AST-CSE-02-002,patched / blocked
CS-001538,AL-002148,CSE-02,2026-09-11T05:07:00,2026-09-11T06:25:00,AN-CSE-02-03,Closed,"Investigated Lateral Movement on AST-CSE-02-009. Pulled IOCs, reviewed 7 artefacts, contained locally. Root cause documented.",Lateral Movement on AST-CSE-02-009,patched / blocked
CS-001539,AL-002149,CSE-02,2026-09-02T16:43:00,2026-09-02T17:44:00,AN-CSE-02-04,Closed,"Investigated Brute Force on AST-CSE-02-002. Pulled IOCs, reviewed 6 artefacts, contained locally. Root cause documented.",Brute Force on AST-CSE-02-002,patched / blocked
CS-001540,AL-002150,CSE-02,2026-09-15T19:51:00,2026-09-15T19:53:00,AN-CSE-02-05,Closed,"Investigated Brute Force on AST-CSE-02-024. Pulled IOCs, reviewed 0 artefacts, contained locally. Root cause documented.",,
CS-001541,AL-002151,CSE-02,2026-09-02T08:47:00,2026-09-02T10:05:00,AN-CSE-02-02,Closed,"Investigated Brute Force on AST-CSE-02-001. Pulled IOCs, reviewed 3 artefacts, contained locally. Root cause documented.",Brute Force on AST-CSE-02-001,patched / blocked
CS-001542,AL-002152,CSE-02,2026-09-06T09:14:00,2026-09-06T11:23:00,AN-CSE-02-01,Closed,"Investigated Exfiltration on AST-CSE-02-007. Pulled IOCs, reviewed 9 artefacts, contained locally. Root cause documented.",Exfiltration on AST-CSE-02-007,patched / blocked
CS-001543,AL-002153,CSE-02,2026-09-07T07:11:00,2026-09-07T08:59:00,AN-CSE-02-04,Closed,"Investigated Malware on AST-CSE-02-012. Pulled IOCs, reviewed 9 artefacts, contained locally. Root cause documented.",Malware on AST-CSE-02-012,patched / blocked
CS-001544,AL-002155,CSE-02,2026-08-24T20:50:00,2026-08-24T22:19:00,AN-CSE-02-02,Closed,"Investigated Suspicious Login on AST-CSE-02-019. Pulled IOCs, reviewed 8 artefacts, contained locally. Root cause documented.",Suspicious Login on AST-CSE-02-019,patched / blocked
CS-001545,AL-002156,CSE-02,2026-09-06T09:09:00,2026-09-06T12:53:00,AN-CSE-02-05,Closed,"Investigated Brute Force on AST-CSE-02-002. Pulled IOCs, reviewed 9 artefacts, contained locally. Root cause documented.",Brute Force on AST-CSE-02-002,patched / blocked
CS-001546,AL-002157,CSE-02,2026-09-14T14:09:00,2026-09-14T16:04:00,AN-CSE-02-02,Closed,"Investigated Policy Violation on AST-CSE-02-003. Pulled IOCs, reviewed 3 artefacts, contained locally. Root cause documented.",Policy Violation on AST-CSE-02-003,patched / blocked
CS-001547,AL-002158,CSE-02,2026-09-11T14:04:00,2026-09-11T17:42:00,AN-CSE-02-05,Closed,"Investigated C2 Beacon on AST-CSE-02-027. Pulled IOCs, reviewed 3 artefacts, contained locally. Root cause documented.",C2 Beacon on AST-CSE-02-027,patched / blocked
CS-001548,AL-002159,CSE-02,2026-09-11T22:54:00,2026-09-12T01:47:00,AN-CSE-02-05,Closed,"Investigated Policy Violation on AST-CSE-02-021. Pulled IOCs, reviewed 9 artefacts, contained locally. Root cause documented.",Policy Violation on AST-CSE-02-021,patched / blocked
CS-001549,AL-002162,CSE-02,2026-08-26T18:42:00,2026-08-26T22:07:00,AN-CSE-02-03,Closed,"Investigated Privilege Escalation on AST-CSE-02-026. Pulled IOCs, reviewed 8 artefacts, contained locally. Root cause documented.",Privilege Escalation on AST-CSE-02-026,patched / blocked
CS-001550,AL-002163,CSE-02,2026-09-13T21:24:00,2026-09-13T21:27:00,AN-CSE-02-01,Closed,"Investigated Policy Violation on AST-CSE-02-008. Pulled IOCs, reviewed 0 artefacts, contained locally. Root cause documented.",,
CS-001551,AL-002165,CSE-02,2026-08-27T16:57:00,2026-08-27T17:29:00,AN-CSE-02-01,Closed,"Investigated C2 Beacon on AST-CSE-02-018. Pulled IOCs, reviewed 9 artefacts, contained locally. Root cause documented.",C2 Beacon on AST-CSE-02-018,patched / blocked
CS-001552,AL-002167,CSE-02,2026-09-09T12:04:00,2026-09-09T13:03:00,AN-CSE-02-01,Closed,"Investigated Privilege Escalation on AST-CSE-02-009. Pulled IOCs, reviewed 4 artefacts, contained locally. Root cause documented.",Privilege Escalation on AST-CSE-02-009,patched / blocked
CS-001553,AL-002168,CSE-02,2026-09-13T04:25:00,2026-09-13T04:50:00,AN-CSE-02-04,Closed,"Investigated C2 Beacon on AST-CSE-02-016. Pulled IOCs, reviewed 5 artefacts, contained locally. Root cause documented.",C2 Beacon on AST-CSE-02-016,patched / blocked
CS-001554,AL-002170,CSE-02,2026-08-27T13:00:00,2026-08-27T14:11:00,AN-CSE-02-05,Closed,"Investigated Lateral Movement on AST-CSE-02-013. Pulled IOCs, reviewed 5 artefacts, contained locally. Root cause documented.",Lateral Movement on AST-CSE-02-013,patched / blocked
CS-001555,AL-002172,CSE-02,2026-09-06T11:09:00,2026-09-06T12:59:00,AN-CSE-02-02,Escalated,"Investigated Privilege Escalation on AST-CSE-02-019. Pulled IOCs, reviewed 7 artefacts, escalated to IR. Root cause documented.",Privilege Escalation on AST-CSE-02-019,patched / blocked
CS-001556,AL-002173,CSE-02,2026-09-17T16:11:00,2026-09-17T19:25:00,AN-CSE-02-03,Closed,"Investigated Suspicious Login on AST-CSE-02-025. Pulled IOCs, reviewed 6 artefacts, contained locally. Root cause documented.",Suspicious Login on AST-CSE-02-025,patched / blocked
CS-001557,AL-002174,CSE-02,2026-09-14T23:33:00,2026-09-15T02:26:00,AN-CSE-02-02,Closed,"Investigated Data Access Anomaly on AST-CSE-02-009. Pulled IOCs, reviewed 8 artefacts, contained locally. Root cause documented.",Data Access Anomaly on AST-CSE-02-009,patched / blocked
CS-001558,AL-002176,CSE-02,2026-08-22T23:38:00,2026-08-23T03:25:00,AN-CSE-02-05,Closed,"Investigated Malware on AST-CSE-02-005. Pulled IOCs, reviewed 7 artefacts, contained locally. Root cause documented.",Malware on AST-CSE-02-005,patched / blocked
CS-001559,AL-002177,CSE-02,2026-08-22T06:51:00,2026-08-22T07:29:00,AN-CSE-02-05,Closed,"Investigated Privilege Escalation on AST-CSE-02-001. Pulled IOCs, reviewed 5 artefacts, contained locally. Root cause documented.",Privilege Escalation on AST-CSE-02-001,patched / blocked
CS-001560,AL-002178,CSE-02,2026-09-10T01:12:00,2026-09-10T03:18:00,AN-CSE-02-05,Closed,"Investigated Malware on AST-CSE-02-007. Pulled IOCs, reviewed 4 artefacts, contained locally. Root cause documented.",Malware on AST-CSE-02-007,patched / blocked
CS-001561,AL-002179,CSE-02,2026-09-14T16:14:00,2026-09-14T17:20:00,AN-CSE-02-03,Closed,"Investigated Brute Force on AST-CSE-02-022. Pulled IOCs, reviewed 3 artefacts, contained locally. Root cause documented.",Brute Force on AST-CSE-02-022,patched / blocked
CS-001562,AL-002180,CSE-02,2026-09-11T16:28:00,2026-09-11T19:09:00,AN-CSE-02-01,Closed,"Investigated Phishing on AST-CSE-02-013. Pulled IOCs, reviewed 5 artefacts, contained locally. Root cause documented.",Phishing on AST-CSE-02-013,patched / blocked
CS-001563,AL-002181,CSE-02,2026-09-12T15:26:00,2026-09-12T18:12:00,AN-CSE-02-01,Closed,"Investigated Lateral Movement on AST-CSE-02-007. Pulled IOCs, reviewed 7 artefacts, contained locally. Root cause documented.",Lateral Movement on AST-CSE-02-007,patched / blocked
CS-001564,AL-002182,CSE-02,2026-08-31T09:49:00,2026-08-31T10:48:00,AN-CSE-02-02,Escalated,"Investigated Brute Force on AST-CSE-02-023. Pulled IOCs, reviewed 9 artefacts, escalated to IR. Root cause documented.",Brute Force on AST-CSE-02-023,patched / blocked
CS-001565,AL-002183,CSE-02,2026-08-22T08:15:00,2026-08-22T10:26:00,AN-CSE-02-03,Closed,"Investigated Exfiltration on AST-CSE-02-024. Pulled IOCs, reviewed 7 artefacts, contained locally. Root cause documented.",Exfiltration on AST-CSE-02-024,patched / blocked
CS-001566,AL-002186,CSE-02,2026-09-03T20:45:00,2026-09-04T00:23:00,AN-CSE-02-03,Closed,"Investigated Policy Violation on AST-CSE-02-017. Pulled IOCs, reviewed 8 artefacts, contained locally. Root cause documented.",Policy Violation on AST-CSE-02-017,patched / blocked
CS-001567,AL-002187,CSE-02,2026-08-23T23:13:00,2026-08-24T00:03:00,AN-CSE-02-03,Closed,"Investigated C2 Beacon on AST-CSE-02-021. Pulled IOCs, reviewed 7 artefacts, contained locally. Root cause documented.",C2 Beacon on AST-CSE-02-021,patched / blocked
CS-001568,AL-002188,CSE-02,2026-08-30T06:53:00,2026-08-30T08:59:00,AN-CSE-02-05,Closed,"Investigated Brute Force on AST-CSE-02-024. Pulled IOCs, reviewed 9 artefacts, contained locally. Root cause documented.",Brute Force on AST-CSE-02-024,patched / blocked
CS-001569,AL-002189,CSE-02,2026-09-20T02:16:00,2026-09-20T03:12:00,AN-CSE-02-01,Closed,"Investigated Phishing on AST-CSE-02-006. Pulled IOCs, reviewed 7 artefacts, contained locally. Root cause documented.",Phishing on AST-CSE-02-006,patched / blocked
CS-001570,AL-002191,CSE-02,2026-08-23T16:32:00,2026-08-23T16:40:00,AN-CSE-02-02,Closed,"Investigated Phishing on AST-CSE-02-028. Pulled IOCs, reviewed 1 artefacts, contained locally. Root cause documented.",,
CS-001571,AL-002192,CSE-02,2026-09-14T19:16:00,2026-09-14T21:51:00,AN-CSE-02-02,Closed,"Investigated Suspicious Login on AST-CSE-02-019. Pulled IOCs, reviewed 3 artefacts, contained locally. Root cause documented.",Suspicious Login on AST-CSE-02-019,patched / blocked
CS-001572,AL-002193,CSE-02,2026-09-19T12:16:00,2026-09-19T12:51:00,AN-CSE-02-02,Closed,"Investigated C2 Beacon on AST-CSE-02-008. Pulled IOCs, reviewed 3 artefacts, contained locally. Root cause documented.",C2 Beacon on AST-CSE-02-008,patched / blocked
CS-001573,AL-002195,CSE-02,2026-09-12T04:04:00,2026-09-12T06:44:00,AN-CSE-02-05,Closed,"Investigated Privilege Escalation on AST-CSE-02-002. Pulled IOCs, reviewed 8 artefacts, contained locally. Root cause documented.",Privilege Escalation on AST-CSE-02-002,patched / blocked
CS-001574,AL-002197,CSE-02,2026-09-02T13:33:00,2026-09-02T17:06:00,AN-CSE-02-02,Closed,"Investigated Malware on AST-CSE-02-002. Pulled IOCs, reviewed 6 artefacts, contained locally. Root cause documented.",Malware on AST-CSE-02-002,patched / blocked
CS-001575,AL-002198,CSE-02,2026-09-03T05:04:00,2026-09-03T06:57:00,AN-CSE-02-05,Closed,"Investigated Lateral Movement on AST-CSE-02-028. Pulled IOCs, reviewed 8 artefacts, contained locally. Root cause documented.",Lateral Movement on AST-CSE-02-028,patched / blocked
CS-001576,AL-002199,CSE-02,2026-08-28T09:28:00,2026-08-28T12:29:00,AN-CSE-02-03,Closed,"Investigated Policy Violation on AST-CSE-02-007. Pulled IOCs, reviewed 7 artefacts, contained locally. Root cause documented.",Policy Violation on AST-CSE-02-007,patched / blocked
CS-001577,AL-002200,CSE-02,2026-09-12T22:25:00,2026-09-12T23:12:00,AN-CSE-02-03,Closed,"Investigated C2 Beacon on AST-CSE-02-006. Pulled IOCs, reviewed 3 artefacts, contained locally. Root cause documented.",C2 Beacon on AST-CSE-02-006,patched / blocked
CS-001578,AL-002202,CSE-02,2026-09-13T00:03:00,2026-09-13T02:56:00,AN-CSE-02-02,Closed,"Investigated Suspicious Login on AST-CSE-02-018. Pulled IOCs, reviewed 8 artefacts, contained locally. Root cause documented.",Suspicious Login on AST-CSE-02-018,patched / blocked
CS-001579,AL-002203,CSE-02,2026-08-26T12:16:00,2026-08-26T14:39:00,AN-CSE-02-01,Closed,"Investigated Policy Violation on AST-CSE-02-017. Pulled IOCs, reviewed 6 artefacts, contained locally. Root cause documented.",Policy Violation on AST-CSE-02-017,patched / blocked
CS-001580,AL-002205,CSE-02,2026-09-17T16:52:00,2026-09-17T18:51:00,AN-CSE-02-04,Closed,"Investigated Exfiltration on AST-CSE-02-004. Pulled IOCs, reviewed 3 artefacts, contained locally. Root cause documented.",Exfiltration on AST-CSE-02-004,patched / blocked
CS-001581,AL-002206,CSE-02,2026-09-01T22:23:00,2026-09-02T01:01:00,AN-CSE-02-05,Closed,"Investigated Phishing on AST-CSE-02-017. Pulled IOCs, reviewed 8 artefacts, contained locally. Root cause documented.",Phishing on AST-CSE-02-017,patched / blocked
CS-001582,AL-002207,CSE-02,2026-08-30T11:15:00,2026-08-30T11:23:00,AN-CSE-02-02,Closed,"Investigated Policy Violation on AST-CSE-02-012. Pulled IOCs, reviewed 1 artefacts, contained locally. Root cause documented.",,
CS-001583,AL-002208,CSE-02,2026-08-27T06:21:00,2026-08-27T07:05:00,AN-CSE-02-03,Closed,"Investigated C2 Beacon on AST-CSE-02-023. Pulled IOCs, reviewed 4 artefacts, contained locally. Root cause documented.",C2 Beacon on AST-CSE-02-023,patched / blocked
CS-001584,AL-002209,CSE-02,2026-09-03T17:24:00,2026-09-03T18:41:00,AN-CSE-02-02,Closed,"Investigated Lateral Movement on AST-CSE-02-015. Pulled IOCs, reviewed 7 artefacts, contained locally. Root cause documented.",Lateral Movement on AST-CSE-02-015,patched / blocked
CS-001585,AL-002211,CSE-02,2026-09-05T07:12:00,2026-09-05T10:03:00,AN-CSE-02-05,Closed,"Investigated Policy Violation on AST-CSE-02-001. Pulled IOCs, reviewed 5 artefacts, contained locally. Root cause documented.",Policy Violation on AST-CSE-02-001,patched / blocked
CS-001586,AL-002212,CSE-02,2026-09-07T20:59:00,2026-09-08T00:39:00,AN-CSE-02-05,Closed,"Investigated Policy Violation on AST-CSE-02-025. Pulled IOCs, reviewed 7 artefacts, contained locally. Root cause documented.",Policy Violation on AST-CSE-02-025,patched / blocked
CS-001587,AL-002214,CSE-02,2026-08-24T02:53:00,2026-08-24T04:26:00,AN-CSE-02-04,Closed,"Investigated Data Access Anomaly on AST-CSE-02-007. Pulled IOCs, reviewed 9 artefacts, contained locally. Root cause documented.",Data Access Anomaly on AST-CSE-02-007,patched / blocked
CS-001588,AL-002216,CSE-02,2026-09-10T11:10:00,2026-09-10T14:13:00,AN-CSE-02-05,Closed,"Investigated Malware on AST-CSE-02-018. Pulled IOCs, reviewed 7 artefacts, contained locally. Root cause documented.",Malware on AST-CSE-02-018,patched / blocked
CS-001589,AL-002217,CSE-02,2026-09-17T10:50:00,2026-09-17T13:07:00,AN-CSE-02-04,Closed,"Investigated Privilege Escalation on AST-CSE-02-001. Pulled IOCs, reviewed 3 artefacts, contained locally. Root cause documented.",Privilege Escalation on AST-CSE-02-001,patched / blocked
CS-001590,AL-002218,CSE-02,2026-08-23T10:59:00,2026-08-23T13:35:00,AN-CSE-02-05,Closed,"Investigated Exfiltration on AST-CSE-02-013. Pulled IOCs, reviewed 9 artefacts, contained locally. Root cause documented.",Exfiltration on AST-CSE-02-013,patched / blocked
CS-001591,AL-002221,CSE-02,2026-08-28T08:25:00,2026-08-28T09:45:00,AN-CSE-02-03,Closed,"Investigated Exfiltration on AST-CSE-02-016. Pulled IOCs, reviewed 3 artefacts, contained locally. Root cause documented.",Exfiltration on AST-CSE-02-016,patched / blocked
CS-001592,AL-002223,CSE-02,2026-08-23T16:38:00,2026-08-23T18:29:00,AN-CSE-02-02,Closed,"Investigated Phishing on AST-CSE-02-013. Pulled IOCs, reviewed 6 artefacts, contained locally. Root cause documented.",Phishing on AST-CSE-02-013,patched / blocked
CS-001593,AL-002224,CSE-02,2026-09-02T05:08:00,2026-09-02T08:18:00,AN-CSE-02-04,Closed,"Investigated Suspicious Login on AST-CSE-02-004. Pulled IOCs, reviewed 9 artefacts, contained locally. Root cause documented.",Suspicious Login on AST-CSE-02-004,patched / blocked
CS-001594,AL-002225,CSE-02,2026-09-03T20:02:00,2026-09-03T22:37:00,AN-CSE-02-01,Closed,"Investigated Policy Violation on AST-CSE-02-014. Pulled IOCs, reviewed 6 artefacts, contained locally. Root cause documented.",Policy Violation on AST-CSE-02-014,patched / blocked
CS-001595,AL-002226,CSE-02,2026-08-31T05:33:00,2026-08-31T05:36:00,AN-CSE-02-03,Closed,"Investigated Malware on AST-CSE-02-014. Pulled IOCs, reviewed 0 artefacts, contained locally. Root cause documented.",,
CS-001596,AL-002227,CSE-02,2026-09-11T03:52:00,2026-09-11T04:23:00,AN-CSE-02-05,Closed,"Investigated Exfiltration on AST-CSE-02-008. Pulled IOCs, reviewed 6 artefacts, contained locally. Root cause documented.",Exfiltration on AST-CSE-02-008,patched / blocked
CS-001597,AL-002228,CSE-02,2026-09-02T23:08:00,2026-09-02T23:37:00,AN-CSE-02-03,Closed,"Investigated Privilege Escalation on AST-CSE-02-009. Pulled IOCs, reviewed 6 artefacts, contained locally. Root cause documented.",Privilege Escalation on AST-CSE-02-009,patched / blocked
CS-001598,AL-002229,CSE-02,2026-08-22T00:21:00,2026-08-22T02:38:00,AN-CSE-02-05,Closed,"Investigated Brute Force on AST-CSE-02-026. Pulled IOCs, reviewed 4 artefacts, contained locally. Root cause documented.",Brute Force on AST-CSE-02-026,patched / blocked
CS-001599,AL-002232,CSE-02,2026-09-12T16:33:00,2026-09-12T20:30:00,AN-CSE-02-03,Closed,"Investigated Privilege Escalation on AST-CSE-02-010. Pulled IOCs, reviewed 9 artefacts, contained locally. Root cause documented.",Privilege Escalation on AST-CSE-02-010,patched / blocked
CS-001600,AL-002233,CSE-02,2026-09-05T09:52:00,2026-09-05T11:41:00,AN-CSE-02-03,Closed,"Investigated Lateral Movement on AST-CSE-02-018. Pulled IOCs, reviewed 4 artefacts, contained locally. Root cause documented.",Lateral Movement on AST-CSE-02-018,patched / blocked
CS-001601,AL-002234,CSE-02,2026-08-28T04:35:00,2026-08-28T05:13:00,AN-CSE-02-02,Escalated,"Investigated Data Access Anomaly on AST-CSE-02-006. Pulled IOCs, reviewed 9 artefacts, escalated to IR. Root cause documented.",Data Access Anomaly on AST-CSE-02-006,patched / blocked
CS-001602,AL-002235,CSE-02,2026-08-26T15:51:00,2026-08-26T17:54:00,AN-CSE-02-04,Closed,"Investigated Policy Violation on AST-CSE-02-023. Pulled IOCs, reviewed 9 artefacts, contained locally. Root cause documented.",Policy Violation on AST-CSE-02-023,patched / blocked
CS-001603,AL-002236,CSE-02,2026-09-01T00:25:00,2026-09-01T02:07:00,AN-CSE-02-03,Closed,"Investigated Suspicious Login on AST-CSE-02-018. Pulled IOCs, reviewed 7 artefacts, contained locally. Root cause documented.",Suspicious Login on AST-CSE-02-018,patched / blocked
CS-001604,AL-002237,CSE-02,2026-09-11T06:17:00,2026-09-11T10:16:00,AN-CSE-02-03,Closed,"Investigated Brute Force on AST-CSE-02-006. Pulled IOCs, reviewed 5 artefacts, contained locally. Root cause documented.",Brute Force on AST-CSE-02-006,patched / blocked
CS-001605,AL-002238,CSE-02,2026-09-09T20:37:00,2026-09-09T21:14:00,AN-CSE-02-05,Closed,"Investigated Phishing on AST-CSE-02-013. Pulled IOCs, reviewed 3 artefacts, contained locally. Root cause documented.",Phishing on AST-CSE-02-013,patched / blocked
CS-001606,AL-002239,CSE-02,2026-09-19T00:41:00,2026-09-19T02:55:00,AN-CSE-02-05,Closed,"Investigated Suspicious Login on AST-CSE-02-002. Pulled IOCs, reviewed 6 artefacts, contained locally. Root cause documented.",Suspicious Login on AST-CSE-02-002,patched / blocked
CS-001607,AL-002240,CSE-02,2026-09-08T15:47:00,2026-09-08T15:53:00,AN-CSE-02-03,Closed,"Investigated Policy Violation on AST-CSE-02-009. Pulled IOCs, reviewed 1 artefacts, contained locally. Root cause documented.",,
CS-001608,AL-002241,CSE-02,2026-08-23T12:42:00,2026-08-23T16:38:00,AN-CSE-02-01,Closed,"Investigated Suspicious Login on AST-CSE-02-028. Pulled IOCs, reviewed 6 artefacts, contained locally. Root cause documented.",Suspicious Login on AST-CSE-02-028,patched / blocked
CS-001609,AL-002242,CSE-02,2026-08-25T17:31:00,2026-08-25T21:27:00,AN-CSE-02-02,Closed,"Investigated Data Access Anomaly on AST-CSE-02-012. Pulled IOCs, reviewed 7 artefacts, contained locally. Root cause documented.",Data Access Anomaly on AST-CSE-02-012,patched / blocked
CS-001610,AL-002243,CSE-02,2026-09-03T18:59:00,2026-09-03T21:29:00,AN-CSE-02-02,Closed,"Investigated Privilege Escalation on AST-CSE-02-002. Pulled IOCs, reviewed 4 artefacts, contained locally. Root cause documented.",Privilege Escalation on AST-CSE-02-002,patched / blocked
CS-001611,AL-002245,CSE-02,2026-09-14T18:56:00,2026-09-14T21:18:00,AN-CSE-02-03,Closed,"Investigated Suspicious Login on AST-CSE-02-016. Pulled IOCs, reviewed 7 artefacts, contained locally. Root cause documented.",Suspicious Login on AST-CSE-02-016,patched / blocked
CS-001612,AL-002246,CSE-02,2026-09-02T22:49:00,2026-09-03T00:29:00,AN-CSE-02-03,Closed,"Investigated Malware on AST-CSE-02-007. Pulled IOCs, reviewed 4 artefacts, contained locally. Root cause documented.",Malware on AST-CSE-02-007,patched / blocked
CS-001613,AL-002248,CSE-02,2026-08-24T08:38:00,2026-08-24T09:46:00,AN-CSE-02-04,Closed,"Investigated Phishing on AST-CSE-02-002. Pulled IOCs, reviewed 5 artefacts, contained locally. Root cause documented.",Phishing on AST-CSE-02-002,patched / blocked
CS-001614,AL-002249,CSE-02,2026-08-27T20:32:00,2026-08-27T23:23:00,AN-CSE-02-04,Closed,"Investigated C2 Beacon on AST-CSE-02-028. Pulled IOCs, reviewed 9 artefacts, contained locally. Root cause documented.",C2 Beacon on AST-CSE-02-028,patched / blocked
CS-001615,AL-002250,CSE-02,2026-09-13T05:08:00,2026-09-13T08:02:00,AN-CSE-02-04,Closed,"Investigated Phishing on AST-CSE-02-019. Pulled IOCs, reviewed 7 artefacts, contained locally. Root cause documented.",Phishing on AST-CSE-02-019,patched / blocked
CS-001616,AL-002251,CSE-02,2026-08-23T01:57:00,2026-08-23T04:46:00,AN-CSE-02-05,Closed,"Investigated C2 Beacon on AST-CSE-02-013. Pulled IOCs, reviewed 9 artefacts, contained locally. Root cause documented.",C2 Beacon on AST-CSE-02-013,patched / blocked
CS-001617,AL-002253,CSE-02,2026-08-29T09:26:00,2026-08-29T11:54:00,AN-CSE-02-05,Closed,"Investigated Privilege Escalation on AST-CSE-02-008. Pulled IOCs, reviewed 5 artefacts, contained locally. Root cause documented.",Privilege Escalation on AST-CSE-02-008,patched / blocked
CS-001618,AL-002256,CSE-02,2026-09-04T07:27:00,2026-09-04T08:00:00,AN-CSE-02-01,Closed,"Investigated Data Access Anomaly on AST-CSE-02-023. Pulled IOCs, reviewed 4 artefacts, contained locally. Root cause documented.",Data Access Anomaly on AST-CSE-02-023,patched / blocked
CS-001619,AL-002258,CSE-02,2026-09-10T19:26:00,2026-09-10T23:26:00,AN-CSE-02-02,Closed,"Investigated Phishing on AST-CSE-02-027. Pulled IOCs, reviewed 6 artefacts, contained locally. Root cause documented.",Phishing on AST-CSE-02-027,patched / blocked
CS-001620,AL-002259,CSE-02,2026-08-26T17:27:00,2026-08-26T18:54:00,AN-CSE-02-03,Closed,"Investigated Malware on AST-CSE-02-015. Pulled IOCs, reviewed 5 artefacts, contained locally. Root cause documented.",Malware on AST-CSE-02-015,patched / blocked
CS-001621,AL-002260,CSE-02,2026-09-13T22:29:00,2026-09-14T00:29:00,AN-CSE-02-02,Closed,"Investigated Exfiltration on AST-CSE-02-026. Pulled IOCs, reviewed 7 artefacts, contained locally. Root cause documented.",Exfiltration on AST-CSE-02-026,patched / blocked
CS-001622,AL-002262,CSE-02,2026-08-31T20:07:00,2026-08-31T21:53:00,AN-CSE-02-05,Closed,"Investigated Phishing on AST-CSE-02-004. Pulled IOCs, reviewed 7 artefacts, contained locally. Root cause documented.",Phishing on AST-CSE-02-004,patched / blocked
CS-001623,AL-002263,CSE-02,2026-08-31T14:02:00,2026-08-31T15:04:00,AN-CSE-02-05,Closed,"Investigated Malware on AST-CSE-02-027. Pulled IOCs, reviewed 9 artefacts, contained locally. Root cause documented.",Malware on AST-CSE-02-027,patched / blocked
CS-001624,AL-002264,CSE-02,2026-09-09T01:51:00,2026-09-09T03:59:00,AN-CSE-02-05,Closed,"Investigated Policy Violation on AST-CSE-02-015. Pulled IOCs, reviewed 7 artefacts, contained locally. Root cause documented.",Policy Violation on AST-CSE-02-015,patched / blocked
CS-001625,AL-002267,CSE-02,2026-08-25T17:55:00,2026-08-25T21:54:00,AN-CSE-02-01,Closed,"Investigated Phishing on AST-CSE-02-004. Pulled IOCs, reviewed 7 artefacts, contained locally. Root cause documented.",Phishing on AST-CSE-02-004,patched / blocked
CS-001626,AL-002268,CSE-02,2026-09-11T07:19:00,2026-09-11T08:41:00,AN-CSE-02-03,Closed,"Investigated Data Access Anomaly on AST-CSE-02-028. Pulled IOCs, reviewed 8 artefacts, contained locally. Root cause documented.",Data Access Anomaly on AST-CSE-02-028,patched / blocked
CS-001627,AL-002269,CSE-02,2026-09-04T01:08:00,2026-09-04T01:11:00,AN-CSE-02-05,Closed,"Investigated Data Access Anomaly on AST-CSE-02-002. Pulled IOCs, reviewed 0 artefacts, contained locally. Root cause documented.",,
CS-001628,AL-002272,CSE-02,2026-09-13T05:38:00,2026-09-13T06:13:00,AN-CSE-02-02,Closed,"Investigated Data Access Anomaly on AST-CSE-02-024. Pulled IOCs, reviewed 8 artefacts, contained locally. Root cause documented.",Data Access Anomaly on AST-CSE-02-024,patched / blocked
CS-001629,AL-002274,CSE-02,2026-08-23T23:08:00,2026-08-24T01:32:00,AN-CSE-02-04,Closed,"Investigated Phishing on AST-CSE-02-008. Pulled IOCs, reviewed 7 artefacts, contained locally. Root cause documented.",Phishing on AST-CSE-02-008,patched / blocked
CS-001630,AL-002275,CSE-02,2026-09-17T08:36:00,2026-09-17T11:49:00,AN-CSE-02-03,Closed,"Investigated Privilege Escalation on AST-CSE-02-012. Pulled IOCs, reviewed 7 artefacts, contained locally. Root cause documented.",Privilege Escalation on AST-CSE-02-012,patched / blocked
CS-001631,AL-002276,CSE-02,2026-08-22T04:30:00,2026-08-22T04:57:00,AN-CSE-02-04,Closed,"Investigated Brute Force on AST-CSE-02-022. Pulled IOCs, reviewed 9 artefacts, contained locally. Root cause documented.",Brute Force on AST-CSE-02-022,patched / blocked
CS-001632,AL-002277,CSE-02,2026-08-26T15:36:00,2026-08-26T16:59:00,AN-CSE-02-04,Closed,"Investigated Data Access Anomaly on AST-CSE-02-018. Pulled IOCs, reviewed 5 artefacts, contained locally. Root cause documented.",Data Access Anomaly on AST-CSE-02-018,patched / blocked
CS-001633,AL-002279,CSE-02,2026-09-14T01:26:00,2026-09-14T02:53:00,AN-CSE-02-03,Closed,"Investigated Privilege Escalation on AST-CSE-02-015. Pulled IOCs, reviewed 3 artefacts, contained locally. Root cause documented.",Privilege Escalation on AST-CSE-02-015,patched / blocked
CS-001634,AL-002280,CSE-02,2026-09-02T19:00:00,2026-09-02T20:09:00,AN-CSE-02-02,Closed,"Investigated Malware on AST-CSE-02-004. Pulled IOCs, reviewed 3 artefacts, contained locally. Root cause documented.",Malware on AST-CSE-02-004,patched / blocked
CS-001635,AL-002281,CSE-02,2026-09-07T07:01:00,2026-09-07T08:28:00,AN-CSE-02-05,Closed,"Investigated Policy Violation on AST-CSE-02-005. Pulled IOCs, reviewed 8 artefacts, contained locally. Root cause documented.",Policy Violation on AST-CSE-02-005,patched / blocked
CS-001636,AL-002284,CSE-02,2026-09-14T19:26:00,2026-09-14T21:56:00,AN-CSE-02-03,Closed,"Investigated Malware on AST-CSE-02-021. Pulled IOCs, reviewed 6 artefacts, contained locally. Root cause documented.",Malware on AST-CSE-02-021,patched / blocked
CS-001637,AL-002286,CSE-02,2026-09-05T08:31:00,2026-09-05T08:33:00,AN-CSE-02-03,Closed,"Investigated Policy Violation on AST-CSE-02-024. Pulled IOCs, reviewed 1 artefacts, contained locally. Root cause documented.",,
CS-001638,AL-002288,CSE-02,2026-09-13T17:28:00,2026-09-13T17:37:00,AN-CSE-02-05,Closed,"Investigated Malware on AST-CSE-02-025. Pulled IOCs, reviewed 0 artefacts, contained locally. Root cause documented.",,
CS-001639,AL-002289,CSE-02,2026-08-28T00:28:00,2026-08-28T01:42:00,AN-CSE-02-02,Closed,"Investigated Policy Violation on AST-CSE-02-018. Pulled IOCs, reviewed 6 artefacts, contained locally. Root cause documented.",Policy Violation on AST-CSE-02-018,patched / blocked
CS-001640,AL-002291,CSE-02,2026-08-24T15:05:00,2026-08-24T15:09:00,AN-CSE-02-04,Closed,"Investigated Privilege Escalation on AST-CSE-02-004. Pulled IOCs, reviewed 0 artefacts, contained locally. Root cause documented.",,
CS-001641,AL-002292,CSE-02,2026-08-26T06:58:00,2026-08-26T10:54:00,AN-CSE-02-03,Closed,"Investigated Brute Force on AST-CSE-02-013. Pulled IOCs, reviewed 4 artefacts, contained locally. Root cause documented.",Brute Force on AST-CSE-02-013,patched / blocked
CS-001642,AL-002293,CSE-02,2026-08-31T00:32:00,2026-08-31T01:55:00,AN-CSE-02-04,Escalated,"Investigated Data Access Anomaly on AST-CSE-02-003. Pulled IOCs, reviewed 9 artefacts, escalated to IR. Root cause documented.",Data Access Anomaly on AST-CSE-02-003,patched / blocked
CS-001643,AL-002294,CSE-02,2026-09-04T13:23:00,2026-09-04T14:38:00,AN-CSE-02-03,Closed,"Investigated Malware on AST-CSE-02-001. Pulled IOCs, reviewed 4 artefacts, contained locally. Root cause documented.",Malware on AST-CSE-02-001,patched / blocked
CS-001644,AL-002295,CSE-02,2026-08-31T09:57:00,2026-08-31T12:54:00,AN-CSE-02-05,Closed,"Investigated Lateral Movement on AST-CSE-02-012. Pulled IOCs, reviewed 5 artefacts, contained locally. Root cause documented.",Lateral Movement on AST-CSE-02-012,patched / blocked
CS-001645,AL-002296,CSE-02,2026-09-11T18:31:00,2026-09-11T21:08:00,AN-CSE-02-01,Closed,"Investigated Brute Force on AST-CSE-02-021. Pulled IOCs, reviewed 6 artefacts, contained locally. Root cause documented.",Brute Force on AST-CSE-02-021,patched / blocked
CS-001646,AL-002297,CSE-02,2026-08-23T17:34:00,2026-08-23T19:29:00,AN-CSE-02-02,Closed,"Investigated C2 Beacon on AST-CSE-02-024. Pulled IOCs, reviewed 3 artefacts, contained locally. Root cause documented.",C2 Beacon on AST-CSE-02-024,patched / blocked
CS-001647,AL-002299,CSE-02,2026-09-16T18:07:00,2026-09-16T19:16:00,AN-CSE-02-05,Closed,"Investigated Brute Force on AST-CSE-02-007. Pulled IOCs, reviewed 5 artefacts, contained locally. Root cause documented.",Brute Force on AST-CSE-02-007,patched / blocked
CS-001648,AL-002300,CSE-02,2026-09-08T05:57:00,2026-09-08T08:31:00,AN-CSE-02-04,Closed,"Investigated C2 Beacon on AST-CSE-02-017. Pulled IOCs, reviewed 6 artefacts, contained locally. Root cause documented.",C2 Beacon on AST-CSE-02-017,patched / blocked
CS-001649,AL-002301,CSE-02,2026-08-22T07:11:00,2026-08-22T08:51:00,AN-CSE-02-01,Escalated,"Investigated Brute Force on AST-CSE-02-023. Pulled IOCs, reviewed 9 artefacts, escalated to IR. Root cause documented.",Brute Force on AST-CSE-02-023,patched / blocked
CS-001650,AL-002302,CSE-02,2026-09-17T17:37:00,2026-09-17T20:16:00,AN-CSE-02-02,Closed,"Investigated C2 Beacon on AST-CSE-02-013. Pulled IOCs, reviewed 7 artefacts, contained locally. Root cause documented.",C2 Beacon on AST-CSE-02-013,patched / blocked
CS-001651,AL-002303,CSE-02,2026-09-01T01:59:00,2026-09-01T03:21:00,AN-CSE-02-01,Closed,"Investigated Privilege Escalation on AST-CSE-02-001. Pulled IOCs, reviewed 4 artefacts, contained locally. Root cause documented.",Privilege Escalation on AST-CSE-02-001,patched / blocked
CS-001652,AL-002304,CSE-02,2026-09-19T21:47:00,2026-09-19T22:55:00,AN-CSE-02-05,Closed,"Investigated Data Access Anomaly on AST-CSE-02-026. Pulled IOCs, reviewed 9 artefacts, contained locally. Root cause documented.",Data Access Anomaly on AST-CSE-02-026,patched / blocked
CS-001653,AL-002305,CSE-02,2026-09-18T08:47:00,2026-09-18T08:49:00,AN-CSE-02-05,Closed,"Investigated Policy Violation on AST-CSE-02-021. Pulled IOCs, reviewed 1 artefacts, contained locally. Root cause documented.",,
CS-001654,AL-002306,CSE-02,2026-09-15T08:59:00,2026-09-15T12:20:00,AN-CSE-02-03,Closed,"Investigated C2 Beacon on AST-CSE-02-003. Pulled IOCs, reviewed 9 artefacts, contained locally. Root cause documented.",C2 Beacon on AST-CSE-02-003,patched / blocked
CS-001655,AL-002307,CSE-02,2026-09-05T08:24:00,2026-09-05T09:01:00,AN-CSE-02-02,Closed,"Investigated C2 Beacon on AST-CSE-02-024. Pulled IOCs, reviewed 6 artefacts, contained locally. Root cause documented.",C2 Beacon on AST-CSE-02-024,patched / blocked
CS-001656,AL-002308,CSE-02,2026-09-07T10:51:00,2026-09-07T12:26:00,AN-CSE-02-02,Closed,"Investigated Exfiltration on AST-CSE-02-015. Pulled IOCs, reviewed 9 artefacts, contained locally. Root cause documented.",Exfiltration on AST-CSE-02-015,patched / blocked
CS-001657,AL-002309,CSE-02,2026-08-31T00:00:00,2026-08-31T01:09:00,AN-CSE-02-02,Closed,"Investigated Privilege Escalation on AST-CSE-02-006. Pulled IOCs, reviewed 7 artefacts, contained locally. Root cause documented.",Privilege Escalation on AST-CSE-02-006,patched / blocked
CS-001658,AL-002310,CSE-02,2026-08-27T14:14:00,2026-08-27T15:47:00,AN-CSE-02-01,Closed,"Investigated Phishing on AST-CSE-02-025. Pulled IOCs, reviewed 8 artefacts, contained locally. Root cause documented.",Phishing on AST-CSE-02-025,patched / blocked
CS-001659,AL-002312,CSE-02,2026-08-22T07:30:00,2026-08-22T09:44:00,AN-CSE-02-04,Closed,"Investigated Privilege Escalation on AST-CSE-02-012. Pulled IOCs, reviewed 7 artefacts, contained locally. Root cause documented.",Privilege Escalation on AST-CSE-02-012,patched / blocked
CS-001660,AL-002313,CSE-02,2026-08-30T07:43:00,2026-08-30T07:50:00,AN-CSE-02-03,Closed,"Investigated Suspicious Login on AST-CSE-02-024. Pulled IOCs, reviewed 1 artefacts, contained locally. Root cause documented.",,
CS-001661,AL-002314,CSE-02,2026-09-17T08:24:00,2026-09-17T10:56:00,AN-CSE-02-01,Closed,"Investigated C2 Beacon on AST-CSE-02-004. Pulled IOCs, reviewed 7 artefacts, contained locally. Root cause documented.",C2 Beacon on AST-CSE-02-004,patched / blocked
CS-001662,AL-002315,CSE-02,2026-09-07T13:42:00,2026-09-07T15:47:00,AN-CSE-02-05,Closed,"Investigated C2 Beacon on AST-CSE-02-006. Pulled IOCs, reviewed 5 artefacts, contained locally. Root cause documented.",C2 Beacon on AST-CSE-02-006,patched / blocked
CS-001663,AL-002316,CSE-02,2026-08-21T19:17:00,2026-08-21T21:35:00,AN-CSE-02-04,Closed,"Investigated C2 Beacon on AST-CSE-02-018. Pulled IOCs, reviewed 6 artefacts, contained locally. Root cause documented.",C2 Beacon on AST-CSE-02-018,patched / blocked
CS-001664,AL-002318,CSE-02,2026-09-16T17:58:00,2026-09-16T21:54:00,AN-CSE-02-04,Closed,"Investigated Phishing on AST-CSE-02-018. Pulled IOCs, reviewed 7 artefacts, contained locally. Root cause documented.",Phishing on AST-CSE-02-018,patched / blocked
CS-001665,AL-002319,CSE-02,2026-09-18T23:24:00,2026-09-19T03:00:00,AN-CSE-02-05,Closed,"Investigated C2 Beacon on AST-CSE-02-003. Pulled IOCs, reviewed 4 artefacts, contained locally. Root cause documented.",C2 Beacon on AST-CSE-02-003,patched / blocked
CS-001666,AL-002320,CSE-02,2026-08-26T01:46:00,2026-08-26T04:16:00,AN-CSE-02-03,Closed,"Investigated Brute Force on AST-CSE-02-020. Pulled IOCs, reviewed 6 artefacts, contained locally. Root cause documented.",Brute Force on AST-CSE-02-020,patched / blocked
CS-001667,AL-002321,CSE-02,2026-09-17T04:24:00,2026-09-17T05:54:00,AN-CSE-02-05,Closed,"Investigated Malware on AST-CSE-02-015. Pulled IOCs, reviewed 6 artefacts, contained locally. Root cause documented.",Malware on AST-CSE-02-015,patched / blocked
CS-001668,AL-002322,CSE-02,2026-09-15T05:13:00,2026-09-15T06:05:00,AN-CSE-02-04,Closed,"Investigated Malware on AST-CSE-02-005. Pulled IOCs, reviewed 9 artefacts, contained locally. Root cause documented.",Malware on AST-CSE-02-005,patched / blocked
CS-001669,AL-002323,CSE-02,2026-09-14T06:00:00,2026-09-14T08:35:00,AN-CSE-02-01,Escalated,"Investigated Privilege Escalation on AST-CSE-02-012. Pulled IOCs, reviewed 7 artefacts, escalated to IR. Root cause documented.",Privilege Escalation on AST-CSE-02-012,patched / blocked
CS-001670,AL-002325,CSE-02,2026-09-02T09:53:00,2026-09-02T13:37:00,AN-CSE-02-03,Closed,"Investigated Data Access Anomaly on AST-CSE-02-017. Pulled IOCs, reviewed 3 artefacts, contained locally. Root cause documented.",Data Access Anomaly on AST-CSE-02-017,patched / blocked
CS-001671,AL-002326,CSE-02,2026-08-26T12:20:00,2026-08-26T13:15:00,AN-CSE-02-02,Closed,"Investigated Phishing on AST-CSE-02-019. Pulled IOCs, reviewed 8 artefacts, contained locally. Root cause documented.",Phishing on AST-CSE-02-019,patched / blocked
CS-001672,AL-002330,CSE-02,2026-09-12T22:53:00,2026-09-13T00:15:00,AN-CSE-02-01,Closed,"Investigated Exfiltration on AST-CSE-02-017. Pulled IOCs, reviewed 6 artefacts, contained locally. Root cause documented.",Exfiltration on AST-CSE-02-017,patched / blocked
CS-001673,AL-002331,CSE-02,2026-09-10T09:18:00,2026-09-10T11:12:00,AN-CSE-02-05,Closed,"Investigated Suspicious Login on AST-CSE-02-004. Pulled IOCs, reviewed 8 artefacts, contained locally. Root cause documented.",Suspicious Login on AST-CSE-02-004,patched / blocked
CS-001674,AL-002333,CSE-02,2026-09-10T04:43:00,2026-09-10T06:57:00,AN-CSE-02-04,Closed,"Investigated Phishing on AST-CSE-02-001. Pulled IOCs, reviewed 5 artefacts, contained locally. Root cause documented.",Phishing on AST-CSE-02-001,patched / blocked
CS-001675,AL-002334,CSE-02,2026-09-10T17:04:00,2026-09-10T19:14:00,AN-CSE-02-03,Closed,"Investigated Data Access Anomaly on AST-CSE-02-019. Pulled IOCs, reviewed 6 artefacts, contained locally. Root cause documented.",Data Access Anomaly on AST-CSE-02-019,patched / blocked
CS-001676,AL-002335,CSE-02,2026-09-03T07:43:00,2026-09-03T07:46:00,AN-CSE-02-01,Closed,"Investigated Malware on AST-CSE-02-023. Pulled IOCs, reviewed 0 artefacts, contained locally. Root cause documented.",,
CS-001677,AL-002336,CSE-02,2026-09-01T03:00:00,2026-09-01T05:00:00,AN-CSE-02-02,Closed,"Investigated Lateral Movement on AST-CSE-02-005. Pulled IOCs, reviewed 4 artefacts, contained locally. Root cause documented.",Lateral Movement on AST-CSE-02-005,patched / blocked
CS-001678,AL-002337,CSE-02,2026-09-17T20:44:00,2026-09-17T23:03:00,AN-CSE-02-03,Closed,"Investigated Privilege Escalation on AST-CSE-02-017. Pulled IOCs, reviewed 4 artefacts, contained locally. Root cause documented.",Privilege Escalation on AST-CSE-02-017,patched / blocked
CS-001679,AL-002338,CSE-02,2026-09-15T04:38:00,2026-09-15T06:13:00,AN-CSE-02-04,Closed,"Investigated Lateral Movement on AST-CSE-02-021. Pulled IOCs, reviewed 3 artefacts, contained locally. Root cause documented.",Lateral Movement on AST-CSE-02-021,patched / blocked
CS-001680,AL-002339,CSE-02,2026-09-03T07:25:00,2026-09-03T08:14:00,AN-CSE-02-03,Closed,"Investigated Phishing on AST-CSE-02-020. Pulled IOCs, reviewed 8 artefacts, contained locally. Root cause documented.",Phishing on AST-CSE-02-020,patched / blocked
CS-001681,AL-002340,CSE-02,2026-09-10T00:24:00,2026-09-10T02:25:00,AN-CSE-02-01,Closed,"Investigated Brute Force on AST-CSE-02-003. Pulled IOCs, reviewed 3 artefacts, contained locally. Root cause documented.",Brute Force on AST-CSE-02-003,patched / blocked
CS-001682,AL-002341,CSE-02,2026-09-13T10:44:00,2026-09-13T11:17:00,AN-CSE-02-04,Closed,"Investigated Policy Violation on AST-CSE-02-002. Pulled IOCs, reviewed 3 artefacts, contained locally. Root cause documented.",Policy Violation on AST-CSE-02-002,patched / blocked
CS-001683,AL-002342,CSE-02,2026-09-06T09:59:00,2026-09-06T13:29:00,AN-CSE-02-01,Closed,"Investigated Lateral Movement on AST-CSE-02-018. Pulled IOCs, reviewed 4 artefacts, contained locally. Root cause documented.",Lateral Movement on AST-CSE-02-018,patched / blocked
CS-001684,AL-002345,CSE-02,2026-08-28T10:04:00,2026-08-28T11:00:00,AN-CSE-02-03,Closed,"Investigated Exfiltration on AST-CSE-02-025. Pulled IOCs, reviewed 6 artefacts, contained locally. Root cause documented.",Exfiltration on AST-CSE-02-025,patched / blocked
CS-001685,AL-002346,CSE-02,2026-09-20T08:21:00,2026-09-20T08:42:00,AN-CSE-02-01,Closed,"Investigated Exfiltration on AST-CSE-02-008. Pulled IOCs, reviewed 5 artefacts, contained locally. Root cause documented.",Exfiltration on AST-CSE-02-008,patched / blocked
CS-001686,AL-002347,CSE-02,2026-09-10T20:06:00,2026-09-10T21:55:00,AN-CSE-02-02,Closed,"Investigated Lateral Movement on AST-CSE-02-024. Pulled IOCs, reviewed 7 artefacts, contained locally. Root cause documented.",Lateral Movement on AST-CSE-02-024,patched / blocked
CS-001687,AL-002348,CSE-02,2026-09-03T06:50:00,2026-09-03T10:21:00,AN-CSE-02-03,Closed,"Investigated Policy Violation on AST-CSE-02-003. Pulled IOCs, reviewed 8 artefacts, contained locally. Root cause documented.",Policy Violation on AST-CSE-02-003,patched / blocked
CS-001688,AL-002350,CSE-02,2026-08-21T13:10:00,2026-08-21T17:09:00,AN-CSE-02-04,Closed,"Investigated C2 Beacon on AST-CSE-02-026. Pulled IOCs, reviewed 4 artefacts, contained locally. Root cause documented.",C2 Beacon on AST-CSE-02-026,patched / blocked
CS-001689,AL-002351,CSE-02,2026-08-22T22:06:00,2026-08-23T02:05:00,AN-CSE-02-05,Closed,"Investigated Data Access Anomaly on AST-CSE-02-003. Pulled IOCs, reviewed 9 artefacts, contained locally. Root cause documented.",Data Access Anomaly on AST-CSE-02-003,patched / blocked
CS-001690,AL-002352,CSE-02,2026-09-06T09:18:00,2026-09-06T12:21:00,AN-CSE-02-02,Closed,"Investigated Data Access Anomaly on AST-CSE-02-026. Pulled IOCs, reviewed 4 artefacts, contained locally. Root cause documented.",Data Access Anomaly on AST-CSE-02-026,patched / blocked
CS-001691,AL-002353,CSE-02,2026-08-22T08:09:00,2026-08-22T10:53:00,AN-CSE-02-05,Closed,"Investigated Malware on AST-CSE-02-001. Pulled IOCs, reviewed 6 artefacts, contained locally. Root cause documented.",Malware on AST-CSE-02-001,patched / blocked
CS-001692,AL-002354,CSE-02,2026-08-24T03:09:00,2026-08-24T04:42:00,AN-CSE-02-02,Closed,"Investigated Brute Force on AST-CSE-02-005. Pulled IOCs, reviewed 8 artefacts, contained locally. Root cause documented.",Brute Force on AST-CSE-02-005,patched / blocked
CS-001693,AL-002355,CSE-02,2026-09-17T07:55:00,2026-09-17T10:05:00,AN-CSE-02-03,Closed,"Investigated C2 Beacon on AST-CSE-02-024. Pulled IOCs, reviewed 9 artefacts, contained locally. Root cause documented.",C2 Beacon on AST-CSE-02-024,patched / blocked
CS-001694,AL-002359,CSE-02,2026-08-23T19:09:00,2026-08-23T21:44:00,AN-CSE-02-02,Closed,"Investigated Exfiltration on AST-CSE-02-019. Pulled IOCs, reviewed 7 artefacts, contained locally. Root cause documented.",Exfiltration on AST-CSE-02-019,patched / blocked
CS-001695,AL-002360,CSE-02,2026-09-07T23:44:00,2026-09-08T00:29:00,AN-CSE-02-01,Closed,"Investigated C2 Beacon on AST-CSE-02-019. Pulled IOCs, reviewed 9 artefacts, contained locally. Root cause documented.",C2 Beacon on AST-CSE-02-019,patched / blocked
CS-001696,AL-002362,CSE-02,2026-09-16T13:35:00,2026-09-16T17:05:00,AN-CSE-02-01,Closed,"Investigated Lateral Movement on AST-CSE-02-006. Pulled IOCs, reviewed 7 artefacts, contained locally. Root cause documented.",Lateral Movement on AST-CSE-02-006,patched / blocked
CS-001697,AL-002363,CSE-02,2026-09-16T13:14:00,2026-09-16T13:48:00,AN-CSE-02-05,Closed,"Investigated Lateral Movement on AST-CSE-02-001. Pulled IOCs, reviewed 4 artefacts, contained locally. Root cause documented.",Lateral Movement on AST-CSE-02-001,patched / blocked
CS-001698,AL-002364,CSE-02,2026-09-05T18:08:00,2026-09-05T18:35:00,AN-CSE-02-05,Closed,"Investigated Lateral Movement on AST-CSE-02-002. Pulled IOCs, reviewed 3 artefacts, contained locally. Root cause documented.",Lateral Movement on AST-CSE-02-002,patched / blocked
CS-001699,AL-002365,CSE-02,2026-09-20T05:41:00,2026-09-20T05:46:00,AN-CSE-02-04,Closed,"Investigated Exfiltration on AST-CSE-02-026. Pulled IOCs, reviewed 0 artefacts, contained locally. Root cause documented.",,
CS-001700,AL-002366,CSE-02,2026-09-01T21:12:00,2026-09-02T00:51:00,AN-CSE-02-05,Closed,"Investigated Policy Violation on AST-CSE-02-025. Pulled IOCs, reviewed 8 artefacts, contained locally. Root cause documented.",Policy Violation on AST-CSE-02-025,patched / blocked
CS-001701,AL-002369,CSE-02,2026-09-06T01:46:00,2026-09-06T02:31:00,AN-CSE-02-03,Closed,"Investigated Phishing on AST-CSE-02-004. Pulled IOCs, reviewed 3 artefacts, contained locally. Root cause documented.",Phishing on AST-CSE-02-004,patched / blocked
CS-001702,AL-002373,CSE-02,2026-08-27T08:26:00,2026-08-27T12:20:00,AN-CSE-02-02,Closed,"Investigated Exfiltration on AST-CSE-02-013. Pulled IOCs, reviewed 4 artefacts, contained locally. Root cause documented.",Exfiltration on AST-CSE-02-013,patched / blocked
CS-001703,AL-002375,CSE-02,2026-09-05T19:58:00,2026-09-05T21:23:00,AN-CSE-02-01,Closed,"Investigated Privilege Escalation on AST-CSE-02-018. Pulled IOCs, reviewed 8 artefacts, contained locally. Root cause documented.",Privilege Escalation on AST-CSE-02-018,patched / blocked
CS-001704,AL-002376,CSE-02,2026-09-08T06:50:00,2026-09-08T07:14:00,AN-CSE-02-01,Closed,"Investigated Brute Force on AST-CSE-02-007. Pulled IOCs, reviewed 9 artefacts, contained locally. Root cause documented.",Brute Force on AST-CSE-02-007,patched / blocked
CS-001705,AL-002377,CSE-02,2026-08-23T21:44:00,2026-08-23T22:09:00,AN-CSE-02-04,Closed,"Investigated C2 Beacon on AST-CSE-02-020. Pulled IOCs, reviewed 6 artefacts, contained locally. Root cause documented.",C2 Beacon on AST-CSE-02-020,patched / blocked
CS-001706,AL-002378,CSE-02,2026-08-31T13:53:00,2026-08-31T15:41:00,AN-CSE-02-02,Escalated,"Investigated Privilege Escalation on AST-CSE-02-022. Pulled IOCs, reviewed 8 artefacts, escalated to IR. Root cause documented.",Privilege Escalation on AST-CSE-02-022,patched / blocked
CS-001707,AL-002379,CSE-02,2026-08-28T08:07:00,2026-08-28T11:57:00,AN-CSE-02-04,Closed,"Investigated Phishing on AST-CSE-02-005. Pulled IOCs, reviewed 4 artefacts, contained locally. Root cause documented.",Phishing on AST-CSE-02-005,patched / blocked
CS-001708,AL-002382,CSE-02,2026-09-10T18:06:00,2026-09-10T19:22:00,AN-CSE-02-03,Closed,"Investigated Lateral Movement on AST-CSE-02-018. Pulled IOCs, reviewed 3 artefacts, contained locally. Root cause documented.",Lateral Movement on AST-CSE-02-018,patched / blocked
CS-001709,AL-002383,CSE-02,2026-09-01T09:08:00,2026-09-01T10:26:00,AN-CSE-02-01,Closed,"Investigated Phishing on AST-CSE-02-010. Pulled IOCs, reviewed 3 artefacts, contained locally. Root cause documented.",Phishing on AST-CSE-02-010,patched / blocked
CS-001710,AL-002384,CSE-02,2026-09-07T20:14:00,2026-09-07T23:36:00,AN-CSE-02-03,Closed,"Investigated Privilege Escalation on AST-CSE-02-004. Pulled IOCs, reviewed 7 artefacts, contained locally. Root cause documented.",Privilege Escalation on AST-CSE-02-004,patched / blocked
CS-001711,AL-002386,CSE-02,2026-09-20T08:04:00,2026-09-20T08:12:00,AN-CSE-02-03,Closed,"Investigated Phishing on AST-CSE-02-003. Pulled IOCs, reviewed 1 artefacts, contained locally. Root cause documented.",,
CS-001712,AL-002387,CSE-02,2026-08-24T17:10:00,2026-08-24T18:01:00,AN-CSE-02-04,Closed,"Investigated Brute Force on AST-CSE-02-025. Pulled IOCs, reviewed 5 artefacts, contained locally. Root cause documented.",Brute Force on AST-CSE-02-025,patched / blocked
CS-001713,AL-002388,CSE-02,2026-08-28T08:52:00,2026-08-28T11:06:00,AN-CSE-02-05,Closed,"Investigated Suspicious Login on AST-CSE-02-008. Pulled IOCs, reviewed 6 artefacts, contained locally. Root cause documented.",Suspicious Login on AST-CSE-02-008,patched / blocked
CS-001714,AL-002389,CSE-02,2026-09-02T00:12:00,2026-09-02T00:52:00,AN-CSE-02-05,Closed,"Investigated Phishing on AST-CSE-02-026. Pulled IOCs, reviewed 5 artefacts, contained locally. Root cause documented.",Phishing on AST-CSE-02-026,patched / blocked
CS-001715,AL-002390,CSE-02,2026-08-31T10:12:00,2026-08-31T11:30:00,AN-CSE-02-05,Closed,"Investigated Brute Force on AST-CSE-02-009. Pulled IOCs, reviewed 8 artefacts, contained locally. Root cause documented.",Brute Force on AST-CSE-02-009,patched / blocked
CS-001716,AL-002391,CSE-02,2026-09-10T22:12:00,2026-09-11T00:20:00,AN-CSE-02-03,Closed,"Investigated Brute Force on AST-CSE-02-001. Pulled IOCs, reviewed 9 artefacts, contained locally. Root cause documented.",Brute Force on AST-CSE-02-001,patched / blocked
CS-001717,AL-002392,CSE-02,2026-09-17T21:54:00,2026-09-17T22:24:00,AN-CSE-02-01,Escalated,"Investigated Brute Force on AST-CSE-02-015. Pulled IOCs, reviewed 9 artefacts, escalated to IR. Root cause documented.",Brute Force on AST-CSE-02-015,patched / blocked
CS-001718,AL-002393,CSE-09,2026-09-11T10:32:00,2026-09-11T11:26:00,AN-CSE-09-02,Closed,"Investigated Suspicious Login on AST-CSE-09-006. Pulled IOCs, reviewed 3 artefacts, contained locally. Root cause documented.",Suspicious Login on AST-CSE-09-006,patched / blocked
CS-001719,AL-002394,CSE-09,2026-09-17T13:47:00,2026-09-17T16:22:00,AN-CSE-09-02,Closed,"Investigated Lateral Movement on AST-CSE-09-013. Pulled IOCs, reviewed 6 artefacts, contained locally. Root cause documented.",Lateral Movement on AST-CSE-09-013,patched / blocked
CS-001720,AL-002395,CSE-09,2026-09-16T05:03:00,2026-09-16T07:32:00,AN-CSE-09-03,Closed,"Investigated Brute Force on AST-CSE-09-014. Pulled IOCs, reviewed 9 artefacts, contained locally. Root cause documented.",Brute Force on AST-CSE-09-014,patched / blocked
CS-001721,AL-002397,CSE-09,2026-09-10T00:11:00,2026-09-10T01:54:00,AN-CSE-09-01,Escalated,"Investigated Brute Force on AST-CSE-09-008. Pulled IOCs, reviewed 9 artefacts, escalated to IR. Root cause documented.",Brute Force on AST-CSE-09-008,patched / blocked
CS-001722,AL-002398,CSE-09,2026-09-06T12:55:00,2026-09-06T15:05:00,AN-CSE-09-02,Closed,"Investigated Policy Violation on AST-CSE-09-005. Pulled IOCs, reviewed 6 artefacts, contained locally. Root cause documented.",Policy Violation on AST-CSE-09-005,patched / blocked
CS-001723,AL-002400,CSE-09,2026-09-09T03:50:00,2026-09-09T06:40:00,AN-CSE-09-02,Closed,"Investigated Policy Violation on AST-CSE-09-015. Pulled IOCs, reviewed 8 artefacts, contained locally. Root cause documented.",Policy Violation on AST-CSE-09-015,patched / blocked
CS-001724,AL-002401,CSE-09,2026-08-24T06:30:00,2026-08-24T06:34:00,AN-CSE-09-01,Closed,"Investigated Suspicious Login on AST-CSE-09-008. Pulled IOCs, reviewed 1 artefacts, contained locally. Root cause documented.",,
CS-001725,AL-002402,CSE-09,2026-09-15T06:19:00,2026-09-15T07:01:00,AN-CSE-09-01,Escalated,"Investigated Brute Force on AST-CSE-09-007. Pulled IOCs, reviewed 9 artefacts, escalated to IR. Root cause documented.",Brute Force on AST-CSE-09-007,patched / blocked
CS-001726,AL-002403,CSE-09,2026-09-04T22:22:00,2026-09-04T23:09:00,AN-CSE-09-01,Closed,"Investigated Privilege Escalation on AST-CSE-09-015. Pulled IOCs, reviewed 6 artefacts, contained locally. Root cause documented.",Privilege Escalation on AST-CSE-09-015,patched / blocked
CS-001727,AL-002405,CSE-09,2026-09-16T22:23:00,2026-09-17T02:22:00,AN-CSE-09-01,Closed,"Investigated Malware on AST-CSE-09-008. Pulled IOCs, reviewed 9 artefacts, contained locally. Root cause documented.",Malware on AST-CSE-09-008,patched / blocked
CS-001728,AL-002407,CSE-09,2026-09-18T10:33:00,2026-09-18T11:11:00,AN-CSE-09-03,Closed,"Investigated Exfiltration on AST-CSE-09-013. Pulled IOCs, reviewed 6 artefacts, contained locally. Root cause documented.",Exfiltration on AST-CSE-09-013,patched / blocked
CS-001729,AL-002408,CSE-09,2026-09-17T23:01:00,2026-09-18T02:40:00,AN-CSE-09-01,Closed,"Investigated Lateral Movement on AST-CSE-09-001. Pulled IOCs, reviewed 3 artefacts, contained locally. Root cause documented.",Lateral Movement on AST-CSE-09-001,patched / blocked
CS-001730,AL-002409,CSE-09,2026-09-14T05:49:00,2026-09-14T06:55:00,AN-CSE-09-02,Closed,"Investigated Malware on AST-CSE-09-001. Pulled IOCs, reviewed 5 artefacts, contained locally. Root cause documented.",Malware on AST-CSE-09-001,patched / blocked
CS-001731,AL-002410,CSE-09,2026-09-16T21:50:00,2026-09-16T23:58:00,AN-CSE-09-03,Closed,"Investigated Data Access Anomaly on AST-CSE-09-013. Pulled IOCs, reviewed 6 artefacts, contained locally. Root cause documented.",Data Access Anomaly on AST-CSE-09-013,patched / blocked
CS-001732,AL-002411,CSE-09,2026-09-02T10:13:00,2026-09-02T10:20:00,AN-CSE-09-02,Closed,"Investigated Suspicious Login on AST-CSE-09-001. Pulled IOCs, reviewed 1 artefacts, contained locally. Root cause documented.",,
CS-001733,AL-002412,CSE-09,2026-08-31T12:21:00,2026-08-31T15:39:00,AN-CSE-09-03,Closed,"Investigated Brute Force on AST-CSE-09-002. Pulled IOCs, reviewed 7 artefacts, contained locally. Root cause documented.",Brute Force on AST-CSE-09-002,patched / blocked
CS-001734,AL-002413,CSE-09,2026-09-14T20:49:00,2026-09-14T21:49:00,AN-CSE-09-03,Closed,"Investigated Brute Force on AST-CSE-09-008. Pulled IOCs, reviewed 7 artefacts, contained locally. Root cause documented.",Brute Force on AST-CSE-09-008,patched / blocked
CS-001735,AL-002414,CSE-09,2026-09-19T02:11:00,2026-09-19T02:46:00,AN-CSE-09-03,Closed,"Investigated Lateral Movement on AST-CSE-09-013. Pulled IOCs, reviewed 4 artefacts, contained locally. Root cause documented.",Lateral Movement on AST-CSE-09-013,patched / blocked
CS-001736,AL-002415,CSE-09,2026-09-10T06:31:00,2026-09-10T08:08:00,AN-CSE-09-01,Closed,"Investigated Policy Violation on AST-CSE-09-014. Pulled IOCs, reviewed 5 artefacts, contained locally. Root cause documented.",Policy Violation on AST-CSE-09-014,patched / blocked
CS-001737,AL-002417,CSE-09,2026-09-06T12:29:00,2026-09-06T16:25:00,AN-CSE-09-02,Closed,"Investigated Exfiltration on AST-CSE-09-014. Pulled IOCs, reviewed 9 artefacts, contained locally. Root cause documented.",Exfiltration on AST-CSE-09-014,patched / blocked
CS-001738,AL-002418,CSE-09,2026-08-29T13:01:00,2026-08-29T16:56:00,AN-CSE-09-01,Closed,"Investigated Malware on AST-CSE-09-006. Pulled IOCs, reviewed 9 artefacts, contained locally. Root cause documented.",Malware on AST-CSE-09-006,patched / blocked
CS-001739,AL-002419,CSE-09,2026-09-18T00:11:00,2026-09-18T00:16:00,AN-CSE-09-02,Closed,"Investigated Brute Force on AST-CSE-09-002. Pulled IOCs, reviewed 0 artefacts, contained locally. Root cause documented.",,
CS-001740,AL-002420,CSE-09,2026-08-22T10:23:00,2026-08-22T11:23:00,AN-CSE-09-01,Closed,"Investigated Exfiltration on AST-CSE-09-009. Pulled IOCs, reviewed 5 artefacts, contained locally. Root cause documented.",Exfiltration on AST-CSE-09-009,patched / blocked
CS-001741,AL-002421,CSE-09,2026-09-15T04:38:00,2026-09-15T06:28:00,AN-CSE-09-01,Closed,"Investigated Lateral Movement on AST-CSE-09-008. Pulled IOCs, reviewed 8 artefacts, contained locally. Root cause documented.",Lateral Movement on AST-CSE-09-008,patched / blocked
CS-001742,AL-002422,CSE-09,2026-08-22T12:46:00,2026-08-22T13:09:00,AN-CSE-09-02,Closed,"Investigated Malware on AST-CSE-09-012. Pulled IOCs, reviewed 4 artefacts, contained locally. Root cause documented.",Malware on AST-CSE-09-012,patched / blocked
CS-001743,AL-002423,CSE-09,2026-08-27T04:48:00,2026-08-27T06:11:00,AN-CSE-09-01,Closed,"Investigated Lateral Movement on AST-CSE-09-010. Pulled IOCs, reviewed 6 artefacts, contained locally. Root cause documented.",Lateral Movement on AST-CSE-09-010,patched / blocked
CS-001744,AL-002424,CSE-09,2026-09-03T11:38:00,2026-09-03T14:10:00,AN-CSE-09-03,Escalated,"Investigated Brute Force on AST-CSE-09-014. Pulled IOCs, reviewed 8 artefacts, escalated to IR. Root cause documented.",Brute Force on AST-CSE-09-014,patched / blocked
CS-001745,AL-002426,CSE-09,2026-08-31T16:21:00,2026-08-31T17:11:00,AN-CSE-09-01,Closed,"Investigated Privilege Escalation on AST-CSE-09-013. Pulled IOCs, reviewed 4 artefacts, contained locally. Root cause documented.",Privilege Escalation on AST-CSE-09-013,patched / blocked
CS-001746,AL-002427,CSE-09,2026-09-04T21:41:00,2026-09-04T22:36:00,AN-CSE-09-03,Closed,"Investigated C2 Beacon on AST-CSE-09-016. Pulled IOCs, reviewed 3 artefacts, contained locally. Root cause documented.",C2 Beacon on AST-CSE-09-016,patched / blocked
CS-001747,AL-002429,CSE-09,2026-09-07T21:56:00,2026-09-08T00:14:00,AN-CSE-09-03,Closed,"Investigated Data Access Anomaly on AST-CSE-09-004. Pulled IOCs, reviewed 5 artefacts, contained locally. Root cause documented.",Data Access Anomaly on AST-CSE-09-004,patched / blocked
CS-001748,AL-002431,CSE-09,2026-08-23T07:16:00,2026-08-23T09:24:00,AN-CSE-09-01,Closed,"Investigated Exfiltration on AST-CSE-09-013. Pulled IOCs, reviewed 3 artefacts, contained locally. Root cause documented.",Exfiltration on AST-CSE-09-013,patched / blocked
CS-001749,AL-002432,CSE-09,2026-09-02T06:18:00,2026-09-02T06:24:00,AN-CSE-09-03,Closed,"Investigated Malware on AST-CSE-09-008. Pulled IOCs, reviewed 1 artefacts, contained locally. Root cause documented.",,
CS-001750,AL-002433,CSE-09,2026-09-14T13:54:00,2026-09-14T15:07:00,AN-CSE-09-01,Escalated,"Investigated Exfiltration on AST-CSE-09-005. Pulled IOCs, reviewed 9 artefacts, escalated to IR. Root cause documented.",Exfiltration on AST-CSE-09-005,patched / blocked
CS-001751,AL-002434,CSE-09,2026-09-13T12:11:00,2026-09-13T15:09:00,AN-CSE-09-01,Closed,"Investigated Privilege Escalation on AST-CSE-09-001. Pulled IOCs, reviewed 3 artefacts, contained locally. Root cause documented.",Privilege Escalation on AST-CSE-09-001,patched / blocked
CS-001752,AL-002435,CSE-09,2026-09-05T20:02:00,2026-09-05T20:57:00,AN-CSE-09-03,Closed,"Investigated Malware on AST-CSE-09-008. Pulled IOCs, reviewed 5 artefacts, contained locally. Root cause documented.",Malware on AST-CSE-09-008,patched / blocked
CS-001753,AL-002436,CSE-09,2026-09-12T07:51:00,2026-09-12T09:11:00,AN-CSE-09-01,Closed,"Investigated Privilege Escalation on AST-CSE-09-005. Pulled IOCs, reviewed 8 artefacts, contained locally. Root cause documented.",Privilege Escalation on AST-CSE-09-005,patched / blocked
CS-001754,AL-002437,CSE-09,2026-09-02T06:13:00,2026-09-02T08:51:00,AN-CSE-09-01,Closed,"Investigated Suspicious Login on AST-CSE-09-011. Pulled IOCs, reviewed 6 artefacts, contained locally. Root cause documented.",Suspicious Login on AST-CSE-09-011,patched / blocked
CS-001755,AL-002439,CSE-09,2026-08-23T16:57:00,2026-08-23T19:30:00,AN-CSE-09-01,Closed,"Investigated Privilege Escalation on AST-CSE-09-014. Pulled IOCs, reviewed 8 artefacts, contained locally. Root cause documented.",Privilege Escalation on AST-CSE-09-014,patched / blocked
CS-001756,AL-002440,CSE-09,2026-09-04T01:20:00,2026-09-04T01:27:00,AN-CSE-09-03,Closed,"Investigated Exfiltration on AST-CSE-09-014. Pulled IOCs, reviewed 0 artefacts, contained locally. Root cause documented.",,
CS-001757,AL-002443,CSE-09,2026-09-01T23:50:00,2026-09-02T00:51:00,AN-CSE-09-03,Closed,"Investigated Privilege Escalation on AST-CSE-09-011. Pulled IOCs, reviewed 9 artefacts, contained locally. Root cause documented.",Privilege Escalation on AST-CSE-09-011,patched / blocked
CS-001758,AL-002444,CSE-09,2026-09-08T12:10:00,2026-09-08T14:13:00,AN-CSE-09-03,Closed,"Investigated Phishing on AST-CSE-09-001. Pulled IOCs, reviewed 4 artefacts, contained locally. Root cause documented.",Phishing on AST-CSE-09-001,patched / blocked
CS-001759,AL-002445,CSE-09,2026-09-13T17:12:00,2026-09-13T20:17:00,AN-CSE-09-02,Closed,"Investigated Brute Force on AST-CSE-09-015. Pulled IOCs, reviewed 3 artefacts, contained locally. Root cause documented.",Brute Force on AST-CSE-09-015,patched / blocked
CS-001760,AL-002446,CSE-09,2026-09-12T09:42:00,2026-09-12T12:29:00,AN-CSE-09-03,Closed,"Investigated Brute Force on AST-CSE-09-006. Pulled IOCs, reviewed 3 artefacts, contained locally. Root cause documented.",Brute Force on AST-CSE-09-006,patched / blocked
CS-001761,AL-002447,CSE-09,2026-08-28T21:58:00,2026-08-28T22:13:00,AN-CSE-09-01,Closed,"Investigated C2 Beacon on AST-CSE-09-014. Pulled IOCs, reviewed 5 artefacts, contained locally. Root cause documented.",C2 Beacon on AST-CSE-09-014,patched / blocked
CS-001762,AL-002448,CSE-09,2026-09-14T06:56:00,2026-09-14T10:01:00,AN-CSE-09-02,Closed,"Investigated Data Access Anomaly on AST-CSE-09-002. Pulled IOCs, reviewed 3 artefacts, contained locally. Root cause documented.",Data Access Anomaly on AST-CSE-09-002,patched / blocked
CS-001763,AL-002449,CSE-09,2026-08-28T09:24:00,2026-08-28T10:30:00,AN-CSE-09-01,Escalated,"Investigated Data Access Anomaly on AST-CSE-09-008. Pulled IOCs, reviewed 7 artefacts, escalated to IR. Root cause documented.",Data Access Anomaly on AST-CSE-09-008,patched / blocked
CS-001764,AL-002451,CSE-09,2026-08-21T19:51:00,2026-08-21T20:20:00,AN-CSE-09-02,Closed,"Investigated C2 Beacon on AST-CSE-09-002. Pulled IOCs, reviewed 5 artefacts, contained locally. Root cause documented.",C2 Beacon on AST-CSE-09-002,patched / blocked
CS-001765,AL-002452,CSE-09,2026-08-29T12:34:00,2026-08-29T14:40:00,AN-CSE-09-01,Closed,"Investigated C2 Beacon on AST-CSE-09-009. Pulled IOCs, reviewed 9 artefacts, contained locally. Root cause documented.",C2 Beacon on AST-CSE-09-009,patched / blocked
CS-001766,AL-002453,CSE-09,2026-09-03T13:38:00,2026-09-03T15:16:00,AN-CSE-09-01,Closed,"Investigated Exfiltration on AST-CSE-09-013. Pulled IOCs, reviewed 4 artefacts, contained locally. Root cause documented.",Exfiltration on AST-CSE-09-013,patched / blocked
CS-001767,AL-002456,CSE-09,2026-09-07T02:52:00,2026-09-07T04:51:00,AN-CSE-09-01,Closed,"Investigated Exfiltration on AST-CSE-09-009. Pulled IOCs, reviewed 5 artefacts, contained locally. Root cause documented.",Exfiltration on AST-CSE-09-009,patched / blocked
CS-001768,AL-002457,CSE-09,2026-09-13T21:49:00,2026-09-13T23:48:00,AN-CSE-09-02,Closed,"Investigated Phishing on AST-CSE-09-010. Pulled IOCs, reviewed 7 artefacts, contained locally. Root cause documented.",Phishing on AST-CSE-09-010,patched / blocked
CS-001769,AL-002458,CSE-09,2026-08-27T10:33:00,2026-08-27T11:57:00,AN-CSE-09-03,Closed,"Investigated C2 Beacon on AST-CSE-09-016. Pulled IOCs, reviewed 7 artefacts, contained locally. Root cause documented.",C2 Beacon on AST-CSE-09-016,patched / blocked
CS-001770,AL-002459,CSE-09,2026-08-25T03:04:00,2026-08-25T05:25:00,AN-CSE-09-02,Closed,"Investigated Data Access Anomaly on AST-CSE-09-006. Pulled IOCs, reviewed 5 artefacts, contained locally. Root cause documented.",Data Access Anomaly on AST-CSE-09-006,patched / blocked
CS-001771,AL-002460,CSE-09,2026-09-20T09:07:00,2026-09-20T11:51:00,AN-CSE-09-02,Closed,"Investigated Suspicious Login on AST-CSE-09-004. Pulled IOCs, reviewed 4 artefacts, contained locally. Root cause documented.",Suspicious Login on AST-CSE-09-004,patched / blocked
CS-001772,AL-002461,CSE-09,2026-09-15T02:25:00,2026-09-15T03:48:00,AN-CSE-09-01,Escalated,"Investigated Brute Force on AST-CSE-09-010. Pulled IOCs, reviewed 9 artefacts, escalated to IR. Root cause documented.",Brute Force on AST-CSE-09-010,patched / blocked
CS-001773,AL-002462,CSE-09,2026-09-08T22:11:00,2026-09-08T22:19:00,AN-CSE-09-02,Closed,"Investigated Brute Force on AST-CSE-09-016. Pulled IOCs, reviewed 1 artefacts, contained locally. Root cause documented.",,
CS-001774,AL-002463,CSE-09,2026-09-20T06:38:00,2026-09-20T08:32:00,AN-CSE-09-02,Closed,"Investigated Data Access Anomaly on AST-CSE-09-015. Pulled IOCs, reviewed 8 artefacts, contained locally. Root cause documented.",Data Access Anomaly on AST-CSE-09-015,patched / blocked
CS-001775,AL-002464,CSE-09,2026-09-02T10:43:00,2026-09-02T11:53:00,AN-CSE-09-03,Closed,"Investigated Brute Force on AST-CSE-09-013. Pulled IOCs, reviewed 7 artefacts, contained locally. Root cause documented.",Brute Force on AST-CSE-09-013,patched / blocked
CS-001776,AL-002465,CSE-09,2026-09-19T16:39:00,2026-09-19T18:25:00,AN-CSE-09-01,Closed,"Investigated Phishing on AST-CSE-09-009. Pulled IOCs, reviewed 8 artefacts, contained locally. Root cause documented.",Phishing on AST-CSE-09-009,patched / blocked
CS-001777,AL-002466,CSE-09,2026-09-07T12:43:00,2026-09-07T15:29:00,AN-CSE-09-01,Closed,"Investigated Exfiltration on AST-CSE-09-016. Pulled IOCs, reviewed 7 artefacts, contained locally. Root cause documented.",Exfiltration on AST-CSE-09-016,patched / blocked
CS-001778,AL-002467,CSE-09,2026-09-04T18:56:00,2026-09-04T19:28:00,AN-CSE-09-02,Closed,"Investigated Data Access Anomaly on AST-CSE-09-002. Pulled IOCs, reviewed 5 artefacts, contained locally. Root cause documented.",Data Access Anomaly on AST-CSE-09-002,patched / blocked
CS-001779,AL-002468,CSE-09,2026-09-05T19:02:00,2026-09-05T20:16:00,AN-CSE-09-03,Closed,"Investigated Phishing on AST-CSE-09-014. Pulled IOCs, reviewed 6 artefacts, contained locally. Root cause documented.",Phishing on AST-CSE-09-014,patched / blocked
CS-001780,AL-002469,CSE-09,2026-08-26T21:07:00,2026-08-26T21:14:00,AN-CSE-09-03,Closed,"Investigated C2 Beacon on AST-CSE-09-013. Pulled IOCs, reviewed 1 artefacts, contained locally. Root cause documented.",,
CS-001781,AL-002470,CSE-09,2026-09-15T14:04:00,2026-09-15T16:07:00,AN-CSE-09-02,Closed,"Investigated C2 Beacon on AST-CSE-09-009. Pulled IOCs, reviewed 7 artefacts, contained locally. Root cause documented.",C2 Beacon on AST-CSE-09-009,patched / blocked
CS-001782,AL-002471,CSE-09,2026-09-17T19:37:00,2026-09-17T22:23:00,AN-CSE-09-03,Closed,"Investigated Exfiltration on AST-CSE-09-012. Pulled IOCs, reviewed 3 artefacts, contained locally. Root cause documented.",Exfiltration on AST-CSE-09-012,patched / blocked
CS-001783,AL-002472,CSE-09,2026-08-29T06:24:00,2026-08-29T08:56:00,AN-CSE-09-01,Closed,"Investigated Policy Violation on AST-CSE-09-005. Pulled IOCs, reviewed 5 artefacts, contained locally. Root cause documented.",Policy Violation on AST-CSE-09-005,patched / blocked
CS-001784,AL-002473,CSE-09,2026-08-24T18:36:00,2026-08-24T19:56:00,AN-CSE-09-01,Closed,"Investigated Policy Violation on AST-CSE-09-002. Pulled IOCs, reviewed 5 artefacts, contained locally. Root cause documented.",Policy Violation on AST-CSE-09-002,patched / blocked
CS-001785,AL-002475,CSE-09,2026-09-04T15:32:00,2026-09-04T17:30:00,AN-CSE-09-03,Escalated,"Investigated Lateral Movement on AST-CSE-09-008. Pulled IOCs, reviewed 6 artefacts, escalated to IR. Root cause documented.",Lateral Movement on AST-CSE-09-008,patched / blocked
CS-001786,AL-002477,CSE-09,2026-08-26T19:32:00,2026-08-26T21:42:00,AN-CSE-09-03,Closed,"Investigated Phishing on AST-CSE-09-009. Pulled IOCs, reviewed 5 artefacts, contained locally. Root cause documented.",Phishing on AST-CSE-09-009,patched / blocked
CS-001787,AL-002479,CSE-09,2026-08-23T19:12:00,2026-08-23T19:38:00,AN-CSE-09-02,Closed,"Investigated Suspicious Login on AST-CSE-09-006. Pulled IOCs, reviewed 8 artefacts, contained locally. Root cause documented.",Suspicious Login on AST-CSE-09-006,patched / blocked
CS-001788,AL-002480,CSE-09,2026-08-31T02:24:00,2026-08-31T03:14:00,AN-CSE-09-01,Closed,"Investigated Malware on AST-CSE-09-011. Pulled IOCs, reviewed 8 artefacts, contained locally. Root cause documented.",Malware on AST-CSE-09-011,patched / blocked
CS-001789,AL-002481,CSE-09,2026-09-02T22:12:00,2026-09-03T00:51:00,AN-CSE-09-03,Closed,"Investigated Exfiltration on AST-CSE-09-002. Pulled IOCs, reviewed 9 artefacts, contained locally. Root cause documented.",Exfiltration on AST-CSE-09-002,patched / blocked
CS-001790,AL-002482,CSE-09,2026-09-14T06:07:00,2026-09-14T08:09:00,AN-CSE-09-01,Closed,"Investigated Malware on AST-CSE-09-015. Pulled IOCs, reviewed 9 artefacts, contained locally. Root cause documented.",Malware on AST-CSE-09-015,patched / blocked
CS-001791,AL-002483,CSE-09,2026-08-25T17:23:00,2026-08-25T17:26:00,AN-CSE-09-01,Closed,"Investigated Policy Violation on AST-CSE-09-001. Pulled IOCs, reviewed 0 artefacts, contained locally. Root cause documented.",,
CS-001792,AL-002484,CSE-09,2026-09-06T13:40:00,2026-09-06T14:59:00,AN-CSE-09-01,Closed,"Investigated Phishing on AST-CSE-09-016. Pulled IOCs, reviewed 6 artefacts, contained locally. Root cause documented.",Phishing on AST-CSE-09-016,patched / blocked
CS-001793,AL-002485,CSE-09,2026-08-25T02:21:00,2026-08-25T05:11:00,AN-CSE-09-02,Closed,"Investigated Malware on AST-CSE-09-015. Pulled IOCs, reviewed 5 artefacts, contained locally. Root cause documented.",Malware on AST-CSE-09-015,patched / blocked
CS-001794,AL-002486,CSE-09,2026-09-01T18:17:00,2026-09-01T18:59:00,AN-CSE-09-03,Closed,"Investigated Lateral Movement on AST-CSE-09-001. Pulled IOCs, reviewed 8 artefacts, contained locally. Root cause documented.",Lateral Movement on AST-CSE-09-001,patched / blocked
CS-001795,AL-002488,CSE-09,2026-09-07T16:49:00,2026-09-07T19:21:00,AN-CSE-09-01,Escalated,"Investigated Policy Violation on AST-CSE-09-014. Pulled IOCs, reviewed 6 artefacts, escalated to IR. Root cause documented.",Policy Violation on AST-CSE-09-014,patched / blocked
CS-001796,AL-002489,CSE-09,2026-09-04T06:43:00,2026-09-04T09:14:00,AN-CSE-09-01,Closed,"Investigated Exfiltration on AST-CSE-09-012. Pulled IOCs, reviewed 8 artefacts, contained locally. Root cause documented.",Exfiltration on AST-CSE-09-012,patched / blocked
CS-001797,AL-002490,CSE-09,2026-08-25T13:17:00,2026-08-25T16:42:00,AN-CSE-09-03,Closed,"Investigated Malware on AST-CSE-09-008. Pulled IOCs, reviewed 7 artefacts, contained locally. Root cause documented.",Malware on AST-CSE-09-008,patched / blocked
CS-001798,AL-002492,CSE-09,2026-08-30T19:23:00,2026-08-30T22:29:00,AN-CSE-09-01,Closed,"Investigated Phishing on AST-CSE-09-008. Pulled IOCs, reviewed 9 artefacts, contained locally. Root cause documented.",Phishing on AST-CSE-09-008,patched / blocked
CS-001799,AL-002493,CSE-09,2026-09-20T05:32:00,2026-09-20T06:00:00,AN-CSE-09-01,Closed,"Investigated Suspicious Login on AST-CSE-09-005. Pulled IOCs, reviewed 7 artefacts, contained locally. Root cause documented.",Suspicious Login on AST-CSE-09-005,patched / blocked
CS-001800,AL-002494,CSE-09,2026-08-23T10:47:00,2026-08-23T13:20:00,AN-CSE-09-01,Escalated,"Investigated Exfiltration on AST-CSE-09-014. Pulled IOCs, reviewed 3 artefacts, escalated to IR. Root cause documented.",Exfiltration on AST-CSE-09-014,patched / blocked
CS-001801,AL-002495,CSE-09,2026-09-15T19:50:00,2026-09-15T19:54:00,AN-CSE-09-03,Closed,"Investigated Policy Violation on AST-CSE-09-003. Pulled IOCs, reviewed 1 artefacts, contained locally. Root cause documented.",,
CS-001802,AL-002497,CSE-09,2026-08-30T21:20:00,2026-08-30T23:22:00,AN-CSE-09-02,Closed,"Investigated Data Access Anomaly on AST-CSE-09-011. Pulled IOCs, reviewed 7 artefacts, contained locally. Root cause documented.",Data Access Anomaly on AST-CSE-09-011,patched / blocked
CS-001803,AL-002498,CSE-09,2026-08-27T16:04:00,2026-08-27T17:07:00,AN-CSE-09-02,Closed,"Investigated Data Access Anomaly on AST-CSE-09-014. Pulled IOCs, reviewed 9 artefacts, contained locally. Root cause documented.",Data Access Anomaly on AST-CSE-09-014,patched / blocked
CS-001804,AL-002499,CSE-09,2026-09-03T10:27:00,2026-09-03T10:32:00,AN-CSE-09-01,Closed,"Investigated C2 Beacon on AST-CSE-09-013. Pulled IOCs, reviewed 0 artefacts, contained locally. Root cause documented.",,
CS-001805,AL-002500,CSE-09,2026-08-26T06:01:00,2026-08-26T07:28:00,AN-CSE-09-02,Closed,"Investigated Malware on AST-CSE-09-015. Pulled IOCs, reviewed 5 artefacts, contained locally. Root cause documented.",Malware on AST-CSE-09-015,patched / blocked
CS-001806,AL-002502,CSE-09,2026-09-19T12:13:00,2026-09-19T12:17:00,AN-CSE-09-02,Closed,"Investigated Malware on AST-CSE-09-016. Pulled IOCs, reviewed 1 artefacts, contained locally. Root cause documented.",,
CS-001807,AL-002503,CSE-09,2026-09-01T11:23:00,2026-09-01T11:27:00,AN-CSE-09-01,Closed,"Investigated Privilege Escalation on AST-CSE-09-006. Pulled IOCs, reviewed 0 artefacts, contained locally. Root cause documented.",,
CS-001808,AL-002505,CSE-09,2026-08-30T22:00:00,2026-08-30T23:35:00,AN-CSE-09-01,Closed,"Investigated Lateral Movement on AST-CSE-09-002. Pulled IOCs, reviewed 4 artefacts, contained locally. Root cause documented.",Lateral Movement on AST-CSE-09-002,patched / blocked
CS-001809,AL-002506,CSE-09,2026-08-22T13:41:00,2026-08-22T14:57:00,AN-CSE-09-01,Closed,"Investigated Brute Force on AST-CSE-09-011. Pulled IOCs, reviewed 8 artefacts, contained locally. Root cause documented.",Brute Force on AST-CSE-09-011,patched / blocked
CS-001810,AL-002509,CSE-09,2026-09-09T03:15:00,2026-09-09T04:20:00,AN-CSE-09-02,Closed,"Investigated Policy Violation on AST-CSE-09-015. Pulled IOCs, reviewed 4 artefacts, contained locally. Root cause documented.",Policy Violation on AST-CSE-09-015,patched / blocked
CS-001811,AL-002511,CSE-09,2026-09-10T17:08:00,2026-09-10T21:06:00,AN-CSE-09-02,Closed,"Investigated Brute Force on AST-CSE-09-003. Pulled IOCs, reviewed 8 artefacts, contained locally. Root cause documented.",Brute Force on AST-CSE-09-003,patched / blocked
CS-001812,AL-002513,CSE-09,2026-09-08T09:31:00,2026-09-08T10:36:00,AN-CSE-09-03,Closed,"Investigated Malware on AST-CSE-09-005. Pulled IOCs, reviewed 4 artefacts, contained locally. Root cause documented.",Malware on AST-CSE-09-005,patched / blocked
CS-001813,AL-002515,CSE-09,2026-09-02T12:30:00,2026-09-02T14:48:00,AN-CSE-09-02,Closed,"Investigated Lateral Movement on AST-CSE-09-008. Pulled IOCs, reviewed 8 artefacts, contained locally. Root cause documented.",Lateral Movement on AST-CSE-09-008,patched / blocked
CS-001814,AL-002516,CSE-09,2026-08-21T23:00:00,2026-08-22T00:20:00,AN-CSE-09-02,Closed,"Investigated Data Access Anomaly on AST-CSE-09-015. Pulled IOCs, reviewed 7 artefacts, contained locally. Root cause documented.",Data Access Anomaly on AST-CSE-09-015,patched / blocked
CS-001815,AL-002517,CSE-09,2026-08-26T03:03:00,2026-08-26T03:47:00,AN-CSE-09-03,Closed,"Investigated Suspicious Login on AST-CSE-09-002. Pulled IOCs, reviewed 5 artefacts, contained locally. Root cause documented.",Suspicious Login on AST-CSE-09-002,patched / blocked
CS-001816,AL-002518,CSE-09,2026-09-16T00:00:00,2026-09-16T00:32:00,AN-CSE-09-01,Closed,"Investigated Data Access Anomaly on AST-CSE-09-007. Pulled IOCs, reviewed 5 artefacts, contained locally. Root cause documented.",Data Access Anomaly on AST-CSE-09-007,patched / blocked
CS-001817,AL-002521,CSE-09,2026-08-30T18:30:00,2026-08-30T21:21:00,AN-CSE-09-01,Closed,"Investigated Privilege Escalation on AST-CSE-09-016. Pulled IOCs, reviewed 7 artefacts, contained locally. Root cause documented.",Privilege Escalation on AST-CSE-09-016,patched / blocked
CS-001818,AL-002523,CSE-09,2026-09-13T01:07:00,2026-09-13T03:31:00,AN-CSE-09-01,Closed,"Investigated Malware on AST-CSE-09-005. Pulled IOCs, reviewed 6 artefacts, contained locally. Root cause documented.",Malware on AST-CSE-09-005,patched / blocked
CS-001819,AL-002525,CSE-09,2026-09-16T11:55:00,2026-09-16T13:17:00,AN-CSE-09-02,Closed,"Investigated Privilege Escalation on AST-CSE-09-002. Pulled IOCs, reviewed 8 artefacts, contained locally. Root cause documented.",Privilege Escalation on AST-CSE-09-002,patched / blocked
CS-001820,AL-002527,CSE-09,2026-08-26T02:29:00,2026-08-26T03:30:00,AN-CSE-09-02,Closed,"Investigated Malware on AST-CSE-09-010. Pulled IOCs, reviewed 5 artefacts, contained locally. Root cause documented.",Malware on AST-CSE-09-010,patched / blocked
CS-001821,AL-002528,CSE-09,2026-09-01T01:06:00,2026-09-01T01:39:00,AN-CSE-09-02,Closed,"Investigated Lateral Movement on AST-CSE-09-003. Pulled IOCs, reviewed 6 artefacts, contained locally. Root cause documented.",Lateral Movement on AST-CSE-09-003,patched / blocked
CS-001822,AL-002530,CSE-09,2026-09-09T16:13:00,2026-09-09T16:46:00,AN-CSE-09-03,Closed,"Investigated Malware on AST-CSE-09-006. Pulled IOCs, reviewed 7 artefacts, contained locally. Root cause documented.",Malware on AST-CSE-09-006,patched / blocked
CS-001823,AL-002531,CSE-09,2026-09-19T05:41:00,2026-09-19T07:11:00,AN-CSE-09-03,Closed,"Investigated Lateral Movement on AST-CSE-09-016. Pulled IOCs, reviewed 9 artefacts, contained locally. Root cause documented.",Lateral Movement on AST-CSE-09-016,patched / blocked
CS-001824,AL-002534,CSE-08,2026-09-08T02:16:00,2026-09-08T03:28:00,AN-CSE-08-07,Closed,"Investigated Phishing on AST-CSE-08-022. Pulled IOCs, reviewed 9 artefacts, contained locally. Root cause documented.",Phishing on AST-CSE-08-022,patched / blocked
CS-001825,AL-002535,CSE-08,2026-09-16T05:57:00,2026-09-16T08:16:00,AN-CSE-08-04,Closed,"Investigated Privilege Escalation on AST-CSE-08-016. Pulled IOCs, reviewed 5 artefacts, contained locally. Root cause documented.",Privilege Escalation on AST-CSE-08-016,patched / blocked
CS-001826,AL-002538,CSE-08,2026-08-27T13:20:00,2026-08-27T14:00:00,AN-CSE-08-05,Closed,"Investigated Phishing on AST-CSE-08-040. Pulled IOCs, reviewed 3 artefacts, contained locally. Root cause documented.",Phishing on AST-CSE-08-040,patched / blocked
CS-001827,AL-002539,CSE-08,2026-09-17T01:26:00,2026-09-17T04:09:00,AN-CSE-08-05,Closed,"Investigated C2 Beacon on AST-CSE-08-010. Pulled IOCs, reviewed 3 artefacts, contained locally. Root cause documented.",C2 Beacon on AST-CSE-08-010,patched / blocked
CS-001828,AL-002541,CSE-08,2026-09-12T16:03:00,2026-09-12T18:19:00,AN-CSE-08-08,Closed,"Investigated Brute Force on AST-CSE-08-011. Pulled IOCs, reviewed 6 artefacts, contained locally. Root cause documented.",Brute Force on AST-CSE-08-011,patched / blocked
CS-001829,AL-002542,CSE-08,2026-08-29T10:05:00,2026-08-29T11:15:00,AN-CSE-08-03,Closed,"Investigated Exfiltration on AST-CSE-08-018. Pulled IOCs, reviewed 3 artefacts, contained locally. Root cause documented.",Exfiltration on AST-CSE-08-018,patched / blocked
CS-001830,AL-002543,CSE-08,2026-09-17T16:24:00,2026-09-17T19:11:00,AN-CSE-08-06,Closed,"Investigated Exfiltration on AST-CSE-08-005. Pulled IOCs, reviewed 5 artefacts, contained locally. Root cause documented.",Exfiltration on AST-CSE-08-005,patched / blocked
CS-001831,AL-002544,CSE-08,2026-09-15T22:49:00,2026-09-16T02:23:00,AN-CSE-08-04,Closed,"Investigated C2 Beacon on AST-CSE-08-032. Pulled IOCs, reviewed 7 artefacts, contained locally. Root cause documented.",C2 Beacon on AST-CSE-08-032,patched / blocked
CS-001832,AL-002545,CSE-08,2026-09-20T07:13:00,2026-09-20T09:44:00,AN-CSE-08-07,Closed,"Investigated Privilege Escalation on AST-CSE-08-001. Pulled IOCs, reviewed 5 artefacts, contained locally. Root cause documented.",Privilege Escalation on AST-CSE-08-001,patched / blocked
CS-001833,AL-002546,CSE-08,2026-09-02T22:00:00,2026-09-03T00:32:00,AN-CSE-08-04,Closed,"Investigated Privilege Escalation on AST-CSE-08-009. Pulled IOCs, reviewed 6 artefacts, contained locally. Root cause documented.",Privilege Escalation on AST-CSE-08-009,patched / blocked
CS-001834,AL-002547,CSE-08,2026-09-18T23:35:00,2026-09-18T23:57:00,AN-CSE-08-04,Closed,"Investigated Malware on AST-CSE-08-022. Pulled IOCs, reviewed 5 artefacts, contained locally. Root cause documented.",Malware on AST-CSE-08-022,patched / blocked
CS-001835,AL-002549,CSE-08,2026-09-13T17:58:00,2026-09-13T18:00:00,AN-CSE-08-02,Closed,"Investigated Phishing on AST-CSE-08-038. Pulled IOCs, reviewed 0 artefacts, contained locally. Root cause documented.",,
CS-001836,AL-002550,CSE-08,2026-09-19T16:44:00,2026-09-19T17:55:00,AN-CSE-08-06,Closed,"Investigated Brute Force on AST-CSE-08-002. Pulled IOCs, reviewed 9 artefacts, contained locally. Root cause documented.",Brute Force on AST-CSE-08-002,patched / blocked
CS-001837,AL-002551,CSE-08,2026-09-01T00:46:00,2026-09-01T04:37:00,AN-CSE-08-02,Closed,"Investigated Data Access Anomaly on AST-CSE-08-024. Pulled IOCs, reviewed 4 artefacts, contained locally. Root cause documented.",Data Access Anomaly on AST-CSE-08-024,patched / blocked
CS-001838,AL-002552,CSE-08,2026-09-02T22:58:00,2026-09-03T01:16:00,AN-CSE-08-03,Closed,"Investigated Malware on AST-CSE-08-003. Pulled IOCs, reviewed 5 artefacts, contained locally. Root cause documented.",Malware on AST-CSE-08-003,patched / blocked
CS-001839,AL-002555,CSE-08,2026-09-08T15:38:00,2026-09-08T19:32:00,AN-CSE-08-04,Closed,"Investigated Suspicious Login on AST-CSE-08-008. Pulled IOCs, reviewed 9 artefacts, contained locally. Root cause documented.",Suspicious Login on AST-CSE-08-008,patched / blocked
CS-001840,AL-002556,CSE-08,2026-09-15T06:22:00,2026-09-15T08:48:00,AN-CSE-08-06,Closed,"Investigated C2 Beacon on AST-CSE-08-022. Pulled IOCs, reviewed 7 artefacts, contained locally. Root cause documented.",C2 Beacon on AST-CSE-08-022,patched / blocked
CS-001841,AL-002557,CSE-08,2026-09-08T11:45:00,2026-09-08T13:52:00,AN-CSE-08-07,Closed,"Investigated Privilege Escalation on AST-CSE-08-004. Pulled IOCs, reviewed 9 artefacts, contained locally. Root cause documented.",Privilege Escalation on AST-CSE-08-004,patched / blocked
CS-001842,AL-002558,CSE-08,2026-09-06T11:42:00,2026-09-06T12:41:00,AN-CSE-08-08,Closed,"Investigated Suspicious Login on AST-CSE-08-020. Pulled IOCs, reviewed 9 artefacts, contained locally. Root cause documented.",Suspicious Login on AST-CSE-08-020,patched / blocked
CS-001843,AL-002560,CSE-08,2026-08-29T12:20:00,2026-08-29T16:07:00,AN-CSE-08-02,Closed,"Investigated Phishing on AST-CSE-08-001. Pulled IOCs, reviewed 3 artefacts, contained locally. Root cause documented.",Phishing on AST-CSE-08-001,patched / blocked
CS-001844,AL-002561,CSE-08,2026-09-05T17:57:00,2026-09-05T19:22:00,AN-CSE-08-06,Closed,"Investigated Malware on AST-CSE-08-028. Pulled IOCs, reviewed 5 artefacts, contained locally. Root cause documented.",Malware on AST-CSE-08-028,patched / blocked
CS-001845,AL-002563,CSE-08,2026-08-26T01:16:00,2026-08-26T02:52:00,AN-CSE-08-08,Closed,"Investigated Lateral Movement on AST-CSE-08-024. Pulled IOCs, reviewed 8 artefacts, contained locally. Root cause documented.",Lateral Movement on AST-CSE-08-024,patched / blocked
CS-001846,AL-002567,CSE-08,2026-09-12T12:16:00,2026-09-12T16:01:00,AN-CSE-08-08,Closed,"Investigated Malware on AST-CSE-08-030. Pulled IOCs, reviewed 8 artefacts, contained locally. Root cause documented.",Malware on AST-CSE-08-030,patched / blocked
CS-001847,AL-002568,CSE-08,2026-09-19T15:54:00,2026-09-19T18:43:00,AN-CSE-08-03,Closed,"Investigated Exfiltration on AST-CSE-08-035. Pulled IOCs, reviewed 5 artefacts, contained locally. Root cause documented.",Exfiltration on AST-CSE-08-035,patched / blocked
CS-001848,AL-002570,CSE-08,2026-09-14T18:02:00,2026-09-14T18:58:00,AN-CSE-08-03,Closed,"Investigated Exfiltration on AST-CSE-08-026. Pulled IOCs, reviewed 9 artefacts, contained locally. Root cause documented.",Exfiltration on AST-CSE-08-026,patched / blocked
CS-001849,AL-002572,CSE-08,2026-08-24T01:19:00,2026-08-24T02:40:00,AN-CSE-08-03,Closed,"Investigated Lateral Movement on AST-CSE-08-011. Pulled IOCs, reviewed 8 artefacts, contained locally. Root cause documented.",Lateral Movement on AST-CSE-08-011,patched / blocked
CS-001850,AL-002573,CSE-08,2026-08-29T11:56:00,2026-08-29T13:09:00,AN-CSE-08-07,Closed,"Investigated Data Access Anomaly on AST-CSE-08-002. Pulled IOCs, reviewed 9 artefacts, contained locally. Root cause documented.",Data Access Anomaly on AST-CSE-08-002,patched / blocked
CS-001851,AL-002575,CSE-08,2026-09-10T09:39:00,2026-09-10T10:31:00,AN-CSE-08-05,Closed,"Investigated Policy Violation on AST-CSE-08-001. Pulled IOCs, reviewed 6 artefacts, contained locally. Root cause documented.",Policy Violation on AST-CSE-08-001,patched / blocked
CS-001852,AL-002576,CSE-08,2026-08-28T16:21:00,2026-08-28T17:37:00,AN-CSE-08-02,Closed,"Investigated Privilege Escalation on AST-CSE-08-029. Pulled IOCs, reviewed 3 artefacts, contained locally. Root cause documented.",Privilege Escalation on AST-CSE-08-029,patched / blocked
CS-001853,AL-002579,CSE-08,2026-09-10T12:30:00,2026-09-10T14:43:00,AN-CSE-08-01,Closed,"Investigated C2 Beacon on AST-CSE-08-003. Pulled IOCs, reviewed 3 artefacts, contained locally. Root cause documented.",C2 Beacon on AST-CSE-08-003,patched / blocked
CS-001854,AL-002580,CSE-08,2026-09-08T10:39:00,2026-09-08T13:02:00,AN-CSE-08-06,Escalated,"Investigated Privilege Escalation on AST-CSE-08-036. Pulled IOCs, reviewed 9 artefacts, escalated to IR. Root cause documented.",Privilege Escalation on AST-CSE-08-036,patched / blocked
CS-001855,AL-002581,CSE-08,2026-09-18T15:30:00,2026-09-18T16:23:00,AN-CSE-08-05,Closed,"Investigated Phishing on AST-CSE-08-019. Pulled IOCs, reviewed 6 artefacts, contained locally. Root cause documented.",Phishing on AST-CSE-08-019,patched / blocked
CS-001856,AL-002582,CSE-08,2026-08-27T00:28:00,2026-08-27T02:35:00,AN-CSE-08-03,Closed,"Investigated C2 Beacon on AST-CSE-08-002. Pulled IOCs, reviewed 4 artefacts, contained locally. Root cause documented.",C2 Beacon on AST-CSE-08-002,patched / blocked
CS-001857,AL-002584,CSE-08,2026-08-26T03:34:00,2026-08-26T05:48:00,AN-CSE-08-02,Closed,"Investigated C2 Beacon on AST-CSE-08-023. Pulled IOCs, reviewed 5 artefacts, contained locally. Root cause documented.",C2 Beacon on AST-CSE-08-023,patched / blocked
CS-001858,AL-002586,CSE-08,2026-08-29T03:07:00,2026-08-29T06:27:00,AN-CSE-08-02,Closed,"Investigated Data Access Anomaly on AST-CSE-08-032. Pulled IOCs, reviewed 7 artefacts, contained locally. Root cause documented.",Data Access Anomaly on AST-CSE-08-032,patched / blocked
CS-001859,AL-002590,CSE-08,2026-09-13T03:59:00,2026-09-13T05:05:00,AN-CSE-08-01,Closed,"Investigated Suspicious Login on AST-CSE-08-019. Pulled IOCs, reviewed 8 artefacts, contained locally. Root cause documented.",Suspicious Login on AST-CSE-08-019,patched / blocked
CS-001860,AL-002591,CSE-08,2026-09-13T17:27:00,2026-09-13T17:33:00,AN-CSE-08-05,Closed,"Investigated Brute Force on AST-CSE-08-028. Pulled IOCs, reviewed 0 artefacts, contained locally. Root cause documented.",,
CS-001861,AL-002593,CSE-08,2026-09-16T05:32:00,2026-09-16T08:40:00,AN-CSE-08-08,Closed,"Investigated Brute Force on AST-CSE-08-034. Pulled IOCs, reviewed 7 artefacts, contained locally. Root cause documented.",Brute Force on AST-CSE-08-034,patched / blocked
CS-001862,AL-002595,CSE-08,2026-08-27T17:22:00,2026-08-27T20:54:00,AN-CSE-08-05,Closed,"Investigated C2 Beacon on AST-CSE-08-024. Pulled IOCs, reviewed 8 artefacts, contained locally. Root cause documented.",C2 Beacon on AST-CSE-08-024,patched / blocked
CS-001863,AL-002596,CSE-08,2026-09-01T03:24:00,2026-09-01T06:37:00,AN-CSE-08-07,Closed,"Investigated C2 Beacon on AST-CSE-08-033. Pulled IOCs, reviewed 7 artefacts, contained locally. Root cause documented.",C2 Beacon on AST-CSE-08-033,patched / blocked
CS-001864,AL-002598,CSE-08,2026-09-07T09:36:00,2026-09-07T10:21:00,AN-CSE-08-07,Closed,"Investigated Data Access Anomaly on AST-CSE-08-004. Pulled IOCs, reviewed 6 artefacts, contained locally. Root cause documented.",Data Access Anomaly on AST-CSE-08-004,patched / blocked
CS-001865,AL-002599,CSE-08,2026-08-29T19:34:00,2026-08-29T22:44:00,AN-CSE-08-05,Closed,"Investigated Privilege Escalation on AST-CSE-08-023. Pulled IOCs, reviewed 7 artefacts, contained locally. Root cause documented.",Privilege Escalation on AST-CSE-08-023,patched / blocked
CS-001866,AL-002600,CSE-08,2026-09-08T20:38:00,2026-09-08T21:42:00,AN-CSE-08-02,Closed,"Investigated Privilege Escalation on AST-CSE-08-021. Pulled IOCs, reviewed 5 artefacts, contained locally. Root cause documented.",Privilege Escalation on AST-CSE-08-021,patched / blocked
CS-001867,AL-002601,CSE-08,2026-09-18T23:27:00,2026-09-19T01:28:00,AN-CSE-08-08,Escalated,"Investigated Exfiltration on AST-CSE-08-028. Pulled IOCs, reviewed 9 artefacts, escalated to IR. Root cause documented.",Exfiltration on AST-CSE-08-028,patched / blocked
CS-001868,AL-002602,CSE-08,2026-09-09T09:34:00,2026-09-09T11:17:00,AN-CSE-08-07,Closed,"Investigated Exfiltration on AST-CSE-08-009. Pulled IOCs, reviewed 3 artefacts, contained locally. Root cause documented.",Exfiltration on AST-CSE-08-009,patched / blocked
CS-001869,AL-002603,CSE-08,2026-09-12T09:11:00,2026-09-12T09:32:00,AN-CSE-08-08,Closed,"Investigated Exfiltration on AST-CSE-08-012. Pulled IOCs, reviewed 4 artefacts, contained locally. Root cause documented.",Exfiltration on AST-CSE-08-012,patched / blocked
CS-001870,AL-002604,CSE-08,2026-09-02T22:59:00,2026-09-03T02:49:00,AN-CSE-08-04,Closed,"Investigated Suspicious Login on AST-CSE-08-013. Pulled IOCs, reviewed 6 artefacts, contained locally. Root cause documented.",Suspicious Login on AST-CSE-08-013,patched / blocked
CS-001871,AL-002605,CSE-08,2026-09-12T22:48:00,2026-09-12T22:54:00,AN-CSE-08-01,Closed,"Investigated Policy Violation on AST-CSE-08-005. Pulled IOCs, reviewed 1 artefacts, contained locally. Root cause documented.",,
CS-001872,AL-002606,CSE-08,2026-09-07T10:49:00,2026-09-07T12:34:00,AN-CSE-08-01,Closed,"Investigated Lateral Movement on AST-CSE-08-010. Pulled IOCs, reviewed 8 artefacts, contained locally. Root cause documented.",Lateral Movement on AST-CSE-08-010,patched / blocked
CS-001873,AL-002610,CSE-08,2026-09-10T10:31:00,2026-09-10T12:22:00,AN-CSE-08-04,Escalated,"Investigated Suspicious Login on AST-CSE-08-018. Pulled IOCs, reviewed 9 artefacts, escalated to IR. Root cause documented.",Suspicious Login on AST-CSE-08-018,patched / blocked
CS-001874,AL-002611,CSE-08,2026-09-19T17:40:00,2026-09-19T18:57:00,AN-CSE-08-08,Closed,"Investigated Suspicious Login on AST-CSE-08-020. Pulled IOCs, reviewed 7 artefacts, contained locally. Root cause documented.",Suspicious Login on AST-CSE-08-020,patched / blocked
CS-001875,AL-002612,CSE-08,2026-08-30T18:58:00,2026-08-30T21:08:00,AN-CSE-08-03,Closed,"Investigated Privilege Escalation on AST-CSE-08-002. Pulled IOCs, reviewed 3 artefacts, contained locally. Root cause documented.",Privilege Escalation on AST-CSE-08-002,patched / blocked
CS-001876,AL-002614,CSE-08,2026-09-01T11:31:00,2026-09-01T12:30:00,AN-CSE-08-04,Closed,"Investigated Privilege Escalation on AST-CSE-08-009. Pulled IOCs, reviewed 3 artefacts, contained locally. Root cause documented.",Privilege Escalation on AST-CSE-08-009,patched / blocked
CS-001877,AL-002617,CSE-08,2026-09-03T12:52:00,2026-09-03T15:20:00,AN-CSE-08-06,Escalated,"Investigated Lateral Movement on AST-CSE-08-011. Pulled IOCs, reviewed 9 artefacts, escalated to IR. Root cause documented.",Lateral Movement on AST-CSE-08-011,patched / blocked
CS-001878,AL-002621,CSE-08,2026-08-25T19:01:00,2026-08-25T21:29:00,AN-CSE-08-02,Closed,"Investigated Phishing on AST-CSE-08-014. Pulled IOCs, reviewed 4 artefacts, contained locally. Root cause documented.",Phishing on AST-CSE-08-014,patched / blocked
CS-001879,AL-002622,CSE-08,2026-08-25T01:24:00,2026-08-25T04:04:00,AN-CSE-08-05,Closed,"Investigated C2 Beacon on AST-CSE-08-010. Pulled IOCs, reviewed 7 artefacts, contained locally. Root cause documented.",C2 Beacon on AST-CSE-08-010,patched / blocked
CS-001880,AL-002624,CSE-08,2026-09-16T06:46:00,2026-09-16T09:27:00,AN-CSE-08-08,Escalated,"Investigated Data Access Anomaly on AST-CSE-08-033. Pulled IOCs, reviewed 3 artefacts, escalated to IR. Root cause documented.",Data Access Anomaly on AST-CSE-08-033,patched / blocked
CS-001881,AL-002625,CSE-08,2026-08-23T13:26:00,2026-08-23T16:07:00,AN-CSE-08-08,Closed,"Investigated Privilege Escalation on AST-CSE-08-028. Pulled IOCs, reviewed 5 artefacts, contained locally. Root cause documented.",Privilege Escalation on AST-CSE-08-028,patched / blocked
CS-001882,AL-002626,CSE-08,2026-09-12T09:20:00,2026-09-12T11:00:00,AN-CSE-08-08,Closed,"Investigated Data Access Anomaly on AST-CSE-08-029. Pulled IOCs, reviewed 5 artefacts, contained locally. Root cause documented.",Data Access Anomaly on AST-CSE-08-029,patched / blocked
CS-001883,AL-002627,CSE-08,2026-08-24T18:26:00,2026-08-24T19:34:00,AN-CSE-08-01,Escalated,"Investigated Suspicious Login on AST-CSE-08-038. Pulled IOCs, reviewed 6 artefacts, escalated to IR. Root cause documented.",Suspicious Login on AST-CSE-08-038,patched / blocked
CS-001884,AL-002628,CSE-08,2026-09-04T16:57:00,2026-09-04T19:47:00,AN-CSE-08-05,Escalated,"Investigated Data Access Anomaly on AST-CSE-08-023. Pulled IOCs, reviewed 9 artefacts, escalated to IR. Root cause documented.",Data Access Anomaly on AST-CSE-08-023,patched / blocked
CS-001885,AL-002629,CSE-08,2026-09-03T05:28:00,2026-09-03T07:41:00,AN-CSE-08-05,Closed,"Investigated Brute Force on AST-CSE-08-025. Pulled IOCs, reviewed 6 artefacts, contained locally. Root cause documented.",Brute Force on AST-CSE-08-025,patched / blocked
CS-001886,AL-002630,CSE-08,2026-09-19T14:30:00,2026-09-19T15:50:00,AN-CSE-08-07,Closed,"Investigated Malware on AST-CSE-08-034. Pulled IOCs, reviewed 7 artefacts, contained locally. Root cause documented.",Malware on AST-CSE-08-034,patched / blocked
CS-001887,AL-002631,CSE-08,2026-08-30T14:22:00,2026-08-30T16:02:00,AN-CSE-08-01,Closed,"Investigated Brute Force on AST-CSE-08-007. Pulled IOCs, reviewed 8 artefacts, contained locally. Root cause documented.",Brute Force on AST-CSE-08-007,patched / blocked
CS-001888,AL-002632,CSE-08,2026-08-21T17:19:00,2026-08-21T17:59:00,AN-CSE-08-07,Closed,"Investigated Suspicious Login on AST-CSE-08-036. Pulled IOCs, reviewed 7 artefacts, contained locally. Root cause documented.",Suspicious Login on AST-CSE-08-036,patched / blocked
CS-001889,AL-002633,CSE-08,2026-09-07T23:15:00,2026-09-07T23:42:00,AN-CSE-08-01,Escalated,"Investigated Policy Violation on AST-CSE-08-002. Pulled IOCs, reviewed 6 artefacts, escalated to IR. Root cause documented.",Policy Violation on AST-CSE-08-002,patched / blocked
CS-001890,AL-002634,CSE-08,2026-09-01T18:51:00,2026-09-01T20:10:00,AN-CSE-08-07,Closed,"Investigated Policy Violation on AST-CSE-08-015. Pulled IOCs, reviewed 4 artefacts, contained locally. Root cause documented.",Policy Violation on AST-CSE-08-015,patched / blocked
CS-001891,AL-002635,CSE-08,2026-08-31T21:02:00,2026-08-31T22:42:00,AN-CSE-08-01,Closed,"Investigated C2 Beacon on AST-CSE-08-033. Pulled IOCs, reviewed 3 artefacts, contained locally. Root cause documented.",C2 Beacon on AST-CSE-08-033,patched / blocked
CS-001892,AL-002636,CSE-08,2026-08-31T22:05:00,2026-08-31T23:13:00,AN-CSE-08-04,Closed,"Investigated Privilege Escalation on AST-CSE-08-032. Pulled IOCs, reviewed 5 artefacts, contained locally. Root cause documented.",Privilege Escalation on AST-CSE-08-032,patched / blocked
CS-001893,AL-002638,CSE-08,2026-09-09T15:58:00,2026-09-09T16:26:00,AN-CSE-08-06,Closed,"Investigated Phishing on AST-CSE-08-014. Pulled IOCs, reviewed 5 artefacts, contained locally. Root cause documented.",Phishing on AST-CSE-08-014,patched / blocked
CS-001894,AL-002639,CSE-08,2026-08-31T14:04:00,2026-08-31T17:25:00,AN-CSE-08-04,Closed,"Investigated Suspicious Login on AST-CSE-08-006. Pulled IOCs, reviewed 9 artefacts, contained locally. Root cause documented.",Suspicious Login on AST-CSE-08-006,patched / blocked
CS-001895,AL-002640,CSE-08,2026-09-03T18:47:00,2026-09-03T20:26:00,AN-CSE-08-02,Closed,"Investigated Malware on AST-CSE-08-017. Pulled IOCs, reviewed 3 artefacts, contained locally. Root cause documented.",Malware on AST-CSE-08-017,patched / blocked
CS-001896,AL-002641,CSE-08,2026-08-29T08:12:00,2026-08-29T11:17:00,AN-CSE-08-03,Closed,"Investigated Malware on AST-CSE-08-031. Pulled IOCs, reviewed 9 artefacts, contained locally. Root cause documented.",Malware on AST-CSE-08-031,patched / blocked
CS-001897,AL-002644,CSE-08,2026-09-04T02:44:00,2026-09-04T05:31:00,AN-CSE-08-07,Closed,"Investigated Exfiltration on AST-CSE-08-020. Pulled IOCs, reviewed 9 artefacts, contained locally. Root cause documented.",Exfiltration on AST-CSE-08-020,patched / blocked
CS-001898,AL-002645,CSE-08,2026-09-06T12:06:00,2026-09-06T15:54:00,AN-CSE-08-07,Closed,"Investigated Lateral Movement on AST-CSE-08-002. Pulled IOCs, reviewed 3 artefacts, contained locally. Root cause documented.",Lateral Movement on AST-CSE-08-002,patched / blocked
CS-001899,AL-002646,CSE-08,2026-09-01T01:30:00,2026-09-01T03:59:00,AN-CSE-08-04,Closed,"Investigated Lateral Movement on AST-CSE-08-028. Pulled IOCs, reviewed 8 artefacts, contained locally. Root cause documented.",Lateral Movement on AST-CSE-08-028,patched / blocked
CS-001900,AL-002647,CSE-08,2026-09-05T00:32:00,2026-09-05T03:52:00,AN-CSE-08-03,Closed,"Investigated Privilege Escalation on AST-CSE-08-008. Pulled IOCs, reviewed 8 artefacts, contained locally. Root cause documented.",Privilege Escalation on AST-CSE-08-008,patched / blocked
CS-001901,AL-002648,CSE-08,2026-09-07T18:11:00,2026-09-07T19:00:00,AN-CSE-08-04,Closed,"Investigated Lateral Movement on AST-CSE-08-029. Pulled IOCs, reviewed 7 artefacts, contained locally. Root cause documented.",Lateral Movement on AST-CSE-08-029,patched / blocked
CS-001902,AL-002649,CSE-08,2026-08-28T14:41:00,2026-08-28T15:59:00,AN-CSE-08-03,Closed,"Investigated Suspicious Login on AST-CSE-08-022. Pulled IOCs, reviewed 4 artefacts, contained locally. Root cause documented.",Suspicious Login on AST-CSE-08-022,patched / blocked
CS-001903,AL-002650,CSE-08,2026-08-28T00:56:00,2026-08-28T02:21:00,AN-CSE-08-06,Closed,"Investigated Phishing on AST-CSE-08-020. Pulled IOCs, reviewed 7 artefacts, contained locally. Root cause documented.",Phishing on AST-CSE-08-020,patched / blocked
CS-001904,AL-002651,CSE-08,2026-09-19T21:02:00,2026-09-20T00:45:00,AN-CSE-08-04,Closed,"Investigated C2 Beacon on AST-CSE-08-038. Pulled IOCs, reviewed 6 artefacts, contained locally. Root cause documented.",C2 Beacon on AST-CSE-08-038,patched / blocked
CS-001905,AL-002652,CSE-08,2026-09-17T00:13:00,2026-09-17T00:49:00,AN-CSE-08-06,Closed,"Investigated C2 Beacon on AST-CSE-08-017. Pulled IOCs, reviewed 8 artefacts, contained locally. Root cause documented.",C2 Beacon on AST-CSE-08-017,patched / blocked
CS-001906,AL-002653,CSE-08,2026-09-17T22:00:00,2026-09-17T22:56:00,AN-CSE-08-06,Closed,"Investigated Data Access Anomaly on AST-CSE-08-018. Pulled IOCs, reviewed 4 artefacts, contained locally. Root cause documented.",Data Access Anomaly on AST-CSE-08-018,patched / blocked
CS-001907,AL-002654,CSE-08,2026-09-03T09:19:00,2026-09-03T10:04:00,AN-CSE-08-05,Closed,"Investigated Phishing on AST-CSE-08-033. Pulled IOCs, reviewed 4 artefacts, contained locally. Root cause documented.",Phishing on AST-CSE-08-033,patched / blocked
CS-001908,AL-002655,CSE-08,2026-08-23T10:15:00,2026-08-23T11:27:00,AN-CSE-08-05,Closed,"Investigated Policy Violation on AST-CSE-08-018. Pulled IOCs, reviewed 8 artefacts, contained locally. Root cause documented.",Policy Violation on AST-CSE-08-018,patched / blocked
CS-001909,AL-002656,CSE-08,2026-09-15T17:09:00,2026-09-15T18:37:00,AN-CSE-08-03,Escalated,"Investigated Exfiltration on AST-CSE-08-029. Pulled IOCs, reviewed 8 artefacts, escalated to IR. Root cause documented.",Exfiltration on AST-CSE-08-029,patched / blocked
CS-001910,AL-002658,CSE-08,2026-09-15T08:25:00,2026-09-15T10:40:00,AN-CSE-08-04,Closed,"Investigated C2 Beacon on AST-CSE-08-038. Pulled IOCs, reviewed 6 artefacts, contained locally. Root cause documented.",C2 Beacon on AST-CSE-08-038,patched / blocked
CS-001911,AL-002659,CSE-08,2026-09-06T22:56:00,2026-09-07T00:36:00,AN-CSE-08-01,Closed,"Investigated C2 Beacon on AST-CSE-08-039. Pulled IOCs, reviewed 8 artefacts, contained locally. Root cause documented.",C2 Beacon on AST-CSE-08-039,patched / blocked
CS-001912,AL-002661,CSE-08,2026-08-23T05:14:00,2026-08-23T05:19:00,AN-CSE-08-08,Closed,"Investigated Suspicious Login on AST-CSE-08-038. Pulled IOCs, reviewed 1 artefacts, contained locally. Root cause documented.",,
CS-001913,AL-002663,CSE-08,2026-09-17T03:42:00,2026-09-17T04:56:00,AN-CSE-08-01,Closed,"Investigated Exfiltration on AST-CSE-08-020. Pulled IOCs, reviewed 4 artefacts, contained locally. Root cause documented.",Exfiltration on AST-CSE-08-020,patched / blocked
CS-001914,AL-002664,CSE-08,2026-09-08T00:33:00,2026-09-08T04:20:00,AN-CSE-08-05,Closed,"Investigated Policy Violation on AST-CSE-08-005. Pulled IOCs, reviewed 6 artefacts, contained locally. Root cause documented.",Policy Violation on AST-CSE-08-005,patched / blocked
CS-001915,AL-002665,CSE-08,2026-09-05T07:36:00,2026-09-05T10:25:00,AN-CSE-08-04,Closed,"Investigated Suspicious Login on AST-CSE-08-008. Pulled IOCs, reviewed 9 artefacts, contained locally. Root cause documented.",Suspicious Login on AST-CSE-08-008,patched / blocked
CS-001916,AL-002666,CSE-08,2026-09-08T17:12:00,2026-09-08T19:36:00,AN-CSE-08-03,Closed,"Investigated Data Access Anomaly on AST-CSE-08-025. Pulled IOCs, reviewed 8 artefacts, contained locally. Root cause documented.",Data Access Anomaly on AST-CSE-08-025,patched / blocked
CS-001917,AL-002668,CSE-08,2026-08-28T01:39:00,2026-08-28T02:52:00,AN-CSE-08-02,Closed,"Investigated Malware on AST-CSE-08-021. Pulled IOCs, reviewed 9 artefacts, contained locally. Root cause documented.",Malware on AST-CSE-08-021,patched / blocked
CS-001918,AL-002671,CSE-08,2026-09-10T17:07:00,2026-09-10T17:50:00,AN-CSE-08-04,Closed,"Investigated Privilege Escalation on AST-CSE-08-006. Pulled IOCs, reviewed 3 artefacts, contained locally. Root cause documented.",Privilege Escalation on AST-CSE-08-006,patched / blocked
CS-001919,AL-002673,CSE-08,2026-09-10T02:45:00,2026-09-10T04:51:00,AN-CSE-08-08,Escalated,"Investigated Exfiltration on AST-CSE-08-001. Pulled IOCs, reviewed 6 artefacts, escalated to IR. Root cause documented.",Exfiltration on AST-CSE-08-001,patched / blocked
CS-001920,AL-002675,CSE-08,2026-09-13T17:55:00,2026-09-13T18:26:00,AN-CSE-08-06,Closed,"Investigated Lateral Movement on AST-CSE-08-031. Pulled IOCs, reviewed 5 artefacts, contained locally. Root cause documented.",Lateral Movement on AST-CSE-08-031,patched / blocked
CS-001921,AL-002677,CSE-08,2026-08-29T23:20:00,2026-08-30T00:07:00,AN-CSE-08-06,Escalated,"Investigated Phishing on AST-CSE-08-030. Pulled IOCs, reviewed 5 artefacts, escalated to IR. Root cause documented.",Phishing on AST-CSE-08-030,patched / blocked
CS-001922,AL-002678,CSE-08,2026-08-31T11:51:00,2026-08-31T14:59:00,AN-CSE-08-07,Closed,"Investigated C2 Beacon on AST-CSE-08-004. Pulled IOCs, reviewed 4 artefacts, contained locally. Root cause documented.",C2 Beacon on AST-CSE-08-004,patched / blocked
CS-001923,AL-002679,CSE-08,2026-09-14T13:13:00,2026-09-14T13:41:00,AN-CSE-08-04,Closed,"Investigated Privilege Escalation on AST-CSE-08-005. Pulled IOCs, reviewed 3 artefacts, contained locally. Root cause documented.",Privilege Escalation on AST-CSE-08-005,patched / blocked
CS-001924,AL-002680,CSE-08,2026-09-03T22:05:00,2026-09-03T22:12:00,AN-CSE-08-06,Closed,"Investigated Malware on AST-CSE-08-013. Pulled IOCs, reviewed 0 artefacts, contained locally. Root cause documented.",,
CS-001925,AL-002681,CSE-08,2026-08-28T08:54:00,2026-08-28T09:15:00,AN-CSE-08-05,Closed,"Investigated Brute Force on AST-CSE-08-021. Pulled IOCs, reviewed 6 artefacts, contained locally. Root cause documented.",Brute Force on AST-CSE-08-021,patched / blocked
CS-001926,AL-002682,CSE-08,2026-09-18T03:40:00,2026-09-18T05:37:00,AN-CSE-08-03,Closed,"Investigated Malware on AST-CSE-08-031. Pulled IOCs, reviewed 6 artefacts, contained locally. Root cause documented.",Malware on AST-CSE-08-031,patched / blocked
CS-001927,AL-002685,CSE-08,2026-09-17T05:44:00,2026-09-17T08:31:00,AN-CSE-08-05,Closed,"Investigated Malware on AST-CSE-08-040. Pulled IOCs, reviewed 3 artefacts, contained locally. Root cause documented.",Malware on AST-CSE-08-040,patched / blocked
CS-001928,AL-002686,CSE-08,2026-09-03T23:53:00,2026-09-04T03:20:00,AN-CSE-08-04,Closed,"Investigated Brute Force on AST-CSE-08-015. Pulled IOCs, reviewed 7 artefacts, contained locally. Root cause documented.",Brute Force on AST-CSE-08-015,patched / blocked
CS-001929,AL-002687,CSE-08,2026-09-10T07:47:00,2026-09-10T09:49:00,AN-CSE-08-05,Closed,"Investigated C2 Beacon on AST-CSE-08-022. Pulled IOCs, reviewed 5 artefacts, contained locally. Root cause documented.",C2 Beacon on AST-CSE-08-022,patched / blocked
CS-001930,AL-002689,CSE-08,2026-09-12T22:12:00,2026-09-13T00:33:00,AN-CSE-08-08,Closed,"Investigated Data Access Anomaly on AST-CSE-08-004. Pulled IOCs, reviewed 8 artefacts, contained locally. Root cause documented.",Data Access Anomaly on AST-CSE-08-004,patched / blocked
CS-001931,AL-002690,CSE-08,2026-08-31T00:49:00,2026-08-31T02:40:00,AN-CSE-08-08,Closed,"Investigated Data Access Anomaly on AST-CSE-08-018. Pulled IOCs, reviewed 6 artefacts, contained locally. Root cause documented.",Data Access Anomaly on AST-CSE-08-018,patched / blocked
CS-001932,AL-002691,CSE-08,2026-09-08T00:08:00,2026-09-08T00:44:00,AN-CSE-08-06,Closed,"Investigated Brute Force on AST-CSE-08-022. Pulled IOCs, reviewed 5 artefacts, contained locally. Root cause documented.",Brute Force on AST-CSE-08-022,patched / blocked
CS-001933,AL-002692,CSE-08,2026-09-12T15:28:00,2026-09-12T17:34:00,AN-CSE-08-01,Closed,"Investigated Brute Force on AST-CSE-08-025. Pulled IOCs, reviewed 6 artefacts, contained locally. Root cause documented.",Brute Force on AST-CSE-08-025,patched / blocked
CS-001934,AL-002693,CSE-08,2026-09-09T04:45:00,2026-09-09T08:03:00,AN-CSE-08-07,Closed,"Investigated Exfiltration on AST-CSE-08-007. Pulled IOCs, reviewed 5 artefacts, contained locally. Root cause documented.",Exfiltration on AST-CSE-08-007,patched / blocked
CS-001935,AL-002695,CSE-08,2026-08-30T17:25:00,2026-08-30T18:19:00,AN-CSE-08-06,Closed,"Investigated C2 Beacon on AST-CSE-08-038. Pulled IOCs, reviewed 5 artefacts, contained locally. Root cause documented.",C2 Beacon on AST-CSE-08-038,patched / blocked
CS-001936,AL-002696,CSE-08,2026-09-16T02:54:00,2026-09-16T03:54:00,AN-CSE-08-06,Closed,"Investigated Policy Violation on AST-CSE-08-025. Pulled IOCs, reviewed 8 artefacts, contained locally. Root cause documented.",Policy Violation on AST-CSE-08-025,patched / blocked
CS-001937,AL-002697,CSE-08,2026-09-03T04:40:00,2026-09-03T07:48:00,AN-CSE-08-05,Closed,"Investigated Lateral Movement on AST-CSE-08-027. Pulled IOCs, reviewed 5 artefacts, contained locally. Root cause documented.",Lateral Movement on AST-CSE-08-027,patched / blocked
CS-001938,AL-002700,CSE-08,2026-08-24T04:17:00,2026-08-24T06:43:00,AN-CSE-08-02,Closed,"Investigated C2 Beacon on AST-CSE-08-005. Pulled IOCs, reviewed 8 artefacts, contained locally. Root cause documented.",C2 Beacon on AST-CSE-08-005,patched / blocked
CS-001939,AL-002701,CSE-08,2026-09-19T20:09:00,2026-09-19T22:01:00,AN-CSE-08-04,Escalated,"Investigated Phishing on AST-CSE-08-030. Pulled IOCs, reviewed 3 artefacts, escalated to IR. Root cause documented.",Phishing on AST-CSE-08-030,patched / blocked
CS-001940,AL-002702,CSE-08,2026-09-11T18:21:00,2026-09-11T21:02:00,AN-CSE-08-07,Closed,"Investigated Malware on AST-CSE-08-011. Pulled IOCs, reviewed 8 artefacts, contained locally. Root cause documented.",Malware on AST-CSE-08-011,patched / blocked
CS-001941,AL-002703,CSE-08,2026-09-11T17:47:00,2026-09-11T18:38:00,AN-CSE-08-02,Closed,"Investigated Brute Force on AST-CSE-08-036. Pulled IOCs, reviewed 5 artefacts, contained locally. Root cause documented.",Brute Force on AST-CSE-08-036,patched / blocked
CS-001942,AL-002704,CSE-08,2026-08-25T21:35:00,2026-08-25T23:06:00,AN-CSE-08-03,Closed,"Investigated Data Access Anomaly on AST-CSE-08-013. Pulled IOCs, reviewed 9 artefacts, contained locally. Root cause documented.",Data Access Anomaly on AST-CSE-08-013,patched / blocked
CS-001943,AL-002708,CSE-08,2026-08-31T22:32:00,2026-09-01T01:12:00,AN-CSE-08-01,Closed,"Investigated Data Access Anomaly on AST-CSE-08-019. Pulled IOCs, reviewed 4 artefacts, contained locally. Root cause documented.",Data Access Anomaly on AST-CSE-08-019,patched / blocked
CS-001944,AL-002710,CSE-08,2026-08-29T04:24:00,2026-08-29T04:52:00,AN-CSE-08-05,Closed,"Investigated Phishing on AST-CSE-08-002. Pulled IOCs, reviewed 9 artefacts, contained locally. Root cause documented.",Phishing on AST-CSE-08-002,patched / blocked
CS-001945,AL-002711,CSE-08,2026-09-12T05:30:00,2026-09-12T06:37:00,AN-CSE-08-07,Closed,"Investigated Lateral Movement on AST-CSE-08-013. Pulled IOCs, reviewed 8 artefacts, contained locally. Root cause documented.",Lateral Movement on AST-CSE-08-013,patched / blocked
CS-001946,AL-002712,CSE-08,2026-08-24T17:26:00,2026-08-24T18:01:00,AN-CSE-08-05,Closed,"Investigated Phishing on AST-CSE-08-035. Pulled IOCs, reviewed 3 artefacts, contained locally. Root cause documented.",Phishing on AST-CSE-08-035,patched / blocked
CS-001947,AL-002716,CSE-08,2026-09-17T05:44:00,2026-09-17T07:10:00,AN-CSE-08-06,Closed,"Investigated Lateral Movement on AST-CSE-08-003. Pulled IOCs, reviewed 4 artefacts, contained locally. Root cause documented.",Lateral Movement on AST-CSE-08-003,patched / blocked
CS-001948,AL-002719,CSE-08,2026-08-23T07:10:00,2026-08-23T08:44:00,AN-CSE-08-02,Closed,"Investigated Policy Violation on AST-CSE-08-006. Pulled IOCs, reviewed 9 artefacts, contained locally. Root cause documented.",Policy Violation on AST-CSE-08-006,patched / blocked
CS-001949,AL-002721,CSE-08,2026-08-21T20:01:00,2026-08-21T22:56:00,AN-CSE-08-02,Closed,"Investigated Exfiltration on AST-CSE-08-030. Pulled IOCs, reviewed 4 artefacts, contained locally. Root cause documented.",Exfiltration on AST-CSE-08-030,patched / blocked
CS-001950,AL-002724,CSE-08,2026-09-16T08:38:00,2026-09-16T09:12:00,AN-CSE-08-05,Closed,"Investigated Brute Force on AST-CSE-08-019. Pulled IOCs, reviewed 8 artefacts, contained locally. Root cause documented.",Brute Force on AST-CSE-08-019,patched / blocked
CS-001951,AL-002725,CSE-08,2026-09-18T22:22:00,2026-09-18T22:26:00,AN-CSE-08-07,Closed,"Investigated Privilege Escalation on AST-CSE-08-006. Pulled IOCs, reviewed 1 artefacts, contained locally. Root cause documented.",,
CS-001952,AL-002727,CSE-08,2026-09-20T07:20:00,2026-09-20T10:44:00,AN-CSE-08-06,Closed,"Investigated Exfiltration on AST-CSE-08-032. Pulled IOCs, reviewed 9 artefacts, contained locally. Root cause documented.",Exfiltration on AST-CSE-08-032,patched / blocked
CS-001953,AL-002730,CSE-08,2026-08-29T23:47:00,2026-08-30T02:16:00,AN-CSE-08-06,Closed,"Investigated C2 Beacon on AST-CSE-08-022. Pulled IOCs, reviewed 5 artefacts, contained locally. Root cause documented.",C2 Beacon on AST-CSE-08-022,patched / blocked
CS-001954,AL-002731,CSE-08,2026-09-17T21:51:00,2026-09-18T01:25:00,AN-CSE-08-07,Closed,"Investigated Policy Violation on AST-CSE-08-012. Pulled IOCs, reviewed 8 artefacts, contained locally. Root cause documented.",Policy Violation on AST-CSE-08-012,patched / blocked
CS-001955,AL-002736,CSE-08,2026-08-25T14:50:00,2026-08-25T17:31:00,AN-CSE-08-03,Closed,"Investigated Phishing on AST-CSE-08-008. Pulled IOCs, reviewed 4 artefacts, contained locally. Root cause documented.",Phishing on AST-CSE-08-008,patched / blocked
CS-001956,AL-002737,CSE-08,2026-09-19T18:43:00,2026-09-19T19:37:00,AN-CSE-08-08,Closed,"Investigated Suspicious Login on AST-CSE-08-012. Pulled IOCs, reviewed 7 artefacts, contained locally. Root cause documented.",Suspicious Login on AST-CSE-08-012,patched / blocked
CS-001957,AL-002743,CSE-08,2026-09-17T16:39:00,2026-09-17T19:04:00,AN-CSE-08-03,Closed,"Investigated Privilege Escalation on AST-CSE-08-019. Pulled IOCs, reviewed 9 artefacts, contained locally. Root cause documented.",Privilege Escalation on AST-CSE-08-019,patched / blocked
CS-001958,AL-002747,CSE-08,2026-08-23T04:08:00,2026-08-23T04:31:00,AN-CSE-08-07,Closed,"Investigated Exfiltration on AST-CSE-08-029. Pulled IOCs, reviewed 5 artefacts, contained locally. Root cause documented.",Exfiltration on AST-CSE-08-029,patched / blocked
CS-001959,AL-002748,CSE-08,2026-08-21T20:10:00,2026-08-21T21:48:00,AN-CSE-08-06,Closed,"Investigated Privilege Escalation on AST-CSE-08-036. Pulled IOCs, reviewed 8 artefacts, contained locally. Root cause documented.",Privilege Escalation on AST-CSE-08-036,patched / blocked
CS-001960,AL-002750,CSE-08,2026-09-15T19:22:00,2026-09-15T19:59:00,AN-CSE-08-07,Closed,"Investigated Exfiltration on AST-CSE-08-004. Pulled IOCs, reviewed 8 artefacts, contained locally. Root cause documented.",Exfiltration on AST-CSE-08-004,patched / blocked
CS-001961,AL-002751,CSE-08,2026-09-13T04:32:00,2026-09-13T05:03:00,AN-CSE-08-05,Closed,"Investigated Privilege Escalation on AST-CSE-08-025. Pulled IOCs, reviewed 3 artefacts, contained locally. Root cause documented.",Privilege Escalation on AST-CSE-08-025,patched / blocked
CS-001962,AL-002752,CSE-08,2026-09-18T04:34:00,2026-09-18T07:15:00,AN-CSE-08-02,Closed,"Investigated Brute Force on AST-CSE-08-021. Pulled IOCs, reviewed 3 artefacts, contained locally. Root cause documented.",Brute Force on AST-CSE-08-021,patched / blocked
CS-001963,AL-002753,CSE-08,2026-09-04T03:48:00,2026-09-04T06:45:00,AN-CSE-08-08,Closed,"Investigated Lateral Movement on AST-CSE-08-023. Pulled IOCs, reviewed 7 artefacts, contained locally. Root cause documented.",Lateral Movement on AST-CSE-08-023,patched / blocked
CS-001964,AL-002754,CSE-08,2026-09-10T21:11:00,2026-09-10T22:17:00,AN-CSE-08-08,Closed,"Investigated C2 Beacon on AST-CSE-08-040. Pulled IOCs, reviewed 5 artefacts, contained locally. Root cause documented.",C2 Beacon on AST-CSE-08-040,patched / blocked
CS-001965,AL-002755,CSE-08,2026-09-12T12:51:00,2026-09-12T14:28:00,AN-CSE-08-05,Closed,"Investigated Exfiltration on AST-CSE-08-035. Pulled IOCs, reviewed 7 artefacts, contained locally. Root cause documented.",Exfiltration on AST-CSE-08-035,patched / blocked
CS-001966,AL-002756,CSE-08,2026-08-29T07:41:00,2026-08-29T09:23:00,AN-CSE-08-02,Closed,"Investigated Exfiltration on AST-CSE-08-003. Pulled IOCs, reviewed 4 artefacts, contained locally. Root cause documented.",Exfiltration on AST-CSE-08-003,patched / blocked
CS-001967,AL-002757,CSE-08,2026-09-10T01:31:00,2026-09-10T04:20:00,AN-CSE-08-05,Closed,"Investigated Phishing on AST-CSE-08-039. Pulled IOCs, reviewed 3 artefacts, contained locally. Root cause documented.",Phishing on AST-CSE-08-039,patched / blocked
CS-001968,AL-002758,CSE-08,2026-09-08T11:50:00,2026-09-08T14:05:00,AN-CSE-08-05,Closed,"Investigated Policy Violation on AST-CSE-08-012. Pulled IOCs, reviewed 3 artefacts, contained locally. Root cause documented.",Policy Violation on AST-CSE-08-012,patched / blocked
CS-001969,AL-002759,CSE-08,2026-09-01T01:17:00,2026-09-01T02:33:00,AN-CSE-08-05,Closed,"Investigated Lateral Movement on AST-CSE-08-014. Pulled IOCs, reviewed 9 artefacts, contained locally. Root cause documented.",Lateral Movement on AST-CSE-08-014,patched / blocked
CS-001970,AL-002760,CSE-08,2026-09-15T19:36:00,2026-09-15T20:01:00,AN-CSE-08-04,Closed,"Investigated Suspicious Login on AST-CSE-08-021. Pulled IOCs, reviewed 9 artefacts, contained locally. Root cause documented.",Suspicious Login on AST-CSE-08-021,patched / blocked
CS-001971,AL-002761,CSE-08,2026-08-22T13:21:00,2026-08-22T14:06:00,AN-CSE-08-02,Closed,"Investigated C2 Beacon on AST-CSE-08-039. Pulled IOCs, reviewed 6 artefacts, contained locally. Root cause documented.",C2 Beacon on AST-CSE-08-039,patched / blocked
CS-001972,AL-002762,CSE-08,2026-09-16T11:41:00,2026-09-16T14:14:00,AN-CSE-08-02,Closed,"Investigated Data Access Anomaly on AST-CSE-08-011. Pulled IOCs, reviewed 9 artefacts, contained locally. Root cause documented.",Data Access Anomaly on AST-CSE-08-011,patched / blocked
CS-001973,AL-002763,CSE-08,2026-09-02T06:03:00,2026-09-02T07:16:00,AN-CSE-08-07,Closed,"Investigated Privilege Escalation on AST-CSE-08-008. Pulled IOCs, reviewed 6 artefacts, contained locally. Root cause documented.",Privilege Escalation on AST-CSE-08-008,patched / blocked
CS-001974,AL-002764,CSE-08,2026-08-25T00:12:00,2026-08-25T01:03:00,AN-CSE-08-01,Closed,"Investigated Lateral Movement on AST-CSE-08-026. Pulled IOCs, reviewed 9 artefacts, contained locally. Root cause documented.",Lateral Movement on AST-CSE-08-026,patched / blocked
CS-001975,AL-002765,CSE-08,2026-09-10T18:11:00,2026-09-10T19:09:00,AN-CSE-08-06,Closed,"Investigated Brute Force on AST-CSE-08-038. Pulled IOCs, reviewed 3 artefacts, contained locally. Root cause documented.",Brute Force on AST-CSE-08-038,patched / blocked
CS-001976,AL-002766,CSE-08,2026-09-02T04:19:00,2026-09-02T07:12:00,AN-CSE-08-04,Escalated,"Investigated Data Access Anomaly on AST-CSE-08-007. Pulled IOCs, reviewed 4 artefacts, escalated to IR. Root cause documented.",Data Access Anomaly on AST-CSE-08-007,patched / blocked
CS-001977,AL-002767,CSE-08,2026-09-20T10:19:00,2026-09-20T13:07:00,AN-CSE-08-01,Closed,"Investigated Phishing on AST-CSE-08-032. Pulled IOCs, reviewed 8 artefacts, contained locally. Root cause documented.",Phishing on AST-CSE-08-032,patched / blocked
CS-001978,AL-002769,CSE-08,2026-09-11T11:14:00,2026-09-11T14:13:00,AN-CSE-08-08,Closed,"Investigated Privilege Escalation on AST-CSE-08-024. Pulled IOCs, reviewed 9 artefacts, contained locally. Root cause documented.",Privilege Escalation on AST-CSE-08-024,patched / blocked
CS-001979,AL-002770,CSE-08,2026-08-27T00:14:00,2026-08-27T01:33:00,AN-CSE-08-04,Closed,"Investigated Malware on AST-CSE-08-015. Pulled IOCs, reviewed 3 artefacts, contained locally. Root cause documented.",Malware on AST-CSE-08-015,patched / blocked
CS-001980,AL-002771,CSE-08,2026-09-03T09:42:00,2026-09-03T11:54:00,AN-CSE-08-06,Closed,"Investigated Policy Violation on AST-CSE-08-030. Pulled IOCs, reviewed 8 artefacts, contained locally. Root cause documented.",Policy Violation on AST-CSE-08-030,patched / blocked
CS-001981,AL-002772,CSE-08,2026-08-28T08:21:00,2026-08-28T08:28:00,AN-CSE-08-05,Closed,"Investigated Policy Violation on AST-CSE-08-016. Pulled IOCs, reviewed 0 artefacts, contained locally. Root cause documented.",,
CS-001982,AL-002773,CSE-08,2026-08-29T21:29:00,2026-08-30T00:51:00,AN-CSE-08-07,Closed,"Investigated Phishing on AST-CSE-08-040. Pulled IOCs, reviewed 6 artefacts, contained locally. Root cause documented.",Phishing on AST-CSE-08-040,patched / blocked
CS-001983,AL-002775,CSE-08,2026-08-28T15:40:00,2026-08-28T17:39:00,AN-CSE-08-08,Closed,"Investigated Suspicious Login on AST-CSE-08-011. Pulled IOCs, reviewed 8 artefacts, contained locally. Root cause documented.",Suspicious Login on AST-CSE-08-011,patched / blocked
CS-001984,AL-002777,CSE-08,2026-08-24T20:20:00,2026-08-24T21:42:00,AN-CSE-08-07,Closed,"Investigated Malware on AST-CSE-08-029. Pulled IOCs, reviewed 4 artefacts, contained locally. Root cause documented.",Malware on AST-CSE-08-029,patched / blocked
CS-001985,AL-002779,CSE-08,2026-09-08T22:46:00,2026-09-09T00:19:00,AN-CSE-08-08,Closed,"Investigated Exfiltration on AST-CSE-08-034. Pulled IOCs, reviewed 9 artefacts, contained locally. Root cause documented.",Exfiltration on AST-CSE-08-034,patched / blocked
CS-001986,AL-002780,CSE-08,2026-09-19T11:13:00,2026-09-19T12:54:00,AN-CSE-08-04,Closed,"Investigated Exfiltration on AST-CSE-08-039. Pulled IOCs, reviewed 9 artefacts, contained locally. Root cause documented.",Exfiltration on AST-CSE-08-039,patched / blocked
CS-001987,AL-002781,CSE-08,2026-08-29T07:05:00,2026-08-29T07:43:00,AN-CSE-08-04,Closed,"Investigated Suspicious Login on AST-CSE-08-037. Pulled IOCs, reviewed 4 artefacts, contained locally. Root cause documented.",Suspicious Login on AST-CSE-08-037,patched / blocked
CS-001988,AL-002782,CSE-08,2026-08-29T15:28:00,2026-08-29T16:41:00,AN-CSE-08-07,Closed,"Investigated C2 Beacon on AST-CSE-08-017. Pulled IOCs, reviewed 4 artefacts, contained locally. Root cause documented.",C2 Beacon on AST-CSE-08-017,patched / blocked
CS-001989,AL-002783,CSE-08,2026-08-29T18:48:00,2026-08-29T21:28:00,AN-CSE-08-08,Closed,"Investigated Exfiltration on AST-CSE-08-035. Pulled IOCs, reviewed 3 artefacts, contained locally. Root cause documented.",Exfiltration on AST-CSE-08-035,patched / blocked
CS-001990,AL-002784,CSE-08,2026-09-17T08:11:00,2026-09-17T08:33:00,AN-CSE-08-05,Closed,"Investigated Suspicious Login on AST-CSE-08-014. Pulled IOCs, reviewed 9 artefacts, contained locally. Root cause documented.",Suspicious Login on AST-CSE-08-014,patched / blocked
CS-001991,AL-002785,CSE-08,2026-09-08T02:49:00,2026-09-08T06:32:00,AN-CSE-08-07,Closed,"Investigated Brute Force on AST-CSE-08-023. Pulled IOCs, reviewed 4 artefacts, contained locally. Root cause documented.",Brute Force on AST-CSE-08-023,patched / blocked
CS-001992,AL-002786,CSE-08,2026-09-12T01:38:00,2026-09-12T03:01:00,AN-CSE-08-04,Closed,"Investigated Brute Force on AST-CSE-08-005. Pulled IOCs, reviewed 6 artefacts, contained locally. Root cause documented.",Brute Force on AST-CSE-08-005,patched / blocked
CS-001993,AL-002787,CSE-08,2026-09-07T16:30:00,2026-09-07T18:42:00,AN-CSE-08-07,Closed,"Investigated Privilege Escalation on AST-CSE-08-026. Pulled IOCs, reviewed 7 artefacts, contained locally. Root cause documented.",Privilege Escalation on AST-CSE-08-026,patched / blocked
CS-001994,AL-002788,CSE-08,2026-09-11T17:42:00,2026-09-11T18:02:00,AN-CSE-08-06,Closed,"Investigated C2 Beacon on AST-CSE-08-038. Pulled IOCs, reviewed 5 artefacts, contained locally. Root cause documented.",C2 Beacon on AST-CSE-08-038,patched / blocked
CS-001995,AL-002789,CSE-08,2026-09-06T17:52:00,2026-09-06T20:23:00,AN-CSE-08-07,Closed,"Investigated Privilege Escalation on AST-CSE-08-009. Pulled IOCs, reviewed 5 artefacts, contained locally. Root cause documented.",Privilege Escalation on AST-CSE-08-009,patched / blocked
CS-001996,AL-002790,CSE-08,2026-08-26T21:04:00,2026-08-26T22:09:00,AN-CSE-08-07,Closed,"Investigated C2 Beacon on AST-CSE-08-004. Pulled IOCs, reviewed 7 artefacts, contained locally. Root cause documented.",C2 Beacon on AST-CSE-08-004,patched / blocked
CS-001997,AL-002792,CSE-08,2026-08-25T14:37:00,2026-08-25T18:18:00,AN-CSE-08-01,Closed,"Investigated Exfiltration on AST-CSE-08-008. Pulled IOCs, reviewed 4 artefacts, contained locally. Root cause documented.",Exfiltration on AST-CSE-08-008,patched / blocked
CS-001998,AL-002794,CSE-08,2026-09-16T00:53:00,2026-09-16T01:26:00,AN-CSE-08-05,Closed,"Investigated Policy Violation on AST-CSE-08-037. Pulled IOCs, reviewed 6 artefacts, contained locally. Root cause documented.",Policy Violation on AST-CSE-08-037,patched / blocked
CS-001999,AL-002795,CSE-08,2026-09-04T07:55:00,2026-09-04T11:09:00,AN-CSE-08-05,Closed,"Investigated Lateral Movement on AST-CSE-08-014. Pulled IOCs, reviewed 9 artefacts, contained locally. Root cause documented.",Lateral Movement on AST-CSE-08-014,patched / blocked
CS-002000,AL-002796,CSE-08,2026-08-28T07:16:00,2026-08-28T10:34:00,AN-CSE-08-01,Closed,"Investigated Lateral Movement on AST-CSE-08-016. Pulled IOCs, reviewed 8 artefacts, contained locally. Root cause documented.",Lateral Movement on AST-CSE-08-016,patched / blocked
CS-002001,AL-002798,CSE-08,2026-08-25T19:33:00,2026-08-25T20:10:00,AN-CSE-08-04,Closed,"Investigated Brute Force on AST-CSE-08-015. Pulled IOCs, reviewed 4 artefacts, contained locally. Root cause documented.",Brute Force on AST-CSE-08-015,patched / blocked
CS-002002,AL-002799,CSE-08,2026-08-27T14:27:00,2026-08-27T15:55:00,AN-CSE-08-05,Closed,"Investigated Malware on AST-CSE-08-002. Pulled IOCs, reviewed 4 artefacts, contained locally. Root cause documented.",Malware on AST-CSE-08-002,patched / blocked
CS-002003,AL-002801,CSE-08,2026-09-04T12:13:00,2026-09-04T14:10:00,AN-CSE-08-02,Closed,"Investigated Suspicious Login on AST-CSE-08-011. Pulled IOCs, reviewed 3 artefacts, contained locally. Root cause documented.",Suspicious Login on AST-CSE-08-011,patched / blocked
CS-002004,AL-002802,CSE-08,2026-08-22T22:04:00,2026-08-22T23:58:00,AN-CSE-08-03,Closed,"Investigated Data Access Anomaly on AST-CSE-08-017. Pulled IOCs, reviewed 6 artefacts, contained locally. Root cause documented.",Data Access Anomaly on AST-CSE-08-017,patched / blocked
CS-002005,AL-002803,CSE-08,2026-09-14T07:44:00,2026-09-14T08:22:00,AN-CSE-08-06,Closed,"Investigated Malware on AST-CSE-08-037. Pulled IOCs, reviewed 7 artefacts, contained locally. Root cause documented.",Malware on AST-CSE-08-037,patched / blocked
CS-002006,AL-002804,CSE-08,2026-08-23T11:56:00,2026-08-23T13:30:00,AN-CSE-08-02,Closed,"Investigated Malware on AST-CSE-08-024. Pulled IOCs, reviewed 6 artefacts, contained locally. Root cause documented.",Malware on AST-CSE-08-024,patched / blocked
CS-002007,AL-002806,CSE-08,2026-08-27T12:58:00,2026-08-27T13:35:00,AN-CSE-08-05,Closed,"Investigated Data Access Anomaly on AST-CSE-08-033. Pulled IOCs, reviewed 3 artefacts, contained locally. Root cause documented.",Data Access Anomaly on AST-CSE-08-033,patched / blocked
CS-002008,AL-002807,CSE-08,2026-09-08T23:36:00,2026-09-09T00:45:00,AN-CSE-08-06,Closed,"Investigated Exfiltration on AST-CSE-08-004. Pulled IOCs, reviewed 9 artefacts, contained locally. Root cause documented.",Exfiltration on AST-CSE-08-004,patched / blocked
CS-002009,AL-002808,CSE-08,2026-09-17T03:28:00,2026-09-17T05:45:00,AN-CSE-08-04,Closed,"Investigated Suspicious Login on AST-CSE-08-013. Pulled IOCs, reviewed 5 artefacts, contained locally. Root cause documented.",Suspicious Login on AST-CSE-08-013,patched / blocked
CS-002010,AL-002809,CSE-08,2026-08-31T16:00:00,2026-08-31T16:07:00,AN-CSE-08-02,Closed,"Investigated Malware on AST-CSE-08-033. Pulled IOCs, reviewed 1 artefacts, contained locally. Root cause documented.",,
CS-002011,AL-002810,CSE-08,2026-08-24T21:25:00,2026-08-25T00:15:00,AN-CSE-08-05,Closed,"Investigated Policy Violation on AST-CSE-08-019. Pulled IOCs, reviewed 3 artefacts, contained locally. Root cause documented.",Policy Violation on AST-CSE-08-019,patched / blocked
CS-002012,AL-002811,CSE-08,2026-08-31T19:16:00,2026-08-31T20:02:00,AN-CSE-08-04,Closed,"Investigated Phishing on AST-CSE-08-030. Pulled IOCs, reviewed 6 artefacts, contained locally. Root cause documented.",Phishing on AST-CSE-08-030,patched / blocked
CS-002013,AL-002812,CSE-08,2026-09-07T22:09:00,2026-09-08T00:54:00,AN-CSE-08-07,Closed,"Investigated Privilege Escalation on AST-CSE-08-007. Pulled IOCs, reviewed 7 artefacts, contained locally. Root cause documented.",Privilege Escalation on AST-CSE-08-007,patched / blocked
CS-002014,AL-002813,CSE-08,2026-08-27T13:27:00,2026-08-27T14:27:00,AN-CSE-08-04,Closed,"Investigated Policy Violation on AST-CSE-08-025. Pulled IOCs, reviewed 6 artefacts, contained locally. Root cause documented.",Policy Violation on AST-CSE-08-025,patched / blocked
CS-002015,AL-002815,CSE-08,2026-09-07T01:32:00,2026-09-07T02:55:00,AN-CSE-08-03,Closed,"Investigated Phishing on AST-CSE-08-035. Pulled IOCs, reviewed 5 artefacts, contained locally. Root cause documented.",Phishing on AST-CSE-08-035,patched / blocked
CS-002016,AL-002816,CSE-08,2026-08-26T19:50:00,2026-08-26T21:52:00,AN-CSE-08-05,Closed,"Investigated Data Access Anomaly on AST-CSE-08-016. Pulled IOCs, reviewed 8 artefacts, contained locally. Root cause documented.",Data Access Anomaly on AST-CSE-08-016,patched / blocked
CS-002017,AL-002817,CSE-08,2026-08-28T20:39:00,2026-08-28T22:23:00,AN-CSE-08-01,Closed,"Investigated Policy Violation on AST-CSE-08-007. Pulled IOCs, reviewed 7 artefacts, contained locally. Root cause documented.",Policy Violation on AST-CSE-08-007,patched / blocked
CS-002018,AL-002818,CSE-08,2026-09-01T06:00:00,2026-09-01T09:41:00,AN-CSE-08-04,Closed,"Investigated C2 Beacon on AST-CSE-08-028. Pulled IOCs, reviewed 7 artefacts, contained locally. Root cause documented.",C2 Beacon on AST-CSE-08-028,patched / blocked
CS-002019,AL-002823,CSE-08,2026-09-04T21:02:00,2026-09-05T00:36:00,AN-CSE-08-02,Closed,"Investigated Policy Violation on AST-CSE-08-011. Pulled IOCs, reviewed 7 artefacts, contained locally. Root cause documented.",Policy Violation on AST-CSE-08-011,patched / blocked
CS-002020,AL-002824,CSE-08,2026-08-27T20:19:00,2026-08-27T23:08:00,AN-CSE-08-07,Closed,"Investigated Privilege Escalation on AST-CSE-08-009. Pulled IOCs, reviewed 3 artefacts, contained locally. Root cause documented.",Privilege Escalation on AST-CSE-08-009,patched / blocked
CS-002021,AL-002825,CSE-08,2026-09-19T07:15:00,2026-09-19T08:45:00,AN-CSE-08-05,Closed,"Investigated Phishing on AST-CSE-08-029. Pulled IOCs, reviewed 8 artefacts, contained locally. Root cause documented.",Phishing on AST-CSE-08-029,patched / blocked
CS-002022,AL-002826,CSE-08,2026-09-19T00:13:00,2026-09-19T03:30:00,AN-CSE-08-08,Closed,"Investigated Lateral Movement on AST-CSE-08-032. Pulled IOCs, reviewed 8 artefacts, contained locally. Root cause documented.",Lateral Movement on AST-CSE-08-032,patched / blocked
CS-002023,AL-002828,CSE-08,2026-08-28T16:33:00,2026-08-28T18:36:00,AN-CSE-08-06,Closed,"Investigated Phishing on AST-CSE-08-031. Pulled IOCs, reviewed 9 artefacts, contained locally. Root cause documented.",Phishing on AST-CSE-08-031,patched / blocked
CS-002024,AL-002829,CSE-08,2026-08-31T12:17:00,2026-08-31T13:32:00,AN-CSE-08-07,Escalated,"Investigated Exfiltration on AST-CSE-08-027. Pulled IOCs, reviewed 4 artefacts, escalated to IR. Root cause documented.",Exfiltration on AST-CSE-08-027,patched / blocked
CS-002025,AL-002830,CSE-08,2026-08-29T00:51:00,2026-08-29T00:57:00,AN-CSE-08-03,Closed,"Investigated Malware on AST-CSE-08-018. Pulled IOCs, reviewed 0 artefacts, contained locally. Root cause documented.",,
CS-002026,AL-002831,CSE-08,2026-09-05T16:48:00,2026-09-05T17:25:00,AN-CSE-08-03,Closed,"Investigated Privilege Escalation on AST-CSE-08-025. Pulled IOCs, reviewed 7 artefacts, contained locally. Root cause documented.",Privilege Escalation on AST-CSE-08-025,patched / blocked
CS-002027,AL-002833,CSE-08,2026-09-17T01:29:00,2026-09-17T03:08:00,AN-CSE-08-02,Escalated,"Investigated C2 Beacon on AST-CSE-08-016. Pulled IOCs, reviewed 3 artefacts, escalated to IR. Root cause documented.",C2 Beacon on AST-CSE-08-016,patched / blocked
CS-002028,AL-002834,CSE-08,2026-08-29T07:34:00,2026-08-29T07:57:00,AN-CSE-08-01,Escalated,"Investigated Malware on AST-CSE-08-007. Pulled IOCs, reviewed 4 artefacts, escalated to IR. Root cause documented.",Malware on AST-CSE-08-007,patched / blocked
CS-002029,AL-002836,CSE-08,2026-09-03T19:15:00,2026-09-03T19:57:00,AN-CSE-08-04,Closed,"Investigated Lateral Movement on AST-CSE-08-014. Pulled IOCs, reviewed 7 artefacts, contained locally. Root cause documented.",Lateral Movement on AST-CSE-08-014,patched / blocked
CS-002030,AL-002837,CSE-08,2026-09-04T17:55:00,2026-09-04T21:16:00,AN-CSE-08-05,Closed,"Investigated Exfiltration on AST-CSE-08-007. Pulled IOCs, reviewed 7 artefacts, contained locally. Root cause documented.",Exfiltration on AST-CSE-08-007,patched / blocked
CS-002031,AL-002838,CSE-08,2026-09-13T07:59:00,2026-09-13T10:25:00,AN-CSE-08-04,Closed,"Investigated Exfiltration on AST-CSE-08-025. Pulled IOCs, reviewed 8 artefacts, contained locally. Root cause documented.",Exfiltration on AST-CSE-08-025,patched / blocked
CS-002032,AL-002841,CSE-08,2026-08-30T10:55:00,2026-08-30T12:51:00,AN-CSE-08-05,Closed,"Investigated Malware on AST-CSE-08-010. Pulled IOCs, reviewed 9 artefacts, contained locally. Root cause documented.",Malware on AST-CSE-08-010,patched / blocked
CS-002033,AL-002842,CSE-08,2026-09-03T01:43:00,2026-09-03T04:09:00,AN-CSE-08-04,Closed,"Investigated Phishing on AST-CSE-08-021. Pulled IOCs, reviewed 3 artefacts, contained locally. Root cause documented.",Phishing on AST-CSE-08-021,patched / blocked
CS-002034,AL-002845,CSE-08,2026-08-24T16:23:00,2026-08-24T18:31:00,AN-CSE-08-04,Escalated,"Investigated Data Access Anomaly on AST-CSE-08-003. Pulled IOCs, reviewed 7 artefacts, escalated to IR. Root cause documented.",Data Access Anomaly on AST-CSE-08-003,patched / blocked
CS-002035,AL-002846,CSE-08,2026-09-03T10:49:00,2026-09-03T12:20:00,AN-CSE-08-04,Closed,"Investigated Exfiltration on AST-CSE-08-001. Pulled IOCs, reviewed 3 artefacts, contained locally. Root cause documented.",Exfiltration on AST-CSE-08-001,patched / blocked
CS-002036,AL-002847,CSE-08,2026-08-31T14:57:00,2026-08-31T16:24:00,AN-CSE-08-04,Closed,"Investigated Data Access Anomaly on AST-CSE-08-035. Pulled IOCs, reviewed 8 artefacts, contained locally. Root cause documented.",Data Access Anomaly on AST-CSE-08-035,patched / blocked
CS-002037,AL-002849,CSE-08,2026-08-29T15:33:00,2026-08-29T19:07:00,AN-CSE-08-02,Closed,"Investigated Brute Force on AST-CSE-08-006. Pulled IOCs, reviewed 7 artefacts, contained locally. Root cause documented.",Brute Force on AST-CSE-08-006,patched / blocked
CS-002038,AL-002850,CSE-08,2026-08-24T11:05:00,2026-08-24T12:21:00,AN-CSE-08-06,Closed,"Investigated Exfiltration on AST-CSE-08-030. Pulled IOCs, reviewed 3 artefacts, contained locally. Root cause documented.",Exfiltration on AST-CSE-08-030,patched / blocked
CS-002039,AL-002851,CSE-08,2026-09-13T14:11:00,2026-09-13T17:07:00,AN-CSE-08-04,Closed,"Investigated Privilege Escalation on AST-CSE-08-003. Pulled IOCs, reviewed 6 artefacts, contained locally. Root cause documented.",Privilege Escalation on AST-CSE-08-003,patched / blocked
CS-002040,AL-002852,CSE-08,2026-09-04T02:52:00,2026-09-04T03:43:00,AN-CSE-08-02,Closed,"Investigated Data Access Anomaly on AST-CSE-08-013. Pulled IOCs, reviewed 8 artefacts, contained locally. Root cause documented.",Data Access Anomaly on AST-CSE-08-013,patched / blocked
CS-002041,AL-002853,CSE-08,2026-09-04T22:14:00,2026-09-05T01:47:00,AN-CSE-08-06,Closed,"Investigated C2 Beacon on AST-CSE-08-009. Pulled IOCs, reviewed 8 artefacts, contained locally. Root cause documented.",C2 Beacon on AST-CSE-08-009,patched / blocked
CS-002042,AL-002855,CSE-08,2026-09-12T22:26:00,2026-09-13T01:52:00,AN-CSE-08-06,Closed,"Investigated Lateral Movement on AST-CSE-08-035. Pulled IOCs, reviewed 8 artefacts, contained locally. Root cause documented.",Lateral Movement on AST-CSE-08-035,patched / blocked
CS-002043,AL-002857,CSE-08,2026-08-29T05:32:00,2026-08-29T07:33:00,AN-CSE-08-07,Closed,"Investigated Malware on AST-CSE-08-033. Pulled IOCs, reviewed 9 artefacts, contained locally. Root cause documented.",Malware on AST-CSE-08-033,patched / blocked
CS-002044,AL-002858,CSE-08,2026-08-30T16:17:00,2026-08-30T19:05:00,AN-CSE-08-01,Closed,"Investigated Brute Force on AST-CSE-08-011. Pulled IOCs, reviewed 7 artefacts, contained locally. Root cause documented.",Brute Force on AST-CSE-08-011,patched / blocked
CS-002045,AL-002859,CSE-08,2026-09-16T01:39:00,2026-09-16T02:37:00,AN-CSE-08-08,Closed,"Investigated Data Access Anomaly on AST-CSE-08-021. Pulled IOCs, reviewed 6 artefacts, contained locally. Root cause documented.",Data Access Anomaly on AST-CSE-08-021,patched / blocked
CS-002046,AL-002861,CSE-08,2026-09-17T13:01:00,2026-09-17T15:08:00,AN-CSE-08-05,Closed,"Investigated Privilege Escalation on AST-CSE-08-002. Pulled IOCs, reviewed 3 artefacts, contained locally. Root cause documented.",Privilege Escalation on AST-CSE-08-002,patched / blocked
CS-002047,AL-002862,CSE-08,2026-09-13T17:56:00,2026-09-13T21:56:00,AN-CSE-08-03,Closed,"Investigated Policy Violation on AST-CSE-08-022. Pulled IOCs, reviewed 5 artefacts, contained locally. Root cause documented.",Policy Violation on AST-CSE-08-022,patched / blocked
CS-002048,AL-002863,CSE-08,2026-09-06T09:19:00,2026-09-06T10:57:00,AN-CSE-08-02,Closed,"Investigated Phishing on AST-CSE-08-023. Pulled IOCs, reviewed 7 artefacts, contained locally. Root cause documented.",Phishing on AST-CSE-08-023,patched / blocked
CS-002049,AL-002868,CSE-08,2026-09-15T06:46:00,2026-09-15T07:54:00,AN-CSE-08-04,Closed,"Investigated Privilege Escalation on AST-CSE-08-039. Pulled IOCs, reviewed 9 artefacts, contained locally. Root cause documented.",Privilege Escalation on AST-CSE-08-039,patched / blocked
CS-002050,AL-002869,CSE-08,2026-08-23T11:00:00,2026-08-23T11:25:00,AN-CSE-08-08,Closed,"Investigated Malware on AST-CSE-08-036. Pulled IOCs, reviewed 4 artefacts, contained locally. Root cause documented.",Malware on AST-CSE-08-036,patched / blocked
CS-002051,AL-002871,CSE-08,2026-09-09T20:04:00,2026-09-09T23:39:00,AN-CSE-08-02,Closed,"Investigated Malware on AST-CSE-08-019. Pulled IOCs, reviewed 5 artefacts, contained locally. Root cause documented.",Malware on AST-CSE-08-019,patched / blocked
CS-002052,AL-002873,CSE-08,2026-09-11T03:37:00,2026-09-11T07:02:00,AN-CSE-08-04,Closed,"Investigated Lateral Movement on AST-CSE-08-032. Pulled IOCs, reviewed 3 artefacts, contained locally. Root cause documented.",Lateral Movement on AST-CSE-08-032,patched / blocked
CS-002053,AL-002877,CSE-08,2026-08-23T14:09:00,2026-08-23T16:38:00,AN-CSE-08-08,Closed,"Investigated Lateral Movement on AST-CSE-08-021. Pulled IOCs, reviewed 6 artefacts, contained locally. Root cause documented.",Lateral Movement on AST-CSE-08-021,patched / blocked
CS-002054,AL-002878,CSE-08,2026-09-14T15:34:00,2026-09-14T18:40:00,AN-CSE-08-04,Closed,"Investigated Data Access Anomaly on AST-CSE-08-033. Pulled IOCs, reviewed 5 artefacts, contained locally. Root cause documented.",Data Access Anomaly on AST-CSE-08-033,patched / blocked
CS-002055,AL-002879,CSE-08,2026-08-29T01:05:00,2026-08-29T04:40:00,AN-CSE-08-01,Closed,"Investigated C2 Beacon on AST-CSE-08-016. Pulled IOCs, reviewed 8 artefacts, contained locally. Root cause documented.",C2 Beacon on AST-CSE-08-016,patched / blocked
CS-002056,AL-002880,CSE-08,2026-08-28T10:22:00,2026-08-28T12:24:00,AN-CSE-08-03,Closed,"Investigated Malware on AST-CSE-08-021. Pulled IOCs, reviewed 6 artefacts, contained locally. Root cause documented.",Malware on AST-CSE-08-021,patched / blocked
CS-002057,AL-002881,CSE-08,2026-09-12T06:02:00,2026-09-12T09:20:00,AN-CSE-08-04,Closed,"Investigated Malware on AST-CSE-08-001. Pulled IOCs, reviewed 6 artefacts, contained locally. Root cause documented.",Malware on AST-CSE-08-001,patched / blocked
CS-002058,AL-002883,CSE-08,2026-09-20T09:34:00,2026-09-20T11:23:00,AN-CSE-08-03,Closed,"Investigated Lateral Movement on AST-CSE-08-001. Pulled IOCs, reviewed 3 artefacts, contained locally. Root cause documented.",Lateral Movement on AST-CSE-08-001,patched / blocked
CS-002059,AL-002884,CSE-08,2026-08-31T11:41:00,2026-08-31T12:48:00,AN-CSE-08-06,Closed,"Investigated Brute Force on AST-CSE-08-003. Pulled IOCs, reviewed 7 artefacts, contained locally. Root cause documented.",Brute Force on AST-CSE-08-003,patched / blocked
CS-002060,AL-002886,CSE-08,2026-09-01T01:48:00,2026-09-01T05:13:00,AN-CSE-08-02,Closed,"Investigated Lateral Movement on AST-CSE-08-015. Pulled IOCs, reviewed 3 artefacts, contained locally. Root cause documented.",Lateral Movement on AST-CSE-08-015,patched / blocked
CS-002061,AL-002887,CSE-08,2026-09-02T11:43:00,2026-09-02T12:50:00,AN-CSE-08-03,Closed,"Investigated Lateral Movement on AST-CSE-08-010. Pulled IOCs, reviewed 6 artefacts, contained locally. Root cause documented.",Lateral Movement on AST-CSE-08-010,patched / blocked
CS-002062,AL-002889,CSE-08,2026-09-12T19:48:00,2026-09-12T21:35:00,AN-CSE-08-06,Closed,"Investigated Suspicious Login on AST-CSE-08-004. Pulled IOCs, reviewed 3 artefacts, contained locally. Root cause documented.",Suspicious Login on AST-CSE-08-004,patched / blocked
CS-002063,AL-002891,CSE-08,2026-09-09T14:46:00,2026-09-09T18:21:00,AN-CSE-08-08,Closed,"Investigated Privilege Escalation on AST-CSE-08-020. Pulled IOCs, reviewed 6 artefacts, contained locally. Root cause documented.",Privilege Escalation on AST-CSE-08-020,patched / blocked
CS-002064,AL-002892,CSE-08,2026-09-16T22:31:00,2026-09-16T23:55:00,AN-CSE-08-04,Closed,"Investigated Brute Force on AST-CSE-08-031. Pulled IOCs, reviewed 6 artefacts, contained locally. Root cause documented.",Brute Force on AST-CSE-08-031,patched / blocked
CS-002065,AL-002894,CSE-08,2026-09-17T06:12:00,2026-09-17T07:32:00,AN-CSE-08-07,Closed,"Investigated C2 Beacon on AST-CSE-08-011. Pulled IOCs, reviewed 7 artefacts, contained locally. Root cause documented.",C2 Beacon on AST-CSE-08-011,patched / blocked
CS-002066,AL-002896,CSE-08,2026-08-24T04:01:00,2026-08-24T04:09:00,AN-CSE-08-06,Closed,"Investigated Lateral Movement on AST-CSE-08-028. Pulled IOCs, reviewed 1 artefacts, contained locally. Root cause documented.",,
CS-002067,AL-002899,CSE-08,2026-09-10T19:38:00,2026-09-10T22:44:00,AN-CSE-08-02,Closed,"Investigated Suspicious Login on AST-CSE-08-036. Pulled IOCs, reviewed 4 artefacts, contained locally. Root cause documented.",Suspicious Login on AST-CSE-08-036,patched / blocked
CS-002068,AL-002901,CSE-08,2026-09-12T07:30:00,2026-09-12T09:38:00,AN-CSE-08-06,Closed,"Investigated Lateral Movement on AST-CSE-08-012. Pulled IOCs, reviewed 6 artefacts, contained locally. Root cause documented.",Lateral Movement on AST-CSE-08-012,patched / blocked
CS-002069,AL-002903,CSE-08,2026-09-03T13:48:00,2026-09-03T16:45:00,AN-CSE-08-05,Closed,"Investigated Lateral Movement on AST-CSE-08-017. Pulled IOCs, reviewed 5 artefacts, contained locally. Root cause documented.",Lateral Movement on AST-CSE-08-017,patched / blocked
CS-002070,AL-002904,CSE-08,2026-08-24T06:18:00,2026-08-24T09:31:00,AN-CSE-08-08,Closed,"Investigated Malware on AST-CSE-08-006. Pulled IOCs, reviewed 8 artefacts, contained locally. Root cause documented.",Malware on AST-CSE-08-006,patched / blocked
CS-002071,AL-002905,CSE-08,2026-08-29T17:53:00,2026-08-29T19:52:00,AN-CSE-08-08,Closed,"Investigated Malware on AST-CSE-08-021. Pulled IOCs, reviewed 9 artefacts, contained locally. Root cause documented.",Malware on AST-CSE-08-021,patched / blocked
CS-002072,AL-002907,CSE-08,2026-08-24T16:51:00,2026-08-24T19:31:00,AN-CSE-08-03,Closed,"Investigated Suspicious Login on AST-CSE-08-004. Pulled IOCs, reviewed 4 artefacts, contained locally. Root cause documented.",Suspicious Login on AST-CSE-08-004,patched / blocked
CS-002073,AL-002908,CSE-08,2026-09-06T05:17:00,2026-09-06T07:40:00,AN-CSE-08-08,Closed,"Investigated Phishing on AST-CSE-08-037. Pulled IOCs, reviewed 3 artefacts, contained locally. Root cause documented.",Phishing on AST-CSE-08-037,patched / blocked
CS-002074,AL-002910,CSE-08,2026-09-14T10:44:00,2026-09-14T11:06:00,AN-CSE-08-05,Closed,"Investigated Phishing on AST-CSE-08-040. Pulled IOCs, reviewed 9 artefacts, contained locally. Root cause documented.",Phishing on AST-CSE-08-040,patched / blocked
CS-002075,AL-002911,CSE-08,2026-09-07T12:09:00,2026-09-07T14:51:00,AN-CSE-08-04,Closed,"Investigated Brute Force on AST-CSE-08-001. Pulled IOCs, reviewed 7 artefacts, contained locally. Root cause documented.",Brute Force on AST-CSE-08-001,patched / blocked
CS-002076,AL-002912,CSE-08,2026-08-23T10:50:00,2026-08-23T13:05:00,AN-CSE-08-06,Closed,"Investigated Exfiltration on AST-CSE-08-014. Pulled IOCs, reviewed 9 artefacts, contained locally. Root cause documented.",Exfiltration on AST-CSE-08-014,patched / blocked
CS-002077,AL-002913,CSE-08,2026-09-19T04:00:00,2026-09-19T07:15:00,AN-CSE-08-04,Closed,"Investigated Lateral Movement on AST-CSE-08-004. Pulled IOCs, reviewed 8 artefacts, contained locally. Root cause documented.",Lateral Movement on AST-CSE-08-004,patched / blocked
CS-002078,AL-002915,CSE-08,2026-09-12T18:18:00,2026-09-12T18:51:00,AN-CSE-08-03,Closed,"Investigated Malware on AST-CSE-08-007. Pulled IOCs, reviewed 3 artefacts, contained locally. Root cause documented.",Malware on AST-CSE-08-007,patched / blocked
CS-002079,AL-002916,CSE-08,2026-09-08T10:54:00,2026-09-08T11:09:00,AN-CSE-08-05,Closed,"Investigated Lateral Movement on AST-CSE-08-007. Pulled IOCs, reviewed 3 artefacts, contained locally. Root cause documented.",Lateral Movement on AST-CSE-08-007,patched / blocked
CS-002080,AL-002920,CSE-08,2026-09-06T20:49:00,2026-09-06T22:39:00,AN-CSE-08-01,Closed,"Investigated Exfiltration on AST-CSE-08-038. Pulled IOCs, reviewed 4 artefacts, contained locally. Root cause documented.",Exfiltration on AST-CSE-08-038,patched / blocked
CS-002081,AL-002921,CSE-08,2026-09-05T11:31:00,2026-09-05T12:59:00,AN-CSE-08-02,Closed,"Investigated Phishing on AST-CSE-08-017. Pulled IOCs, reviewed 7 artefacts, contained locally. Root cause documented.",Phishing on AST-CSE-08-017,patched / blocked
CS-002082,AL-002922,CSE-08,2026-09-10T08:49:00,2026-09-10T11:24:00,AN-CSE-08-04,Closed,"Investigated Suspicious Login on AST-CSE-08-002. Pulled IOCs, reviewed 5 artefacts, contained locally. Root cause documented.",Suspicious Login on AST-CSE-08-002,patched / blocked
CS-002083,AL-002924,CSE-08,2026-09-09T01:36:00,2026-09-09T03:52:00,AN-CSE-08-02,Closed,"Investigated Brute Force on AST-CSE-08-031. Pulled IOCs, reviewed 6 artefacts, contained locally. Root cause documented.",Brute Force on AST-CSE-08-031,patched / blocked
CS-002084,AL-002926,CSE-08,2026-09-12T17:38:00,2026-09-12T21:07:00,AN-CSE-08-07,Closed,"Investigated Brute Force on AST-CSE-08-027. Pulled IOCs, reviewed 6 artefacts, contained locally. Root cause documented.",Brute Force on AST-CSE-08-027,patched / blocked
CS-002085,AL-002928,CSE-08,2026-08-25T10:50:00,2026-08-25T13:57:00,AN-CSE-08-03,Closed,"Investigated Policy Violation on AST-CSE-08-034. Pulled IOCs, reviewed 8 artefacts, contained locally. Root cause documented.",Policy Violation on AST-CSE-08-034,patched / blocked
CS-002086,AL-002930,CSE-08,2026-08-30T08:56:00,2026-08-30T09:40:00,AN-CSE-08-08,Closed,"Investigated Malware on AST-CSE-08-014. Pulled IOCs, reviewed 8 artefacts, contained locally. Root cause documented.",Malware on AST-CSE-08-014,patched / blocked
CS-002087,AL-002931,CSE-08,2026-09-10T19:46:00,2026-09-10T22:22:00,AN-CSE-08-02,Closed,"Investigated Phishing on AST-CSE-08-012. Pulled IOCs, reviewed 8 artefacts, contained locally. Root cause documented.",Phishing on AST-CSE-08-012,patched / blocked
CS-002088,AL-002933,CSE-08,2026-09-13T23:25:00,2026-09-14T00:56:00,AN-CSE-08-04,Closed,"Investigated Policy Violation on AST-CSE-08-033. Pulled IOCs, reviewed 7 artefacts, contained locally. Root cause documented.",Policy Violation on AST-CSE-08-033,patched / blocked
CS-002089,AL-002934,CSE-08,2026-09-12T23:14:00,2026-09-12T23:54:00,AN-CSE-08-04,Closed,"Investigated Data Access Anomaly on AST-CSE-08-032. Pulled IOCs, reviewed 9 artefacts, contained locally. Root cause documented.",Data Access Anomaly on AST-CSE-08-032,patched / blocked
CS-002090,AL-002935,CSE-08,2026-09-15T13:22:00,2026-09-15T14:24:00,AN-CSE-08-02,Closed,"Investigated Brute Force on AST-CSE-08-037. Pulled IOCs, reviewed 6 artefacts, contained locally. Root cause documented.",Brute Force on AST-CSE-08-037,patched / blocked
CS-002091,AL-002936,CSE-08,2026-09-12T09:58:00,2026-09-12T13:28:00,AN-CSE-08-05,Closed,"Investigated Privilege Escalation on AST-CSE-08-025. Pulled IOCs, reviewed 8 artefacts, contained locally. Root cause documented.",Privilege Escalation on AST-CSE-08-025,patched / blocked
CS-002092,AL-002937,CSE-08,2026-09-06T06:52:00,2026-09-06T07:38:00,AN-CSE-08-03,Closed,"Investigated Phishing on AST-CSE-08-038. Pulled IOCs, reviewed 7 artefacts, contained locally. Root cause documented.",Phishing on AST-CSE-08-038,patched / blocked
CS-002093,AL-002938,CSE-08,2026-09-05T13:23:00,2026-09-05T17:20:00,AN-CSE-08-07,Closed,"Investigated Phishing on AST-CSE-08-002. Pulled IOCs, reviewed 9 artefacts, contained locally. Root cause documented.",Phishing on AST-CSE-08-002,patched / blocked
CS-002094,AL-002940,CSE-08,2026-09-19T01:50:00,2026-09-19T02:41:00,AN-CSE-08-03,Closed,"Investigated Policy Violation on AST-CSE-08-040. Pulled IOCs, reviewed 3 artefacts, contained locally. Root cause documented.",Policy Violation on AST-CSE-08-040,patched / blocked
CS-002095,AL-002941,CSE-08,2026-09-07T00:27:00,2026-09-07T03:03:00,AN-CSE-08-02,Closed,"Investigated C2 Beacon on AST-CSE-08-035. Pulled IOCs, reviewed 8 artefacts, contained locally. Root cause documented.",C2 Beacon on AST-CSE-08-035,patched / blocked
CS-002096,AL-002942,CSE-08,2026-09-13T15:09:00,2026-09-13T16:26:00,AN-CSE-08-06,Closed,"Investigated C2 Beacon on AST-CSE-08-001. Pulled IOCs, reviewed 3 artefacts, contained locally. Root cause documented.",C2 Beacon on AST-CSE-08-001,patched / blocked
CS-002097,AL-002943,CSE-08,2026-09-09T00:32:00,2026-09-09T04:04:00,AN-CSE-08-03,Closed,"Investigated Brute Force on AST-CSE-08-007. Pulled IOCs, reviewed 6 artefacts, contained locally. Root cause documented.",Brute Force on AST-CSE-08-007,patched / blocked
CS-002098,AL-002945,CSE-08,2026-09-18T23:27:00,2026-09-19T00:16:00,AN-CSE-08-03,Closed,"Investigated Data Access Anomaly on AST-CSE-08-038. Pulled IOCs, reviewed 9 artefacts, contained locally. Root cause documented.",Data Access Anomaly on AST-CSE-08-038,patched / blocked
CS-002099,AL-002946,CSE-08,2026-09-05T00:48:00,2026-09-05T01:59:00,AN-CSE-08-03,Closed,"Investigated Policy Violation on AST-CSE-08-001. Pulled IOCs, reviewed 9 artefacts, contained locally. Root cause documented.",Policy Violation on AST-CSE-08-001,patched / blocked
CS-002100,AL-002947,CSE-08,2026-09-13T09:30:00,2026-09-13T09:59:00,AN-CSE-08-06,Closed,"Investigated Phishing on AST-CSE-08-027. Pulled IOCs, reviewed 9 artefacts, contained locally. Root cause documented.",Phishing on AST-CSE-08-027,patched / blocked
CS-002101,AL-002948,CSE-08,2026-09-12T20:17:00,2026-09-12T23:48:00,AN-CSE-08-03,Closed,"Investigated Data Access Anomaly on AST-CSE-08-020. Pulled IOCs, reviewed 5 artefacts, contained locally. Root cause documented.",Data Access Anomaly on AST-CSE-08-020,patched / blocked
CS-002102,AL-002949,CSE-08,2026-09-09T13:34:00,2026-09-09T16:24:00,AN-CSE-08-04,Closed,"Investigated Privilege Escalation on AST-CSE-08-034. Pulled IOCs, reviewed 7 artefacts, contained locally. Root cause documented.",Privilege Escalation on AST-CSE-08-034,patched / blocked
CS-002103,AL-002950,CSE-08,2026-08-28T05:22:00,2026-08-28T07:04:00,AN-CSE-08-03,Closed,"Investigated Policy Violation on AST-CSE-08-010. Pulled IOCs, reviewed 9 artefacts, contained locally. Root cause documented.",Policy Violation on AST-CSE-08-010,patched / blocked
CS-002104,AL-002952,CSE-08,2026-08-23T06:03:00,2026-08-23T07:09:00,AN-CSE-08-02,Closed,"Investigated Policy Violation on AST-CSE-08-017. Pulled IOCs, reviewed 8 artefacts, contained locally. Root cause documented.",Policy Violation on AST-CSE-08-017,patched / blocked
CS-002105,AL-002953,CSE-16,2026-09-11T02:43:00,2026-09-11T05:24:00,AN-CSE-16-03,Closed,"Investigated Phishing on AST-CSE-16-035. Pulled IOCs, reviewed 9 artefacts, contained locally. Root cause documented.",Phishing on AST-CSE-16-035,patched / blocked
CS-002106,AL-002954,CSE-16,2026-09-12T04:09:00,2026-09-12T06:57:00,AN-CSE-16-06,Closed,"Investigated Malware on AST-CSE-16-010. Pulled IOCs, reviewed 5 artefacts, contained locally. Root cause documented.",Malware on AST-CSE-16-010,patched / blocked
CS-002107,AL-002955,CSE-16,2026-09-18T08:18:00,2026-09-18T10:04:00,AN-CSE-16-07,Closed,"Investigated Privilege Escalation on AST-CSE-16-027. Pulled IOCs, reviewed 6 artefacts, contained locally. Root cause documented.",Privilege Escalation on AST-CSE-16-027,patched / blocked
CS-002108,AL-002958,CSE-16,2026-08-25T06:36:00,2026-08-25T10:26:00,AN-CSE-16-02,Closed,"Investigated Malware on AST-CSE-16-040. Pulled IOCs, reviewed 9 artefacts, contained locally. Root cause documented.",Malware on AST-CSE-16-040,patched / blocked
CS-002109,AL-002959,CSE-16,2026-09-09T16:43:00,2026-09-09T19:34:00,AN-CSE-16-03,Closed,"Investigated Lateral Movement on AST-CSE-16-002. Pulled IOCs, reviewed 4 artefacts, contained locally. Root cause documented.",Lateral Movement on AST-CSE-16-002,patched / blocked
CS-002110,AL-002962,CSE-16,2026-08-24T16:10:00,2026-08-24T17:48:00,AN-CSE-16-04,Closed,"Investigated Data Access Anomaly on AST-CSE-16-013. Pulled IOCs, reviewed 4 artefacts, contained locally. Root cause documented.",Data Access Anomaly on AST-CSE-16-013,patched / blocked
CS-002111,AL-002963,CSE-16,2026-09-06T14:49:00,2026-09-06T15:52:00,AN-CSE-16-04,Escalated,"Investigated Exfiltration on AST-CSE-16-010. Pulled IOCs, reviewed 4 artefacts, escalated to IR. Root cause documented.",Exfiltration on AST-CSE-16-010,patched / blocked
CS-002112,AL-002964,CSE-16,2026-09-13T03:47:00,2026-09-13T07:15:00,AN-CSE-16-08,Closed,"Investigated Suspicious Login on AST-CSE-16-034. Pulled IOCs, reviewed 7 artefacts, contained locally. Root cause documented.",Suspicious Login on AST-CSE-16-034,patched / blocked
CS-002113,AL-002965,CSE-16,2026-09-18T19:33:00,2026-09-18T20:32:00,AN-CSE-16-06,Closed,"Investigated Data Access Anomaly on AST-CSE-16-028. Pulled IOCs, reviewed 5 artefacts, contained locally. Root cause documented.",Data Access Anomaly on AST-CSE-16-028,patched / blocked
CS-002114,AL-002966,CSE-16,2026-09-01T07:25:00,2026-09-01T09:40:00,AN-CSE-16-06,Closed,"Investigated Brute Force on AST-CSE-16-036. Pulled IOCs, reviewed 5 artefacts, contained locally. Root cause documented.",Brute Force on AST-CSE-16-036,patched / blocked
CS-002115,AL-002969,CSE-16,2026-09-19T03:31:00,2026-09-19T06:04:00,AN-CSE-16-02,Closed,"Investigated Policy Violation on AST-CSE-16-007. Pulled IOCs, reviewed 4 artefacts, contained locally. Root cause documented.",Policy Violation on AST-CSE-16-007,patched / blocked
CS-002116,AL-002971,CSE-16,2026-09-03T22:33:00,2026-09-04T01:29:00,AN-CSE-16-08,Closed,"Investigated C2 Beacon on AST-CSE-16-040. Pulled IOCs, reviewed 7 artefacts, contained locally. Root cause documented.",C2 Beacon on AST-CSE-16-040,patched / blocked
CS-002117,AL-002975,CSE-16,2026-09-03T22:59:00,2026-09-04T02:08:00,AN-CSE-16-02,Closed,"Investigated Phishing on AST-CSE-16-022. Pulled IOCs, reviewed 5 artefacts, contained locally. Root cause documented.",Phishing on AST-CSE-16-022,patched / blocked
CS-002118,AL-002976,CSE-16,2026-08-29T05:37:00,2026-08-29T07:15:00,AN-CSE-16-07,Closed,"Investigated Brute Force on AST-CSE-16-037. Pulled IOCs, reviewed 3 artefacts, contained locally. Root cause documented.",Brute Force on AST-CSE-16-037,patched / blocked
CS-002119,AL-002977,CSE-16,2026-08-25T22:34:00,2026-08-26T00:13:00,AN-CSE-16-04,Closed,"Investigated Malware on AST-CSE-16-021. Pulled IOCs, reviewed 3 artefacts, contained locally. Root cause documented.",Malware on AST-CSE-16-021,patched / blocked
CS-002120,AL-002978,CSE-16,2026-09-07T09:30:00,2026-09-07T13:15:00,AN-CSE-16-03,Closed,"Investigated Brute Force on AST-CSE-16-017. Pulled IOCs, reviewed 6 artefacts, contained locally. Root cause documented.",Brute Force on AST-CSE-16-017,patched / blocked
CS-002121,AL-002979,CSE-16,2026-09-10T10:05:00,2026-09-10T13:25:00,AN-CSE-16-04,Closed,"Investigated Malware on AST-CSE-16-020. Pulled IOCs, reviewed 6 artefacts, contained locally. Root cause documented.",Malware on AST-CSE-16-020,patched / blocked
CS-002122,AL-002980,CSE-16,2026-09-10T19:10:00,2026-09-10T22:44:00,AN-CSE-16-02,Closed,"Investigated C2 Beacon on AST-CSE-16-012. Pulled IOCs, reviewed 9 artefacts, contained locally. Root cause documented.",C2 Beacon on AST-CSE-16-012,patched / blocked
CS-002123,AL-002982,CSE-16,2026-08-25T09:59:00,2026-08-25T10:50:00,AN-CSE-16-02,Escalated,"Investigated Lateral Movement on AST-CSE-16-023. Pulled IOCs, reviewed 6 artefacts, escalated to IR. Root cause documented.",Lateral Movement on AST-CSE-16-023,patched / blocked
CS-002124,AL-002984,CSE-16,2026-08-22T13:29:00,2026-08-22T15:25:00,AN-CSE-16-08,Closed,"Investigated Brute Force on AST-CSE-16-024. Pulled IOCs, reviewed 9 artefacts, contained locally. Root cause documented.",Brute Force on AST-CSE-16-024,patched / blocked
CS-002125,AL-002985,CSE-16,2026-09-07T07:57:00,2026-09-07T09:12:00,AN-CSE-16-04,Closed,"Investigated Lateral Movement on AST-CSE-16-004. Pulled IOCs, reviewed 5 artefacts, contained locally. Root cause documented.",Lateral Movement on AST-CSE-16-004,patched / blocked
CS-002126,AL-002986,CSE-16,2026-09-11T23:28:00,2026-09-12T02:51:00,AN-CSE-16-07,Closed,"Investigated Lateral Movement on AST-CSE-16-019. Pulled IOCs, reviewed 4 artefacts, contained locally. Root cause documented.",Lateral Movement on AST-CSE-16-019,patched / blocked
CS-002127,AL-002987,CSE-16,2026-09-16T05:46:00,2026-09-16T07:48:00,AN-CSE-16-06,Escalated,"Investigated Suspicious Login on AST-CSE-16-007. Pulled IOCs, reviewed 3 artefacts, escalated to IR. Root cause documented.",Suspicious Login on AST-CSE-16-007,patched / blocked
CS-002128,AL-002988,CSE-16,2026-08-25T08:04:00,2026-08-25T09:55:00,AN-CSE-16-08,Closed,"Investigated Policy Violation on AST-CSE-16-004. Pulled IOCs, reviewed 6 artefacts, contained locally. Root cause documented.",Policy Violation on AST-CSE-16-004,patched / blocked
CS-002129,AL-002989,CSE-16,2026-08-23T07:36:00,2026-08-23T09:49:00,AN-CSE-16-04,Closed,"Investigated Brute Force on AST-CSE-16-028. Pulled IOCs, reviewed 7 artefacts, contained locally. Root cause documented.",Brute Force on AST-CSE-16-028,patched / blocked
CS-002130,AL-002990,CSE-16,2026-08-21T18:02:00,2026-08-21T19:29:00,AN-CSE-16-08,Closed,"Investigated Suspicious Login on AST-CSE-16-003. Pulled IOCs, reviewed 9 artefacts, contained locally. Root cause documented.",Suspicious Login on AST-CSE-16-003,patched / blocked
CS-002131,AL-002991,CSE-16,2026-09-10T15:45:00,2026-09-10T19:07:00,AN-CSE-16-05,Closed,"Investigated Data Access Anomaly on AST-CSE-16-024. Pulled IOCs, reviewed 5 artefacts, contained locally. Root cause documented.",Data Access Anomaly on AST-CSE-16-024,patched / blocked
CS-002132,AL-002992,CSE-16,2026-09-05T12:31:00,2026-09-05T12:58:00,AN-CSE-16-05,Closed,"Investigated Privilege Escalation on AST-CSE-16-038. Pulled IOCs, reviewed 9 artefacts, contained locally. Root cause documented.",Privilege Escalation on AST-CSE-16-038,patched / blocked
CS-002133,AL-002993,CSE-16,2026-09-02T20:42:00,2026-09-02T21:40:00,AN-CSE-16-01,Closed,"Investigated C2 Beacon on AST-CSE-16-031. Pulled IOCs, reviewed 3 artefacts, contained locally. Root cause documented.",C2 Beacon on AST-CSE-16-031,patched / blocked
CS-002134,AL-002994,CSE-16,2026-09-10T16:32:00,2026-09-10T17:14:00,AN-CSE-16-06,Closed,"Investigated Policy Violation on AST-CSE-16-027. Pulled IOCs, reviewed 3 artefacts, contained locally. Root cause documented.",Policy Violation on AST-CSE-16-027,patched / blocked
CS-002135,AL-002995,CSE-16,2026-09-14T10:21:00,2026-09-14T13:25:00,AN-CSE-16-01,Closed,"Investigated Lateral Movement on AST-CSE-16-031. Pulled IOCs, reviewed 8 artefacts, contained locally. Root cause documented.",Lateral Movement on AST-CSE-16-031,patched / blocked
CS-002136,AL-002996,CSE-16,2026-08-25T22:37:00,2026-08-26T01:06:00,AN-CSE-16-07,Closed,"Investigated Exfiltration on AST-CSE-16-037. Pulled IOCs, reviewed 4 artefacts, contained locally. Root cause documented.",Exfiltration on AST-CSE-16-037,patched / blocked
CS-002137,AL-002997,CSE-16,2026-09-04T01:19:00,2026-09-04T03:06:00,AN-CSE-16-07,Closed,"Investigated Exfiltration on AST-CSE-16-019. Pulled IOCs, reviewed 4 artefacts, contained locally. Root cause documented.",Exfiltration on AST-CSE-16-019,patched / blocked
CS-002138,AL-002998,CSE-16,2026-09-18T15:17:00,2026-09-18T15:46:00,AN-CSE-16-01,Closed,"Investigated C2 Beacon on AST-CSE-16-009. Pulled IOCs, reviewed 5 artefacts, contained locally. Root cause documented.",C2 Beacon on AST-CSE-16-009,patched / blocked
CS-002139,AL-003000,CSE-16,2026-08-31T13:12:00,2026-08-31T13:47:00,AN-CSE-16-07,Escalated,"Investigated C2 Beacon on AST-CSE-16-024. Pulled IOCs, reviewed 3 artefacts, escalated to IR. Root cause documented.",C2 Beacon on AST-CSE-16-024,patched / blocked
CS-002140,AL-003001,CSE-16,2026-09-06T03:35:00,2026-09-06T05:08:00,AN-CSE-16-07,Closed,"Investigated Suspicious Login on AST-CSE-16-021. Pulled IOCs, reviewed 6 artefacts, contained locally. Root cause documented.",Suspicious Login on AST-CSE-16-021,patched / blocked
CS-002141,AL-003002,CSE-16,2026-08-26T15:34:00,2026-08-26T17:05:00,AN-CSE-16-08,Closed,"Investigated Phishing on AST-CSE-16-028. Pulled IOCs, reviewed 8 artefacts, contained locally. Root cause documented.",Phishing on AST-CSE-16-028,patched / blocked
CS-002142,AL-003003,CSE-16,2026-08-30T23:25:00,2026-08-30T23:49:00,AN-CSE-16-03,Closed,"Investigated C2 Beacon on AST-CSE-16-038. Pulled IOCs, reviewed 8 artefacts, contained locally. Root cause documented.",C2 Beacon on AST-CSE-16-038,patched / blocked
CS-002143,AL-003004,CSE-16,2026-08-31T17:37:00,2026-08-31T20:35:00,AN-CSE-16-01,Closed,"Investigated Privilege Escalation on AST-CSE-16-009. Pulled IOCs, reviewed 3 artefacts, contained locally. Root cause documented.",Privilege Escalation on AST-CSE-16-009,patched / blocked
CS-002144,AL-003005,CSE-16,2026-09-19T12:49:00,2026-09-19T14:22:00,AN-CSE-16-03,Closed,"Investigated Lateral Movement on AST-CSE-16-011. Pulled IOCs, reviewed 9 artefacts, contained locally. Root cause documented.",Lateral Movement on AST-CSE-16-011,patched / blocked
CS-002145,AL-003006,CSE-16,2026-08-30T04:21:00,2026-08-30T05:20:00,AN-CSE-16-07,Closed,"Investigated Exfiltration on AST-CSE-16-021. Pulled IOCs, reviewed 3 artefacts, contained locally. Root cause documented.",Exfiltration on AST-CSE-16-021,patched / blocked
CS-002146,AL-003007,CSE-16,2026-08-23T09:26:00,2026-08-23T10:59:00,AN-CSE-16-07,Escalated,"Investigated Privilege Escalation on AST-CSE-16-004. Pulled IOCs, reviewed 6 artefacts, escalated to IR. Root cause documented.",Privilege Escalation on AST-CSE-16-004,patched / blocked
CS-002147,AL-003008,CSE-16,2026-08-25T09:44:00,2026-08-25T12:12:00,AN-CSE-16-08,Closed,"Investigated Lateral Movement on AST-CSE-16-016. Pulled IOCs, reviewed 5 artefacts, contained locally. Root cause documented.",Lateral Movement on AST-CSE-16-016,patched / blocked
CS-002148,AL-003009,CSE-16,2026-09-11T08:00:00,2026-09-11T09:27:00,AN-CSE-16-04,Closed,"Investigated Policy Violation on AST-CSE-16-017. Pulled IOCs, reviewed 5 artefacts, contained locally. Root cause documented.",Policy Violation on AST-CSE-16-017,patched / blocked
CS-002149,AL-003011,CSE-16,2026-08-23T20:30:00,2026-08-23T21:13:00,AN-CSE-16-05,Closed,"Investigated C2 Beacon on AST-CSE-16-027. Pulled IOCs, reviewed 4 artefacts, contained locally. Root cause documented.",C2 Beacon on AST-CSE-16-027,patched / blocked
CS-002150,AL-003012,CSE-16,2026-09-20T07:38:00,2026-09-20T09:45:00,AN-CSE-16-06,Closed,"Investigated Suspicious Login on AST-CSE-16-005. Pulled IOCs, reviewed 9 artefacts, contained locally. Root cause documented.",Suspicious Login on AST-CSE-16-005,patched / blocked
CS-002151,AL-003013,CSE-16,2026-08-31T19:11:00,2026-08-31T22:28:00,AN-CSE-16-06,Closed,"Investigated Phishing on AST-CSE-16-035. Pulled IOCs, reviewed 3 artefacts, contained locally. Root cause documented.",Phishing on AST-CSE-16-035,patched / blocked
CS-002152,AL-003015,CSE-16,2026-09-02T23:39:00,2026-09-03T03:33:00,AN-CSE-16-06,Closed,"Investigated Brute Force on AST-CSE-16-005. Pulled IOCs, reviewed 9 artefacts, contained locally. Root cause documented.",Brute Force on AST-CSE-16-005,patched / blocked
CS-002153,AL-003016,CSE-16,2026-09-01T06:47:00,2026-09-01T07:31:00,AN-CSE-16-04,Closed,"Investigated Policy Violation on AST-CSE-16-025. Pulled IOCs, reviewed 7 artefacts, contained locally. Root cause documented.",Policy Violation on AST-CSE-16-025,patched / blocked
CS-002154,AL-003017,CSE-16,2026-09-02T09:25:00,2026-09-02T10:35:00,AN-CSE-16-01,Closed,"Investigated Suspicious Login on AST-CSE-16-020. Pulled IOCs, reviewed 7 artefacts, contained locally. Root cause documented.",Suspicious Login on AST-CSE-16-020,patched / blocked
CS-002155,AL-003019,CSE-16,2026-08-28T04:12:00,2026-08-28T07:40:00,AN-CSE-16-01,Closed,"Investigated Privilege Escalation on AST-CSE-16-039. Pulled IOCs, reviewed 3 artefacts, contained locally. Root cause documented.",Privilege Escalation on AST-CSE-16-039,patched / blocked
CS-002156,AL-003020,CSE-16,2026-09-05T05:42:00,2026-09-05T07:17:00,AN-CSE-16-02,Closed,"Investigated Suspicious Login on AST-CSE-16-005. Pulled IOCs, reviewed 8 artefacts, contained locally. Root cause documented.",Suspicious Login on AST-CSE-16-005,patched / blocked
CS-002157,AL-003021,CSE-16,2026-09-09T15:38:00,2026-09-09T16:06:00,AN-CSE-16-06,Closed,"Investigated Lateral Movement on AST-CSE-16-006. Pulled IOCs, reviewed 3 artefacts, contained locally. Root cause documented.",Lateral Movement on AST-CSE-16-006,patched / blocked
CS-002158,AL-003023,CSE-16,2026-08-22T12:34:00,2026-08-22T14:11:00,AN-CSE-16-06,Closed,"Investigated Malware on AST-CSE-16-007. Pulled IOCs, reviewed 8 artefacts, contained locally. Root cause documented.",Malware on AST-CSE-16-007,patched / blocked
CS-002159,AL-003024,CSE-16,2026-08-24T13:33:00,2026-08-24T15:11:00,AN-CSE-16-04,Closed,"Investigated Policy Violation on AST-CSE-16-021. Pulled IOCs, reviewed 5 artefacts, contained locally. Root cause documented.",Policy Violation on AST-CSE-16-021,patched / blocked
CS-002160,AL-003026,CSE-16,2026-09-07T02:17:00,2026-09-07T02:20:00,AN-CSE-16-02,Closed,"Investigated Privilege Escalation on AST-CSE-16-018. Pulled IOCs, reviewed 0 artefacts, contained locally. Root cause documented.",,
CS-002161,AL-003027,CSE-16,2026-08-27T23:19:00,2026-08-28T00:02:00,AN-CSE-16-07,Closed,"Investigated Phishing on AST-CSE-16-027. Pulled IOCs, reviewed 3 artefacts, contained locally. Root cause documented.",Phishing on AST-CSE-16-027,patched / blocked
CS-002162,AL-003030,CSE-16,2026-09-19T19:48:00,2026-09-19T23:32:00,AN-CSE-16-05,Closed,"Investigated C2 Beacon on AST-CSE-16-037. Pulled IOCs, reviewed 8 artefacts, contained locally. Root cause documented.",C2 Beacon on AST-CSE-16-037,patched / blocked
CS-002163,AL-003032,CSE-16,2026-09-15T07:59:00,2026-09-15T11:08:00,AN-CSE-16-01,Closed,"Investigated Malware on AST-CSE-16-030. Pulled IOCs, reviewed 6 artefacts, contained locally. Root cause documented.",Malware on AST-CSE-16-030,patched / blocked
CS-002164,AL-003035,CSE-16,2026-09-03T23:59:00,2026-09-04T02:40:00,AN-CSE-16-07,Closed,"Investigated Brute Force on AST-CSE-16-002. Pulled IOCs, reviewed 3 artefacts, contained locally. Root cause documented.",Brute Force on AST-CSE-16-002,patched / blocked
CS-002165,AL-003036,CSE-16,2026-08-26T00:06:00,2026-08-26T01:28:00,AN-CSE-16-05,Closed,"Investigated Exfiltration on AST-CSE-16-012. Pulled IOCs, reviewed 6 artefacts, contained locally. Root cause documented.",Exfiltration on AST-CSE-16-012,patched / blocked
CS-002166,AL-003037,CSE-16,2026-09-02T11:44:00,2026-09-02T14:28:00,AN-CSE-16-02,Escalated,"Investigated Privilege Escalation on AST-CSE-16-039. Pulled IOCs, reviewed 7 artefacts, escalated to IR. Root cause documented.",Privilege Escalation on AST-CSE-16-039,patched / blocked
CS-002167,AL-003041,CSE-16,2026-08-25T12:05:00,2026-08-25T12:27:00,AN-CSE-16-04,Closed,"Investigated Phishing on AST-CSE-16-002. Pulled IOCs, reviewed 5 artefacts, contained locally. Root cause documented.",Phishing on AST-CSE-16-002,patched / blocked
CS-002168,AL-003042,CSE-16,2026-09-06T09:12:00,2026-09-06T09:36:00,AN-CSE-16-01,Closed,"Investigated Exfiltration on AST-CSE-16-038. Pulled IOCs, reviewed 4 artefacts, contained locally. Root cause documented.",Exfiltration on AST-CSE-16-038,patched / blocked
CS-002169,AL-003045,CSE-16,2026-09-06T07:25:00,2026-09-06T08:03:00,AN-CSE-16-04,Closed,"Investigated Privilege Escalation on AST-CSE-16-004. Pulled IOCs, reviewed 8 artefacts, contained locally. Root cause documented.",Privilege Escalation on AST-CSE-16-004,patched / blocked
CS-002170,AL-003046,CSE-16,2026-08-24T17:39:00,2026-08-24T21:05:00,AN-CSE-16-04,Closed,"Investigated Lateral Movement on AST-CSE-16-031. Pulled IOCs, reviewed 6 artefacts, contained locally. Root cause documented.",Lateral Movement on AST-CSE-16-031,patched / blocked
CS-002171,AL-003048,CSE-16,2026-09-08T14:18:00,2026-09-08T15:18:00,AN-CSE-16-03,Closed,"Investigated Data Access Anomaly on AST-CSE-16-010. Pulled IOCs, reviewed 7 artefacts, contained locally. Root cause documented.",Data Access Anomaly on AST-CSE-16-010,patched / blocked
CS-002172,AL-003049,CSE-16,2026-09-16T19:47:00,2026-09-16T21:00:00,AN-CSE-16-03,Closed,"Investigated Malware on AST-CSE-16-035. Pulled IOCs, reviewed 3 artefacts, contained locally. Root cause documented.",Malware on AST-CSE-16-035,patched / blocked
CS-002173,AL-003050,CSE-16,2026-09-02T12:41:00,2026-09-02T14:45:00,AN-CSE-16-07,Closed,"Investigated Suspicious Login on AST-CSE-16-033. Pulled IOCs, reviewed 8 artefacts, contained locally. Root cause documented.",Suspicious Login on AST-CSE-16-033,patched / blocked
CS-002174,AL-003051,CSE-16,2026-09-08T03:40:00,2026-09-08T05:08:00,AN-CSE-16-04,Closed,"Investigated Malware on AST-CSE-16-033. Pulled IOCs, reviewed 8 artefacts, contained locally. Root cause documented.",Malware on AST-CSE-16-033,patched / blocked
CS-002175,AL-003052,CSE-16,2026-09-05T01:51:00,2026-09-05T04:53:00,AN-CSE-16-02,Closed,"Investigated Privilege Escalation on AST-CSE-16-037. Pulled IOCs, reviewed 4 artefacts, contained locally. Root cause documented.",Privilege Escalation on AST-CSE-16-037,patched / blocked
CS-002176,AL-003053,CSE-16,2026-08-29T13:39:00,2026-08-29T16:58:00,AN-CSE-16-03,Closed,"Investigated Privilege Escalation on AST-CSE-16-031. Pulled IOCs, reviewed 7 artefacts, contained locally. Root cause documented.",Privilege Escalation on AST-CSE-16-031,patched / blocked
CS-002177,AL-003054,CSE-16,2026-09-12T09:17:00,2026-09-12T10:51:00,AN-CSE-16-02,Closed,"Investigated Suspicious Login on AST-CSE-16-018. Pulled IOCs, reviewed 7 artefacts, contained locally. Root cause documented.",Suspicious Login on AST-CSE-16-018,patched / blocked
CS-002178,AL-003055,CSE-16,2026-08-27T08:07:00,2026-08-27T11:05:00,AN-CSE-16-02,Closed,"Investigated C2 Beacon on AST-CSE-16-011. Pulled IOCs, reviewed 6 artefacts, contained locally. Root cause documented.",C2 Beacon on AST-CSE-16-011,patched / blocked
CS-002179,AL-003057,CSE-16,2026-08-31T23:32:00,2026-09-01T02:56:00,AN-CSE-16-07,Closed,"Investigated Exfiltration on AST-CSE-16-028. Pulled IOCs, reviewed 3 artefacts, contained locally. Root cause documented.",Exfiltration on AST-CSE-16-028,patched / blocked
CS-002180,AL-003058,CSE-16,2026-09-04T06:57:00,2026-09-04T08:06:00,AN-CSE-16-02,Closed,"Investigated Lateral Movement on AST-CSE-16-037. Pulled IOCs, reviewed 9 artefacts, contained locally. Root cause documented.",Lateral Movement on AST-CSE-16-037,patched / blocked
CS-002181,AL-003060,CSE-16,2026-09-14T02:11:00,2026-09-14T04:16:00,AN-CSE-16-03,Closed,"Investigated Suspicious Login on AST-CSE-16-018. Pulled IOCs, reviewed 7 artefacts, contained locally. Root cause documented.",Suspicious Login on AST-CSE-16-018,patched / blocked
CS-002182,AL-003062,CSE-16,2026-09-14T05:02:00,2026-09-14T05:35:00,AN-CSE-16-05,Closed,"Investigated Exfiltration on AST-CSE-16-003. Pulled IOCs, reviewed 9 artefacts, contained locally. Root cause documented.",Exfiltration on AST-CSE-16-003,patched / blocked
CS-002183,AL-003063,CSE-16,2026-08-22T19:35:00,2026-08-22T21:59:00,AN-CSE-16-07,Closed,"Investigated Lateral Movement on AST-CSE-16-029. Pulled IOCs, reviewed 3 artefacts, contained locally. Root cause documented.",Lateral Movement on AST-CSE-16-029,patched / blocked
CS-002184,AL-003065,CSE-16,2026-08-21T12:08:00,2026-08-21T13:03:00,AN-CSE-16-07,Closed,"Investigated Policy Violation on AST-CSE-16-028. Pulled IOCs, reviewed 6 artefacts, contained locally. Root cause documented.",Policy Violation on AST-CSE-16-028,patched / blocked
CS-002185,AL-003067,CSE-16,2026-09-08T22:32:00,2026-09-09T00:25:00,AN-CSE-16-03,Closed,"Investigated Suspicious Login on AST-CSE-16-010. Pulled IOCs, reviewed 8 artefacts, contained locally. Root cause documented.",Suspicious Login on AST-CSE-16-010,patched / blocked
CS-002186,AL-003069,CSE-16,2026-09-09T18:52:00,2026-09-09T20:50:00,AN-CSE-16-02,Closed,"Investigated Policy Violation on AST-CSE-16-032. Pulled IOCs, reviewed 4 artefacts, contained locally. Root cause documented.",Policy Violation on AST-CSE-16-032,patched / blocked
CS-002187,AL-003070,CSE-16,2026-09-08T23:30:00,2026-09-09T01:31:00,AN-CSE-16-05,Closed,"Investigated Lateral Movement on AST-CSE-16-017. Pulled IOCs, reviewed 3 artefacts, contained locally. Root cause documented.",Lateral Movement on AST-CSE-16-017,patched / blocked
CS-002188,AL-003073,CSE-16,2026-09-10T16:11:00,2026-09-10T16:51:00,AN-CSE-16-03,Closed,"Investigated Exfiltration on AST-CSE-16-018. Pulled IOCs, reviewed 6 artefacts, contained locally. Root cause documented.",Exfiltration on AST-CSE-16-018,patched / blocked
CS-002189,AL-003075,CSE-16,2026-09-05T22:38:00,2026-09-06T01:27:00,AN-CSE-16-07,Closed,"Investigated Policy Violation on AST-CSE-16-037. Pulled IOCs, reviewed 3 artefacts, contained locally. Root cause documented.",Policy Violation on AST-CSE-16-037,patched / blocked
CS-002190,AL-003076,CSE-16,2026-08-27T16:44:00,2026-08-27T18:22:00,AN-CSE-16-04,Closed,"Investigated Privilege Escalation on AST-CSE-16-002. Pulled IOCs, reviewed 4 artefacts, contained locally. Root cause documented.",Privilege Escalation on AST-CSE-16-002,patched / blocked
CS-002191,AL-003078,CSE-16,2026-09-01T10:29:00,2026-09-01T13:46:00,AN-CSE-16-07,Closed,"Investigated Data Access Anomaly on AST-CSE-16-001. Pulled IOCs, reviewed 4 artefacts, contained locally. Root cause documented.",Data Access Anomaly on AST-CSE-16-001,patched / blocked
CS-002192,AL-003079,CSE-16,2026-09-01T21:31:00,2026-09-01T21:33:00,AN-CSE-16-02,Closed,"Investigated Privilege Escalation on AST-CSE-16-008. Pulled IOCs, reviewed 0 artefacts, contained locally. Root cause documented.",,
CS-002193,AL-003080,CSE-16,2026-09-05T21:06:00,2026-09-06T00:03:00,AN-CSE-16-04,Closed,"Investigated Privilege Escalation on AST-CSE-16-008. Pulled IOCs, reviewed 5 artefacts, contained locally. Root cause documented.",Privilege Escalation on AST-CSE-16-008,patched / blocked
CS-002194,AL-003081,CSE-16,2026-09-05T07:49:00,2026-09-05T10:08:00,AN-CSE-16-06,Closed,"Investigated Exfiltration on AST-CSE-16-005. Pulled IOCs, reviewed 7 artefacts, contained locally. Root cause documented.",Exfiltration on AST-CSE-16-005,patched / blocked
CS-002195,AL-003082,CSE-16,2026-09-10T03:19:00,2026-09-10T05:14:00,AN-CSE-16-08,Closed,"Investigated Exfiltration on AST-CSE-16-026. Pulled IOCs, reviewed 7 artefacts, contained locally. Root cause documented.",Exfiltration on AST-CSE-16-026,patched / blocked
CS-002196,AL-003083,CSE-16,2026-08-30T01:51:00,2026-08-30T04:23:00,AN-CSE-16-04,Closed,"Investigated Policy Violation on AST-CSE-16-024. Pulled IOCs, reviewed 5 artefacts, contained locally. Root cause documented.",Policy Violation on AST-CSE-16-024,patched / blocked
CS-002197,AL-003084,CSE-16,2026-08-26T14:13:00,2026-08-26T17:01:00,AN-CSE-16-06,Escalated,"Investigated Suspicious Login on AST-CSE-16-023. Pulled IOCs, reviewed 5 artefacts, escalated to IR. Root cause documented.",Suspicious Login on AST-CSE-16-023,patched / blocked
CS-002198,AL-003085,CSE-16,2026-09-06T23:58:00,2026-09-07T02:28:00,AN-CSE-16-03,Closed,"Investigated Suspicious Login on AST-CSE-16-024. Pulled IOCs, reviewed 9 artefacts, contained locally. Root cause documented.",Suspicious Login on AST-CSE-16-024,patched / blocked
CS-002199,AL-003086,CSE-16,2026-09-13T05:13:00,2026-09-13T06:49:00,AN-CSE-16-05,Closed,"Investigated Lateral Movement on AST-CSE-16-008. Pulled IOCs, reviewed 3 artefacts, contained locally. Root cause documented.",Lateral Movement on AST-CSE-16-008,patched / blocked
CS-002200,AL-003089,CSE-16,2026-09-08T13:11:00,2026-09-08T15:29:00,AN-CSE-16-07,Closed,"Investigated Policy Violation on AST-CSE-16-014. Pulled IOCs, reviewed 3 artefacts, contained locally. Root cause documented.",Policy Violation on AST-CSE-16-014,patched / blocked
CS-002201,AL-003090,CSE-16,2026-09-17T21:38:00,2026-09-17T22:03:00,AN-CSE-16-01,Closed,"Investigated C2 Beacon on AST-CSE-16-039. Pulled IOCs, reviewed 9 artefacts, contained locally. Root cause documented.",C2 Beacon on AST-CSE-16-039,patched / blocked
CS-002202,AL-003091,CSE-16,2026-09-05T17:10:00,2026-09-05T19:35:00,AN-CSE-16-05,Closed,"Investigated Malware on AST-CSE-16-029. Pulled IOCs, reviewed 7 artefacts, contained locally. Root cause documented.",Malware on AST-CSE-16-029,patched / blocked
CS-002203,AL-003092,CSE-16,2026-09-10T01:17:00,2026-09-10T04:37:00,AN-CSE-16-02,Closed,"Investigated Brute Force on AST-CSE-16-039. Pulled IOCs, reviewed 4 artefacts, contained locally. Root cause documented.",Brute Force on AST-CSE-16-039,patched / blocked
CS-002204,AL-003093,CSE-16,2026-09-12T14:25:00,2026-09-12T17:38:00,AN-CSE-16-07,Closed,"Investigated Data Access Anomaly on AST-CSE-16-024. Pulled IOCs, reviewed 4 artefacts, contained locally. Root cause documented.",Data Access Anomaly on AST-CSE-16-024,patched / blocked
CS-002205,AL-003094,CSE-16,2026-09-13T00:04:00,2026-09-13T02:56:00,AN-CSE-16-06,Closed,"Investigated C2 Beacon on AST-CSE-16-013. Pulled IOCs, reviewed 6 artefacts, contained locally. Root cause documented.",C2 Beacon on AST-CSE-16-013,patched / blocked
CS-002206,AL-003095,CSE-16,2026-09-15T18:26:00,2026-09-15T19:07:00,AN-CSE-16-04,Closed,"Investigated Malware on AST-CSE-16-032. Pulled IOCs, reviewed 4 artefacts, contained locally. Root cause documented.",Malware on AST-CSE-16-032,patched / blocked
CS-002207,AL-003096,CSE-16,2026-09-01T11:56:00,2026-09-01T14:50:00,AN-CSE-16-05,Closed,"Investigated Phishing on AST-CSE-16-023. Pulled IOCs, reviewed 6 artefacts, contained locally. Root cause documented.",Phishing on AST-CSE-16-023,patched / blocked
CS-002208,AL-003097,CSE-16,2026-09-01T04:33:00,2026-09-01T05:50:00,AN-CSE-16-07,Closed,"Investigated Policy Violation on AST-CSE-16-011. Pulled IOCs, reviewed 5 artefacts, contained locally. Root cause documented.",Policy Violation on AST-CSE-16-011,patched / blocked
CS-002209,AL-003099,CSE-16,2026-08-29T12:46:00,2026-08-29T14:57:00,AN-CSE-16-06,Closed,"Investigated Malware on AST-CSE-16-001. Pulled IOCs, reviewed 9 artefacts, contained locally. Root cause documented.",Malware on AST-CSE-16-001,patched / blocked
CS-002210,AL-003100,CSE-16,2026-09-19T19:49:00,2026-09-19T23:00:00,AN-CSE-16-06,Closed,"Investigated Brute Force on AST-CSE-16-036. Pulled IOCs, reviewed 6 artefacts, contained locally. Root cause documented.",Brute Force on AST-CSE-16-036,patched / blocked
CS-002211,AL-003101,CSE-16,2026-08-29T09:51:00,2026-08-29T12:40:00,AN-CSE-16-07,Closed,"Investigated Data Access Anomaly on AST-CSE-16-031. Pulled IOCs, reviewed 3 artefacts, contained locally. Root cause documented.",Data Access Anomaly on AST-CSE-16-031,patched / blocked
CS-002212,AL-003102,CSE-16,2026-08-26T06:56:00,2026-08-26T07:58:00,AN-CSE-16-05,Closed,"Investigated Brute Force on AST-CSE-16-009. Pulled IOCs, reviewed 5 artefacts, contained locally. Root cause documented.",Brute Force on AST-CSE-16-009,patched / blocked
CS-002213,AL-003103,CSE-16,2026-09-01T20:10:00,2026-09-01T23:57:00,AN-CSE-16-03,Closed,"Investigated Phishing on AST-CSE-16-025. Pulled IOCs, reviewed 7 artefacts, contained locally. Root cause documented.",Phishing on AST-CSE-16-025,patched / blocked
CS-002214,AL-003104,CSE-16,2026-09-11T15:20:00,2026-09-11T17:15:00,AN-CSE-16-05,Closed,"Investigated Privilege Escalation on AST-CSE-16-026. Pulled IOCs, reviewed 8 artefacts, contained locally. Root cause documented.",Privilege Escalation on AST-CSE-16-026,patched / blocked
CS-002215,AL-003106,CSE-16,2026-09-07T21:48:00,2026-09-07T22:39:00,AN-CSE-16-01,Closed,"Investigated Privilege Escalation on AST-CSE-16-035. Pulled IOCs, reviewed 3 artefacts, contained locally. Root cause documented.",Privilege Escalation on AST-CSE-16-035,patched / blocked
CS-002216,AL-003107,CSE-16,2026-09-02T05:32:00,2026-09-02T06:12:00,AN-CSE-16-07,Closed,"Investigated Suspicious Login on AST-CSE-16-036. Pulled IOCs, reviewed 7 artefacts, contained locally. Root cause documented.",Suspicious Login on AST-CSE-16-036,patched / blocked
CS-002217,AL-003110,CSE-16,2026-09-19T19:30:00,2026-09-19T19:39:00,AN-CSE-16-07,Closed,"Investigated C2 Beacon on AST-CSE-16-014. Pulled IOCs, reviewed 1 artefacts, contained locally. Root cause documented.",,
CS-002218,AL-003111,CSE-16,2026-09-06T14:18:00,2026-09-06T16:52:00,AN-CSE-16-08,Escalated,"Investigated Data Access Anomaly on AST-CSE-16-003. Pulled IOCs, reviewed 4 artefacts, escalated to IR. Root cause documented.",Data Access Anomaly on AST-CSE-16-003,patched / blocked
CS-002219,AL-003112,CSE-16,2026-09-09T11:30:00,2026-09-09T14:46:00,AN-CSE-16-07,Closed,"Investigated Brute Force on AST-CSE-16-025. Pulled IOCs, reviewed 9 artefacts, contained locally. Root cause documented.",Brute Force on AST-CSE-16-025,patched / blocked
CS-002220,AL-003113,CSE-16,2026-09-05T07:58:00,2026-09-05T11:54:00,AN-CSE-16-05,Closed,"Investigated Brute Force on AST-CSE-16-027. Pulled IOCs, reviewed 7 artefacts, contained locally. Root cause documented.",Brute Force on AST-CSE-16-027,patched / blocked
CS-002221,AL-003114,CSE-16,2026-09-16T19:36:00,2026-09-16T23:27:00,AN-CSE-16-04,Closed,"Investigated Malware on AST-CSE-16-036. Pulled IOCs, reviewed 8 artefacts, contained locally. Root cause documented.",Malware on AST-CSE-16-036,patched / blocked
CS-002222,AL-003116,CSE-16,2026-08-28T14:12:00,2026-08-28T14:32:00,AN-CSE-16-04,Escalated,"Investigated C2 Beacon on AST-CSE-16-006. Pulled IOCs, reviewed 6 artefacts, escalated to IR. Root cause documented.",C2 Beacon on AST-CSE-16-006,patched / blocked
CS-002223,AL-003117,CSE-16,2026-09-01T12:15:00,2026-09-01T13:28:00,AN-CSE-16-08,Escalated,"Investigated Data Access Anomaly on AST-CSE-16-017. Pulled IOCs, reviewed 5 artefacts, escalated to IR. Root cause documented.",Data Access Anomaly on AST-CSE-16-017,patched / blocked
CS-002224,AL-003119,CSE-16,2026-09-03T07:23:00,2026-09-03T07:45:00,AN-CSE-16-07,Closed,"Investigated Lateral Movement on AST-CSE-16-007. Pulled IOCs, reviewed 6 artefacts, contained locally. Root cause documented.",Lateral Movement on AST-CSE-16-007,patched / blocked
CS-002225,AL-003120,CSE-16,2026-08-22T04:56:00,2026-08-22T06:57:00,AN-CSE-16-04,Closed,"Investigated Phishing on AST-CSE-16-012. Pulled IOCs, reviewed 8 artefacts, contained locally. Root cause documented.",Phishing on AST-CSE-16-012,patched / blocked
CS-002226,AL-003121,CSE-16,2026-09-20T07:49:00,2026-09-20T11:17:00,AN-CSE-16-02,Closed,"Investigated Brute Force on AST-CSE-16-022. Pulled IOCs, reviewed 9 artefacts, contained locally. Root cause documented.",Brute Force on AST-CSE-16-022,patched / blocked
CS-002227,AL-003122,CSE-16,2026-08-26T03:28:00,2026-08-26T07:23:00,AN-CSE-16-01,Closed,"Investigated Suspicious Login on AST-CSE-16-036. Pulled IOCs, reviewed 7 artefacts, contained locally. Root cause documented.",Suspicious Login on AST-CSE-16-036,patched / blocked
CS-002228,AL-003124,CSE-16,2026-09-06T04:04:00,2026-09-06T06:26:00,AN-CSE-16-06,Closed,"Investigated Malware on AST-CSE-16-006. Pulled IOCs, reviewed 5 artefacts, contained locally. Root cause documented.",Malware on AST-CSE-16-006,patched / blocked
CS-002229,AL-003125,CSE-16,2026-08-26T13:15:00,2026-08-26T14:16:00,AN-CSE-16-06,Closed,"Investigated C2 Beacon on AST-CSE-16-017. Pulled IOCs, reviewed 8 artefacts, contained locally. Root cause documented.",C2 Beacon on AST-CSE-16-017,patched / blocked
CS-002230,AL-003126,CSE-16,2026-08-27T09:51:00,2026-08-27T12:37:00,AN-CSE-16-04,Closed,"Investigated Malware on AST-CSE-16-020. Pulled IOCs, reviewed 5 artefacts, contained locally. Root cause documented.",Malware on AST-CSE-16-020,patched / blocked
CS-002231,AL-003128,CSE-16,2026-09-05T09:06:00,2026-09-05T10:15:00,AN-CSE-16-08,Closed,"Investigated Phishing on AST-CSE-16-030. Pulled IOCs, reviewed 3 artefacts, contained locally. Root cause documented.",Phishing on AST-CSE-16-030,patched / blocked
CS-002232,AL-003129,CSE-16,2026-09-18T17:41:00,2026-09-18T20:59:00,AN-CSE-16-02,Closed,"Investigated Suspicious Login on AST-CSE-16-027. Pulled IOCs, reviewed 6 artefacts, contained locally. Root cause documented.",Suspicious Login on AST-CSE-16-027,patched / blocked
CS-002233,AL-003131,CSE-16,2026-09-07T18:44:00,2026-09-07T20:55:00,AN-CSE-16-02,Closed,"Investigated Lateral Movement on AST-CSE-16-021. Pulled IOCs, reviewed 9 artefacts, contained locally. Root cause documented.",Lateral Movement on AST-CSE-16-021,patched / blocked
CS-002234,AL-003133,CSE-16,2026-08-30T04:07:00,2026-08-30T06:27:00,AN-CSE-16-02,Closed,"Investigated Policy Violation on AST-CSE-16-038. Pulled IOCs, reviewed 9 artefacts, contained locally. Root cause documented.",Policy Violation on AST-CSE-16-038,patched / blocked
CS-002235,AL-003134,CSE-16,2026-09-11T17:10:00,2026-09-11T19:20:00,AN-CSE-16-07,Closed,"Investigated Lateral Movement on AST-CSE-16-003. Pulled IOCs, reviewed 5 artefacts, contained locally. Root cause documented.",Lateral Movement on AST-CSE-16-003,patched / blocked
CS-002236,AL-003135,CSE-16,2026-09-20T02:26:00,2026-09-20T02:52:00,AN-CSE-16-05,Closed,"Investigated Privilege Escalation on AST-CSE-16-017. Pulled IOCs, reviewed 7 artefacts, contained locally. Root cause documented.",Privilege Escalation on AST-CSE-16-017,patched / blocked
CS-002237,AL-003136,CSE-16,2026-09-03T09:38:00,2026-09-03T11:25:00,AN-CSE-16-07,Closed,"Investigated Lateral Movement on AST-CSE-16-029. Pulled IOCs, reviewed 9 artefacts, contained locally. Root cause documented.",Lateral Movement on AST-CSE-16-029,patched / blocked
CS-002238,AL-003137,CSE-16,2026-08-31T17:03:00,2026-08-31T18:34:00,AN-CSE-16-06,Escalated,"Investigated Policy Violation on AST-CSE-16-011. Pulled IOCs, reviewed 9 artefacts, escalated to IR. Root cause documented.",Policy Violation on AST-CSE-16-011,patched / blocked
CS-002239,AL-003138,CSE-16,2026-09-04T17:30:00,2026-09-04T19:40:00,AN-CSE-16-07,Closed,"Investigated Phishing on AST-CSE-16-008. Pulled IOCs, reviewed 5 artefacts, contained locally. Root cause documented.",Phishing on AST-CSE-16-008,patched / blocked
CS-002240,AL-003140,CSE-16,2026-09-11T14:59:00,2026-09-11T17:54:00,AN-CSE-16-04,Closed,"Investigated Exfiltration on AST-CSE-16-014. Pulled IOCs, reviewed 7 artefacts, contained locally. Root cause documented.",Exfiltration on AST-CSE-16-014,patched / blocked
CS-002241,AL-003142,CSE-16,2026-09-04T07:01:00,2026-09-04T09:17:00,AN-CSE-16-07,Escalated,"Investigated C2 Beacon on AST-CSE-16-012. Pulled IOCs, reviewed 3 artefacts, escalated to IR. Root cause documented.",C2 Beacon on AST-CSE-16-012,patched / blocked
CS-002242,AL-003145,CSE-16,2026-08-27T04:38:00,2026-08-27T07:30:00,AN-CSE-16-02,Closed,"Investigated Malware on AST-CSE-16-006. Pulled IOCs, reviewed 6 artefacts, contained locally. Root cause documented.",Malware on AST-CSE-16-006,patched / blocked
CS-002243,AL-003146,CSE-16,2026-08-22T15:02:00,2026-08-22T16:03:00,AN-CSE-16-03,Closed,"Investigated Malware on AST-CSE-16-012. Pulled IOCs, reviewed 4 artefacts, contained locally. Root cause documented.",Malware on AST-CSE-16-012,patched / blocked
CS-002244,AL-003147,CSE-16,2026-09-13T16:23:00,2026-09-13T18:20:00,AN-CSE-16-04,Closed,"Investigated Malware on AST-CSE-16-016. Pulled IOCs, reviewed 3 artefacts, contained locally. Root cause documented.",Malware on AST-CSE-16-016,patched / blocked
CS-002245,AL-003148,CSE-16,2026-09-11T13:46:00,2026-09-11T15:34:00,AN-CSE-16-01,Closed,"Investigated C2 Beacon on AST-CSE-16-002. Pulled IOCs, reviewed 8 artefacts, contained locally. Root cause documented.",C2 Beacon on AST-CSE-16-002,patched / blocked
CS-002246,AL-003152,CSE-16,2026-09-09T02:03:00,2026-09-09T02:19:00,AN-CSE-16-03,Closed,"Investigated Exfiltration on AST-CSE-16-001. Pulled IOCs, reviewed 5 artefacts, contained locally. Root cause documented.",Exfiltration on AST-CSE-16-001,patched / blocked
CS-002247,AL-003153,CSE-16,2026-09-11T07:37:00,2026-09-11T09:59:00,AN-CSE-16-06,Closed,"Investigated C2 Beacon on AST-CSE-16-029. Pulled IOCs, reviewed 7 artefacts, contained locally. Root cause documented.",C2 Beacon on AST-CSE-16-029,patched / blocked
CS-002248,AL-003157,CSE-16,2026-09-03T20:48:00,2026-09-03T21:48:00,AN-CSE-16-02,Closed,"Investigated Brute Force on AST-CSE-16-031. Pulled IOCs, reviewed 9 artefacts, contained locally. Root cause documented.",Brute Force on AST-CSE-16-031,patched / blocked
CS-002249,AL-003158,CSE-16,2026-09-14T17:08:00,2026-09-14T20:18:00,AN-CSE-16-02,Closed,"Investigated Privilege Escalation on AST-CSE-16-037. Pulled IOCs, reviewed 7 artefacts, contained locally. Root cause documented.",Privilege Escalation on AST-CSE-16-037,patched / blocked
CS-002250,AL-003159,CSE-16,2026-09-20T04:48:00,2026-09-20T07:12:00,AN-CSE-16-03,Closed,"Investigated Exfiltration on AST-CSE-16-020. Pulled IOCs, reviewed 3 artefacts, contained locally. Root cause documented.",Exfiltration on AST-CSE-16-020,patched / blocked
CS-002251,AL-003160,CSE-16,2026-08-29T10:49:00,2026-08-29T14:04:00,AN-CSE-16-08,Closed,"Investigated Malware on AST-CSE-16-001. Pulled IOCs, reviewed 3 artefacts, contained locally. Root cause documented.",Malware on AST-CSE-16-001,patched / blocked
CS-002252,AL-003161,CSE-16,2026-08-27T13:19:00,2026-08-27T15:44:00,AN-CSE-16-01,Closed,"Investigated Brute Force on AST-CSE-16-002. Pulled IOCs, reviewed 5 artefacts, contained locally. Root cause documented.",Brute Force on AST-CSE-16-002,patched / blocked
CS-002253,AL-003162,CSE-16,2026-09-11T19:29:00,2026-09-11T20:01:00,AN-CSE-16-03,Closed,"Investigated Exfiltration on AST-CSE-16-024. Pulled IOCs, reviewed 3 artefacts, contained locally. Root cause documented.",Exfiltration on AST-CSE-16-024,patched / blocked
CS-002254,AL-003163,CSE-16,2026-09-06T01:19:00,2026-09-06T03:05:00,AN-CSE-16-01,Closed,"Investigated C2 Beacon on AST-CSE-16-026. Pulled IOCs, reviewed 4 artefacts, contained locally. Root cause documented.",C2 Beacon on AST-CSE-16-026,patched / blocked
CS-002255,AL-003164,CSE-16,2026-09-15T10:46:00,2026-09-15T13:17:00,AN-CSE-16-07,Closed,"Investigated Policy Violation on AST-CSE-16-037. Pulled IOCs, reviewed 9 artefacts, contained locally. Root cause documented.",Policy Violation on AST-CSE-16-037,patched / blocked
CS-002256,AL-003165,CSE-16,2026-08-26T05:48:00,2026-08-26T07:43:00,AN-CSE-16-01,Closed,"Investigated Suspicious Login on AST-CSE-16-019. Pulled IOCs, reviewed 7 artefacts, contained locally. Root cause documented.",Suspicious Login on AST-CSE-16-019,patched / blocked
CS-002257,AL-003166,CSE-16,2026-09-13T23:26:00,2026-09-14T03:09:00,AN-CSE-16-01,Closed,"Investigated Lateral Movement on AST-CSE-16-010. Pulled IOCs, reviewed 3 artefacts, contained locally. Root cause documented.",Lateral Movement on AST-CSE-16-010,patched / blocked
CS-002258,AL-003169,CSE-16,2026-08-31T20:18:00,2026-08-31T21:11:00,AN-CSE-16-03,Closed,"Investigated Data Access Anomaly on AST-CSE-16-007. Pulled IOCs, reviewed 5 artefacts, contained locally. Root cause documented.",Data Access Anomaly on AST-CSE-16-007,patched / blocked
CS-002259,AL-003170,CSE-16,2026-08-23T18:51:00,2026-08-23T20:04:00,AN-CSE-16-06,Escalated,"Investigated Brute Force on AST-CSE-16-037. Pulled IOCs, reviewed 8 artefacts, escalated to IR. Root cause documented.",Brute Force on AST-CSE-16-037,patched / blocked
CS-002260,AL-003172,CSE-16,2026-09-09T18:20:00,2026-09-09T22:07:00,AN-CSE-16-06,Closed,"Investigated Data Access Anomaly on AST-CSE-16-011. Pulled IOCs, reviewed 3 artefacts, contained locally. Root cause documented.",Data Access Anomaly on AST-CSE-16-011,patched / blocked
CS-002261,AL-003173,CSE-16,2026-08-30T21:55:00,2026-08-30T22:19:00,AN-CSE-16-05,Closed,"Investigated Lateral Movement on AST-CSE-16-028. Pulled IOCs, reviewed 9 artefacts, contained locally. Root cause documented.",Lateral Movement on AST-CSE-16-028,patched / blocked
CS-002262,AL-003174,CSE-16,2026-08-24T08:10:00,2026-08-24T09:46:00,AN-CSE-16-05,Closed,"Investigated Policy Violation on AST-CSE-16-022. Pulled IOCs, reviewed 7 artefacts, contained locally. Root cause documented.",Policy Violation on AST-CSE-16-022,patched / blocked
CS-002263,AL-003177,CSE-16,2026-08-27T03:41:00,2026-08-27T04:46:00,AN-CSE-16-04,Closed,"Investigated Policy Violation on AST-CSE-16-030. Pulled IOCs, reviewed 8 artefacts, contained locally. Root cause documented.",Policy Violation on AST-CSE-16-030,patched / blocked
CS-002264,AL-003178,CSE-16,2026-09-03T20:50:00,2026-09-03T21:38:00,AN-CSE-16-07,Closed,"Investigated Data Access Anomaly on AST-CSE-16-020. Pulled IOCs, reviewed 5 artefacts, contained locally. Root cause documented.",Data Access Anomaly on AST-CSE-16-020,patched / blocked
CS-002265,AL-003179,CSE-16,2026-08-23T14:19:00,2026-08-23T17:16:00,AN-CSE-16-01,Closed,"Investigated Lateral Movement on AST-CSE-16-020. Pulled IOCs, reviewed 7 artefacts, contained locally. Root cause documented.",Lateral Movement on AST-CSE-16-020,patched / blocked
CS-002266,AL-003180,CSE-16,2026-08-31T11:19:00,2026-08-31T13:39:00,AN-CSE-16-05,Closed,"Investigated Exfiltration on AST-CSE-16-015. Pulled IOCs, reviewed 7 artefacts, contained locally. Root cause documented.",Exfiltration on AST-CSE-16-015,patched / blocked
CS-002267,AL-003181,CSE-16,2026-09-02T03:00:00,2026-09-02T04:50:00,AN-CSE-16-02,Closed,"Investigated Malware on AST-CSE-16-004. Pulled IOCs, reviewed 6 artefacts, contained locally. Root cause documented.",Malware on AST-CSE-16-004,patched / blocked
CS-002268,AL-003182,CSE-16,2026-08-23T06:35:00,2026-08-23T07:25:00,AN-CSE-16-07,Closed,"Investigated C2 Beacon on AST-CSE-16-031. Pulled IOCs, reviewed 4 artefacts, contained locally. Root cause documented.",C2 Beacon on AST-CSE-16-031,patched / blocked
CS-002269,AL-003183,CSE-16,2026-09-19T04:34:00,2026-09-19T05:10:00,AN-CSE-16-04,Closed,"Investigated Data Access Anomaly on AST-CSE-16-017. Pulled IOCs, reviewed 8 artefacts, contained locally. Root cause documented.",Data Access Anomaly on AST-CSE-16-017,patched / blocked
CS-002270,AL-003184,CSE-16,2026-09-15T21:45:00,2026-09-15T22:34:00,AN-CSE-16-02,Closed,"Investigated Phishing on AST-CSE-16-004. Pulled IOCs, reviewed 9 artefacts, contained locally. Root cause documented.",Phishing on AST-CSE-16-004,patched / blocked
CS-002271,AL-003187,CSE-16,2026-09-15T06:24:00,2026-09-15T09:58:00,AN-CSE-16-04,Closed,"Investigated Policy Violation on AST-CSE-16-018. Pulled IOCs, reviewed 8 artefacts, contained locally. Root cause documented.",Policy Violation on AST-CSE-16-018,patched / blocked
CS-002272,AL-003188,CSE-16,2026-08-21T13:30:00,2026-08-21T14:11:00,AN-CSE-16-08,Closed,"Investigated C2 Beacon on AST-CSE-16-040. Pulled IOCs, reviewed 5 artefacts, contained locally. Root cause documented.",C2 Beacon on AST-CSE-16-040,patched / blocked
CS-002273,AL-003189,CSE-16,2026-09-14T22:11:00,2026-09-15T00:30:00,AN-CSE-16-03,Closed,"Investigated Malware on AST-CSE-16-039. Pulled IOCs, reviewed 8 artefacts, contained locally. Root cause documented.",Malware on AST-CSE-16-039,patched / blocked
CS-002274,AL-003190,CSE-16,2026-08-28T05:51:00,2026-08-28T08:48:00,AN-CSE-16-01,Escalated,"Investigated Privilege Escalation on AST-CSE-16-026. Pulled IOCs, reviewed 3 artefacts, escalated to IR. Root cause documented.",Privilege Escalation on AST-CSE-16-026,patched / blocked
CS-002275,AL-003191,CSE-16,2026-08-24T15:41:00,2026-08-24T18:04:00,AN-CSE-16-05,Escalated,"Investigated C2 Beacon on AST-CSE-16-030. Pulled IOCs, reviewed 6 artefacts, escalated to IR. Root cause documented.",C2 Beacon on AST-CSE-16-030,patched / blocked
CS-002276,AL-003192,CSE-16,2026-09-18T13:02:00,2026-09-18T14:20:00,AN-CSE-16-05,Closed,"Investigated Privilege Escalation on AST-CSE-16-021. Pulled IOCs, reviewed 3 artefacts, contained locally. Root cause documented.",Privilege Escalation on AST-CSE-16-021,patched / blocked
CS-002277,AL-003193,CSE-16,2026-08-27T13:13:00,2026-08-27T15:26:00,AN-CSE-16-01,Closed,"Investigated Policy Violation on AST-CSE-16-040. Pulled IOCs, reviewed 5 artefacts, contained locally. Root cause documented.",Policy Violation on AST-CSE-16-040,patched / blocked
CS-002278,AL-003194,CSE-16,2026-09-11T04:17:00,2026-09-11T05:47:00,AN-CSE-16-07,Closed,"Investigated Lateral Movement on AST-CSE-16-037. Pulled IOCs, reviewed 5 artefacts, contained locally. Root cause documented.",Lateral Movement on AST-CSE-16-037,patched / blocked
CS-002279,AL-003195,CSE-16,2026-08-29T00:49:00,2026-08-29T02:05:00,AN-CSE-16-08,Closed,"Investigated Brute Force on AST-CSE-16-038. Pulled IOCs, reviewed 5 artefacts, contained locally. Root cause documented.",Brute Force on AST-CSE-16-038,patched / blocked
CS-002280,AL-003196,CSE-16,2026-08-24T19:54:00,2026-08-24T22:17:00,AN-CSE-16-04,Closed,"Investigated Lateral Movement on AST-CSE-16-013. Pulled IOCs, reviewed 4 artefacts, contained locally. Root cause documented.",Lateral Movement on AST-CSE-16-013,patched / blocked
CS-002281,AL-003197,CSE-16,2026-08-24T14:47:00,2026-08-24T16:05:00,AN-CSE-16-01,Closed,"Investigated Lateral Movement on AST-CSE-16-022. Pulled IOCs, reviewed 6 artefacts, contained locally. Root cause documented.",Lateral Movement on AST-CSE-16-022,patched / blocked
CS-002282,AL-003198,CSE-16,2026-08-26T20:01:00,2026-08-26T22:41:00,AN-CSE-16-05,Closed,"Investigated Brute Force on AST-CSE-16-007. Pulled IOCs, reviewed 7 artefacts, contained locally. Root cause documented.",Brute Force on AST-CSE-16-007,patched / blocked
CS-002283,AL-003199,CSE-16,2026-09-13T04:38:00,2026-09-13T05:11:00,AN-CSE-16-01,Closed,"Investigated Policy Violation on AST-CSE-16-013. Pulled IOCs, reviewed 6 artefacts, contained locally. Root cause documented.",Policy Violation on AST-CSE-16-013,patched / blocked
CS-002284,AL-003200,CSE-16,2026-09-10T08:08:00,2026-09-10T08:50:00,AN-CSE-16-01,Closed,"Investigated Lateral Movement on AST-CSE-16-009. Pulled IOCs, reviewed 5 artefacts, contained locally. Root cause documented.",Lateral Movement on AST-CSE-16-009,patched / blocked
CS-002285,AL-003202,CSE-16,2026-09-18T09:23:00,2026-09-18T11:18:00,AN-CSE-16-03,Closed,"Investigated Privilege Escalation on AST-CSE-16-020. Pulled IOCs, reviewed 9 artefacts, contained locally. Root cause documented.",Privilege Escalation on AST-CSE-16-020,patched / blocked
CS-002286,AL-003204,CSE-16,2026-08-28T04:14:00,2026-08-28T05:39:00,AN-CSE-16-05,Closed,"Investigated Malware on AST-CSE-16-023. Pulled IOCs, reviewed 9 artefacts, contained locally. Root cause documented.",Malware on AST-CSE-16-023,patched / blocked
CS-002287,AL-003205,CSE-16,2026-08-28T20:06:00,2026-08-28T20:52:00,AN-CSE-16-06,Closed,"Investigated Policy Violation on AST-CSE-16-040. Pulled IOCs, reviewed 6 artefacts, contained locally. Root cause documented.",Policy Violation on AST-CSE-16-040,patched / blocked
CS-002288,AL-003206,CSE-16,2026-08-30T15:52:00,2026-08-30T16:16:00,AN-CSE-16-05,Closed,"Investigated Brute Force on AST-CSE-16-015. Pulled IOCs, reviewed 9 artefacts, contained locally. Root cause documented.",Brute Force on AST-CSE-16-015,patched / blocked
CS-002289,AL-003207,CSE-16,2026-08-24T09:18:00,2026-08-24T11:23:00,AN-CSE-16-06,Closed,"Investigated C2 Beacon on AST-CSE-16-008. Pulled IOCs, reviewed 4 artefacts, contained locally. Root cause documented.",C2 Beacon on AST-CSE-16-008,patched / blocked
CS-002290,AL-003208,CSE-16,2026-09-19T21:33:00,2026-09-19T23:07:00,AN-CSE-16-02,Closed,"Investigated Malware on AST-CSE-16-009. Pulled IOCs, reviewed 4 artefacts, contained locally. Root cause documented.",Malware on AST-CSE-16-009,patched / blocked
CS-002291,AL-003209,CSE-16,2026-09-07T19:09:00,2026-09-07T21:16:00,AN-CSE-16-06,Closed,"Investigated Data Access Anomaly on AST-CSE-16-021. Pulled IOCs, reviewed 7 artefacts, contained locally. Root cause documented.",Data Access Anomaly on AST-CSE-16-021,patched / blocked
CS-002292,AL-003211,CSE-16,2026-09-18T02:12:00,2026-09-18T02:39:00,AN-CSE-16-07,Closed,"Investigated Malware on AST-CSE-16-038. Pulled IOCs, reviewed 8 artefacts, contained locally. Root cause documented.",Malware on AST-CSE-16-038,patched / blocked
CS-002293,AL-003212,CSE-16,2026-09-03T19:28:00,2026-09-03T20:41:00,AN-CSE-16-02,Closed,"Investigated Brute Force on AST-CSE-16-039. Pulled IOCs, reviewed 3 artefacts, contained locally. Root cause documented.",Brute Force on AST-CSE-16-039,patched / blocked
CS-002294,AL-003214,CSE-16,2026-08-24T14:38:00,2026-08-24T14:40:00,AN-CSE-16-07,Closed,"Investigated Privilege Escalation on AST-CSE-16-035. Pulled IOCs, reviewed 1 artefacts, contained locally. Root cause documented.",,
CS-002295,AL-003215,CSE-16,2026-09-07T18:26:00,2026-09-07T19:31:00,AN-CSE-16-03,Closed,"Investigated Data Access Anomaly on AST-CSE-16-003. Pulled IOCs, reviewed 7 artefacts, contained locally. Root cause documented.",Data Access Anomaly on AST-CSE-16-003,patched / blocked
CS-002296,AL-003219,CSE-16,2026-08-31T03:38:00,2026-08-31T04:50:00,AN-CSE-16-05,Closed,"Investigated Data Access Anomaly on AST-CSE-16-038. Pulled IOCs, reviewed 6 artefacts, contained locally. Root cause documented.",Data Access Anomaly on AST-CSE-16-038,patched / blocked
CS-002297,AL-003220,CSE-16,2026-09-11T17:58:00,2026-09-11T20:29:00,AN-CSE-16-07,Closed,"Investigated Exfiltration on AST-CSE-16-006. Pulled IOCs, reviewed 8 artefacts, contained locally. Root cause documented.",Exfiltration on AST-CSE-16-006,patched / blocked
CS-002298,AL-003221,CSE-16,2026-09-03T01:12:00,2026-09-03T01:48:00,AN-CSE-16-08,Escalated,"Investigated Privilege Escalation on AST-CSE-16-029. Pulled IOCs, reviewed 6 artefacts, escalated to IR. Root cause documented.",Privilege Escalation on AST-CSE-16-029,patched / blocked
CS-002299,AL-003222,CSE-16,2026-09-01T00:08:00,2026-09-01T01:45:00,AN-CSE-16-07,Closed,"Investigated Malware on AST-CSE-16-028. Pulled IOCs, reviewed 4 artefacts, contained locally. Root cause documented.",Malware on AST-CSE-16-028,patched / blocked
CS-002300,AL-003223,CSE-16,2026-08-30T21:47:00,2026-08-30T22:15:00,AN-CSE-16-03,Closed,"Investigated Malware on AST-CSE-16-033. Pulled IOCs, reviewed 4 artefacts, contained locally. Root cause documented.",Malware on AST-CSE-16-033,patched / blocked
CS-002301,AL-003224,CSE-16,2026-08-27T05:45:00,2026-08-27T08:08:00,AN-CSE-16-08,Closed,"Investigated Privilege Escalation on AST-CSE-16-034. Pulled IOCs, reviewed 9 artefacts, contained locally. Root cause documented.",Privilege Escalation on AST-CSE-16-034,patched / blocked
CS-002302,AL-003225,CSE-16,2026-09-04T13:25:00,2026-09-04T14:21:00,AN-CSE-16-08,Closed,"Investigated Lateral Movement on AST-CSE-16-002. Pulled IOCs, reviewed 9 artefacts, contained locally. Root cause documented.",Lateral Movement on AST-CSE-16-002,patched / blocked
CS-002303,AL-003227,CSE-16,2026-08-25T02:39:00,2026-08-25T03:13:00,AN-CSE-16-06,Closed,"Investigated Brute Force on AST-CSE-16-004. Pulled IOCs, reviewed 5 artefacts, contained locally. Root cause documented.",Brute Force on AST-CSE-16-004,patched / blocked
CS-002304,AL-003229,CSE-16,2026-09-05T07:41:00,2026-09-05T08:55:00,AN-CSE-16-07,Closed,"Investigated Lateral Movement on AST-CSE-16-030. Pulled IOCs, reviewed 3 artefacts, contained locally. Root cause documented.",Lateral Movement on AST-CSE-16-030,patched / blocked
CS-002305,AL-003230,CSE-16,2026-08-26T14:57:00,2026-08-26T15:37:00,AN-CSE-16-01,Closed,"Investigated Lateral Movement on AST-CSE-16-019. Pulled IOCs, reviewed 5 artefacts, contained locally. Root cause documented.",Lateral Movement on AST-CSE-16-019,patched / blocked
CS-002306,AL-003231,CSE-16,2026-09-01T04:59:00,2026-09-01T08:21:00,AN-CSE-16-08,Closed,"Investigated Brute Force on AST-CSE-16-021. Pulled IOCs, reviewed 5 artefacts, contained locally. Root cause documented.",Brute Force on AST-CSE-16-021,patched / blocked
CS-002307,AL-003233,CSE-16,2026-09-09T08:27:00,2026-09-09T10:13:00,AN-CSE-16-07,Closed,"Investigated Policy Violation on AST-CSE-16-040. Pulled IOCs, reviewed 4 artefacts, contained locally. Root cause documented.",Policy Violation on AST-CSE-16-040,patched / blocked
CS-002308,AL-003234,CSE-16,2026-09-15T07:45:00,2026-09-15T09:13:00,AN-CSE-16-01,Escalated,"Investigated C2 Beacon on AST-CSE-16-021. Pulled IOCs, reviewed 3 artefacts, escalated to IR. Root cause documented.",C2 Beacon on AST-CSE-16-021,patched / blocked
CS-002309,AL-003236,CSE-16,2026-09-03T15:50:00,2026-09-03T17:50:00,AN-CSE-16-01,Closed,"Investigated Exfiltration on AST-CSE-16-003. Pulled IOCs, reviewed 6 artefacts, contained locally. Root cause documented.",Exfiltration on AST-CSE-16-003,patched / blocked
CS-002310,AL-003237,CSE-16,2026-08-24T06:47:00,2026-08-24T09:28:00,AN-CSE-16-03,Closed,"Investigated Suspicious Login on AST-CSE-16-003. Pulled IOCs, reviewed 5 artefacts, contained locally. Root cause documented.",Suspicious Login on AST-CSE-16-003,patched / blocked
CS-002311,AL-003238,CSE-16,2026-09-02T23:09:00,2026-09-03T00:47:00,AN-CSE-16-04,Escalated,"Investigated Data Access Anomaly on AST-CSE-16-032. Pulled IOCs, reviewed 4 artefacts, escalated to IR. Root cause documented.",Data Access Anomaly on AST-CSE-16-032,patched / blocked
CS-002312,AL-003239,CSE-16,2026-08-26T02:41:00,2026-08-26T03:38:00,AN-CSE-16-05,Closed,"Investigated Privilege Escalation on AST-CSE-16-040. Pulled IOCs, reviewed 4 artefacts, contained locally. Root cause documented.",Privilege Escalation on AST-CSE-16-040,patched / blocked
CS-002313,AL-003240,CSE-16,2026-09-02T23:48:00,2026-09-03T02:01:00,AN-CSE-16-02,Closed,"Investigated Brute Force on AST-CSE-16-036. Pulled IOCs, reviewed 4 artefacts, contained locally. Root cause documented.",Brute Force on AST-CSE-16-036,patched / blocked
CS-002314,AL-003241,CSE-16,2026-09-13T09:07:00,2026-09-13T09:35:00,AN-CSE-16-02,Closed,"Investigated Exfiltration on AST-CSE-16-005. Pulled IOCs, reviewed 8 artefacts, contained locally. Root cause documented.",Exfiltration on AST-CSE-16-005,patched / blocked
CS-002315,AL-003242,CSE-16,2026-08-26T08:02:00,2026-08-26T10:56:00,AN-CSE-16-05,Closed,"Investigated C2 Beacon on AST-CSE-16-025. Pulled IOCs, reviewed 9 artefacts, contained locally. Root cause documented.",C2 Beacon on AST-CSE-16-025,patched / blocked
CS-002316,AL-003243,CSE-16,2026-09-18T11:44:00,2026-09-18T11:47:00,AN-CSE-16-08,Closed,"Investigated C2 Beacon on AST-CSE-16-037. Pulled IOCs, reviewed 0 artefacts, contained locally. Root cause documented.",,
CS-002317,AL-003245,CSE-16,2026-08-27T20:34:00,2026-08-27T21:05:00,AN-CSE-16-04,Closed,"Investigated Brute Force on AST-CSE-16-039. Pulled IOCs, reviewed 4 artefacts, contained locally. Root cause documented.",Brute Force on AST-CSE-16-039,patched / blocked
CS-002318,AL-003246,CSE-16,2026-08-27T09:27:00,2026-08-27T12:05:00,AN-CSE-16-02,Closed,"Investigated Exfiltration on AST-CSE-16-006. Pulled IOCs, reviewed 8 artefacts, contained locally. Root cause documented.",Exfiltration on AST-CSE-16-006,patched / blocked
CS-002319,AL-003247,CSE-16,2026-09-10T09:16:00,2026-09-10T12:18:00,AN-CSE-16-04,Closed,"Investigated Malware on AST-CSE-16-020. Pulled IOCs, reviewed 3 artefacts, contained locally. Root cause documented.",Malware on AST-CSE-16-020,patched / blocked
CS-002320,AL-003248,CSE-16,2026-09-06T10:28:00,2026-09-06T13:14:00,AN-CSE-16-06,Closed,"Investigated Malware on AST-CSE-16-038. Pulled IOCs, reviewed 8 artefacts, contained locally. Root cause documented.",Malware on AST-CSE-16-038,patched / blocked
CS-002321,AL-003249,CSE-16,2026-09-10T14:08:00,2026-09-10T14:45:00,AN-CSE-16-08,Closed,"Investigated C2 Beacon on AST-CSE-16-004. Pulled IOCs, reviewed 3 artefacts, contained locally. Root cause documented.",C2 Beacon on AST-CSE-16-004,patched / blocked
CS-002322,AL-003250,CSE-16,2026-09-08T23:43:00,2026-09-09T03:18:00,AN-CSE-16-06,Closed,"Investigated Exfiltration on AST-CSE-16-007. Pulled IOCs, reviewed 4 artefacts, contained locally. Root cause documented.",Exfiltration on AST-CSE-16-007,patched / blocked
CS-002323,AL-003251,CSE-16,2026-08-26T10:31:00,2026-08-26T11:45:00,AN-CSE-16-05,Closed,"Investigated Policy Violation on AST-CSE-16-021. Pulled IOCs, reviewed 9 artefacts, contained locally. Root cause documented.",Policy Violation on AST-CSE-16-021,patched / blocked
CS-002324,AL-003253,CSE-16,2026-09-01T02:55:00,2026-09-01T04:58:00,AN-CSE-16-03,Closed,"Investigated Lateral Movement on AST-CSE-16-007. Pulled IOCs, reviewed 5 artefacts, contained locally. Root cause documented.",Lateral Movement on AST-CSE-16-007,patched / blocked
CS-002325,AL-003254,CSE-16,2026-09-14T22:12:00,2026-09-14T22:43:00,AN-CSE-16-08,Escalated,"Investigated C2 Beacon on AST-CSE-16-001. Pulled IOCs, reviewed 8 artefacts, escalated to IR. Root cause documented.",C2 Beacon on AST-CSE-16-001,patched / blocked
CS-002326,AL-003255,CSE-16,2026-09-08T04:55:00,2026-09-08T07:31:00,AN-CSE-16-01,Closed,"Investigated Privilege Escalation on AST-CSE-16-003. Pulled IOCs, reviewed 7 artefacts, contained locally. Root cause documented.",Privilege Escalation on AST-CSE-16-003,patched / blocked
CS-002327,AL-003256,CSE-16,2026-09-17T06:40:00,2026-09-17T08:39:00,AN-CSE-16-04,Closed,"Investigated Exfiltration on AST-CSE-16-022. Pulled IOCs, reviewed 5 artefacts, contained locally. Root cause documented.",Exfiltration on AST-CSE-16-022,patched / blocked
CS-002328,AL-003258,CSE-16,2026-09-04T03:27:00,2026-09-04T06:33:00,AN-CSE-16-02,Closed,"Investigated Suspicious Login on AST-CSE-16-038. Pulled IOCs, reviewed 4 artefacts, contained locally. Root cause documented.",Suspicious Login on AST-CSE-16-038,patched / blocked
CS-002329,AL-003259,CSE-16,2026-08-21T21:09:00,2026-08-21T21:47:00,AN-CSE-16-08,Closed,"Investigated Malware on AST-CSE-16-007. Pulled IOCs, reviewed 6 artefacts, contained locally. Root cause documented.",Malware on AST-CSE-16-007,patched / blocked
CS-002330,AL-003260,CSE-16,2026-08-22T02:22:00,2026-08-22T06:10:00,AN-CSE-16-04,Closed,"Investigated Policy Violation on AST-CSE-16-015. Pulled IOCs, reviewed 3 artefacts, contained locally. Root cause documented.",Policy Violation on AST-CSE-16-015,patched / blocked
CS-002331,AL-003261,CSE-16,2026-08-23T09:32:00,2026-08-23T11:35:00,AN-CSE-16-02,Closed,"Investigated Phishing on AST-CSE-16-034. Pulled IOCs, reviewed 9 artefacts, contained locally. Root cause documented.",Phishing on AST-CSE-16-034,patched / blocked
CS-002332,AL-003262,CSE-16,2026-09-15T09:43:00,2026-09-15T13:30:00,AN-CSE-16-05,Closed,"Investigated Exfiltration on AST-CSE-16-003. Pulled IOCs, reviewed 5 artefacts, contained locally. Root cause documented.",Exfiltration on AST-CSE-16-003,patched / blocked
CS-002333,AL-003264,CSE-16,2026-09-12T17:54:00,2026-09-12T18:20:00,AN-CSE-16-08,Closed,"Investigated Privilege Escalation on AST-CSE-16-022. Pulled IOCs, reviewed 9 artefacts, contained locally. Root cause documented.",Privilege Escalation on AST-CSE-16-022,patched / blocked
CS-002334,AL-003265,CSE-16,2026-09-20T10:41:00,2026-09-20T12:39:00,AN-CSE-16-03,Closed,"Investigated Privilege Escalation on AST-CSE-16-015. Pulled IOCs, reviewed 5 artefacts, contained locally. Root cause documented.",Privilege Escalation on AST-CSE-16-015,patched / blocked
CS-002335,AL-003268,CSE-16,2026-09-08T01:18:00,2026-09-08T02:17:00,AN-CSE-16-04,Closed,"Investigated Privilege Escalation on AST-CSE-16-036. Pulled IOCs, reviewed 9 artefacts, contained locally. Root cause documented.",Privilege Escalation on AST-CSE-16-036,patched / blocked
CS-002336,AL-003270,CSE-16,2026-09-04T16:36:00,2026-09-04T18:46:00,AN-CSE-16-08,Closed,"Investigated Phishing on AST-CSE-16-013. Pulled IOCs, reviewed 3 artefacts, contained locally. Root cause documented.",Phishing on AST-CSE-16-013,patched / blocked
CS-002337,AL-003272,CSE-16,2026-09-19T23:16:00,2026-09-19T23:23:00,AN-CSE-16-04,Closed,"Investigated C2 Beacon on AST-CSE-16-008. Pulled IOCs, reviewed 1 artefacts, contained locally. Root cause documented.",,
CS-002338,AL-003276,CSE-16,2026-08-22T06:36:00,2026-08-22T07:11:00,AN-CSE-16-01,Closed,"Investigated Privilege Escalation on AST-CSE-16-004. Pulled IOCs, reviewed 9 artefacts, contained locally. Root cause documented.",Privilege Escalation on AST-CSE-16-004,patched / blocked
CS-002339,AL-003278,CSE-16,2026-08-27T16:20:00,2026-08-27T17:02:00,AN-CSE-16-02,Closed,"Investigated Exfiltration on AST-CSE-16-017. Pulled IOCs, reviewed 9 artefacts, contained locally. Root cause documented.",Exfiltration on AST-CSE-16-017,patched / blocked
CS-002340,AL-003279,CSE-16,2026-09-02T19:52:00,2026-09-02T21:29:00,AN-CSE-16-04,Closed,"Investigated Malware on AST-CSE-16-001. Pulled IOCs, reviewed 8 artefacts, contained locally. Root cause documented.",Malware on AST-CSE-16-001,patched / blocked
CS-002341,AL-003280,CSE-16,2026-08-29T14:04:00,2026-08-29T15:09:00,AN-CSE-16-07,Closed,"Investigated Data Access Anomaly on AST-CSE-16-037. Pulled IOCs, reviewed 8 artefacts, contained locally. Root cause documented.",Data Access Anomaly on AST-CSE-16-037,patched / blocked
CS-002342,AL-003281,CSE-16,2026-09-04T08:29:00,2026-09-04T09:51:00,AN-CSE-16-08,Closed,"Investigated Exfiltration on AST-CSE-16-004. Pulled IOCs, reviewed 8 artefacts, contained locally. Root cause documented.",Exfiltration on AST-CSE-16-004,patched / blocked
CS-002343,AL-003283,CSE-16,2026-09-14T09:27:00,2026-09-14T10:13:00,AN-CSE-16-07,Escalated,"Investigated Brute Force on AST-CSE-16-009. Pulled IOCs, reviewed 6 artefacts, escalated to IR. Root cause documented.",Brute Force on AST-CSE-16-009,patched / blocked
CS-002344,AL-003284,CSE-16,2026-09-07T03:12:00,2026-09-07T05:18:00,AN-CSE-16-02,Closed,"Investigated Malware on AST-CSE-16-015. Pulled IOCs, reviewed 7 artefacts, contained locally. Root cause documented.",Malware on AST-CSE-16-015,patched / blocked
CS-002345,AL-003285,CSE-16,2026-08-21T15:21:00,2026-08-21T17:34:00,AN-CSE-16-02,Closed,"Investigated Suspicious Login on AST-CSE-16-028. Pulled IOCs, reviewed 6 artefacts, contained locally. Root cause documented.",Suspicious Login on AST-CSE-16-028,patched / blocked
CS-002346,AL-003286,CSE-16,2026-08-25T17:18:00,2026-08-25T18:31:00,AN-CSE-16-02,Closed,"Investigated Lateral Movement on AST-CSE-16-001. Pulled IOCs, reviewed 8 artefacts, contained locally. Root cause documented.",Lateral Movement on AST-CSE-16-001,patched / blocked
CS-002347,AL-003287,CSE-16,2026-09-03T07:04:00,2026-09-03T07:50:00,AN-CSE-16-07,Closed,"Investigated Brute Force on AST-CSE-16-022. Pulled IOCs, reviewed 4 artefacts, contained locally. Root cause documented.",Brute Force on AST-CSE-16-022,patched / blocked
CS-002348,AL-003288,CSE-16,2026-09-11T16:06:00,2026-09-11T17:08:00,AN-CSE-16-06,Closed,"Investigated Lateral Movement on AST-CSE-16-039. Pulled IOCs, reviewed 4 artefacts, contained locally. Root cause documented.",Lateral Movement on AST-CSE-16-039,patched / blocked
CS-002349,AL-003290,CSE-16,2026-09-17T08:56:00,2026-09-17T10:12:00,AN-CSE-16-05,Closed,"Investigated Suspicious Login on AST-CSE-16-028. Pulled IOCs, reviewed 4 artefacts, contained locally. Root cause documented.",Suspicious Login on AST-CSE-16-028,patched / blocked
CS-002350,AL-003291,CSE-16,2026-08-28T19:59:00,2026-08-28T22:16:00,AN-CSE-16-06,Escalated,"Investigated Exfiltration on AST-CSE-16-028. Pulled IOCs, reviewed 3 artefacts, escalated to IR. Root cause documented.",Exfiltration on AST-CSE-16-028,patched / blocked
CS-002351,AL-003292,CSE-16,2026-08-29T13:57:00,2026-08-29T14:59:00,AN-CSE-16-07,Closed,"Investigated Privilege Escalation on AST-CSE-16-021. Pulled IOCs, reviewed 9 artefacts, contained locally. Root cause documented.",Privilege Escalation on AST-CSE-16-021,patched / blocked
CS-002352,AL-003293,CSE-16,2026-09-19T06:01:00,2026-09-19T09:17:00,AN-CSE-16-06,Closed,"Investigated Policy Violation on AST-CSE-16-034. Pulled IOCs, reviewed 4 artefacts, contained locally. Root cause documented.",Policy Violation on AST-CSE-16-034,patched / blocked
CS-002353,AL-003294,CSE-16,2026-09-06T06:53:00,2026-09-06T10:18:00,AN-CSE-16-07,Closed,"Investigated C2 Beacon on AST-CSE-16-018. Pulled IOCs, reviewed 6 artefacts, contained locally. Root cause documented.",C2 Beacon on AST-CSE-16-018,patched / blocked
CS-002354,AL-003297,CSE-16,2026-09-04T17:40:00,2026-09-04T20:44:00,AN-CSE-16-06,Closed,"Investigated Data Access Anomaly on AST-CSE-16-013. Pulled IOCs, reviewed 9 artefacts, contained locally. Root cause documented.",Data Access Anomaly on AST-CSE-16-013,patched / blocked
CS-002355,AL-003298,CSE-16,2026-09-18T09:56:00,2026-09-18T11:56:00,AN-CSE-16-08,Closed,"Investigated Policy Violation on AST-CSE-16-017. Pulled IOCs, reviewed 6 artefacts, contained locally. Root cause documented.",Policy Violation on AST-CSE-16-017,patched / blocked
CS-002356,AL-003299,CSE-16,2026-09-08T23:19:00,2026-09-09T00:05:00,AN-CSE-16-08,Closed,"Investigated Suspicious Login on AST-CSE-16-014. Pulled IOCs, reviewed 3 artefacts, contained locally. Root cause documented.",Suspicious Login on AST-CSE-16-014,patched / blocked
CS-002357,AL-003300,CSE-16,2026-08-24T06:47:00,2026-08-24T07:10:00,AN-CSE-16-04,Closed,"Investigated Suspicious Login on AST-CSE-16-024. Pulled IOCs, reviewed 7 artefacts, contained locally. Root cause documented.",Suspicious Login on AST-CSE-16-024,patched / blocked
CS-002358,AL-003301,CSE-16,2026-09-18T12:28:00,2026-09-18T13:30:00,AN-CSE-16-03,Closed,"Investigated C2 Beacon on AST-CSE-16-024. Pulled IOCs, reviewed 8 artefacts, contained locally. Root cause documented.",C2 Beacon on AST-CSE-16-024,patched / blocked
CS-002359,AL-003303,CSE-16,2026-09-14T15:32:00,2026-09-14T17:17:00,AN-CSE-16-04,Closed,"Investigated Suspicious Login on AST-CSE-16-034. Pulled IOCs, reviewed 9 artefacts, contained locally. Root cause documented.",Suspicious Login on AST-CSE-16-034,patched / blocked
CS-002360,AL-003304,CSE-16,2026-09-19T20:52:00,2026-09-19T23:01:00,AN-CSE-16-01,Closed,"Investigated Privilege Escalation on AST-CSE-16-035. Pulled IOCs, reviewed 9 artefacts, contained locally. Root cause documented.",Privilege Escalation on AST-CSE-16-035,patched / blocked
CS-002361,AL-003307,CSE-16,2026-08-23T09:58:00,2026-08-23T13:14:00,AN-CSE-16-02,Closed,"Investigated Malware on AST-CSE-16-002. Pulled IOCs, reviewed 7 artefacts, contained locally. Root cause documented.",Malware on AST-CSE-16-002,patched / blocked
CS-002362,AL-003308,CSE-16,2026-09-15T05:16:00,2026-09-15T07:23:00,AN-CSE-16-01,Closed,"Investigated Brute Force on AST-CSE-16-009. Pulled IOCs, reviewed 3 artefacts, contained locally. Root cause documented.",Brute Force on AST-CSE-16-009,patched / blocked
CS-002363,AL-003309,CSE-16,2026-09-19T07:13:00,2026-09-19T08:16:00,AN-CSE-16-04,Closed,"Investigated Brute Force on AST-CSE-16-009. Pulled IOCs, reviewed 8 artefacts, contained locally. Root cause documented.",Brute Force on AST-CSE-16-009,patched / blocked
CS-002364,AL-003311,CSE-16,2026-09-01T08:05:00,2026-09-01T09:16:00,AN-CSE-16-07,Escalated,"Investigated Suspicious Login on AST-CSE-16-010. Pulled IOCs, reviewed 3 artefacts, escalated to IR. Root cause documented.",Suspicious Login on AST-CSE-16-010,patched / blocked
CS-002365,AL-003312,CSE-16,2026-09-02T20:14:00,2026-09-02T21:26:00,AN-CSE-16-05,Closed,"Investigated Data Access Anomaly on AST-CSE-16-028. Pulled IOCs, reviewed 9 artefacts, contained locally. Root cause documented.",Data Access Anomaly on AST-CSE-16-028,patched / blocked
CS-002366,AL-003314,CSE-16,2026-09-03T02:42:00,2026-09-03T03:22:00,AN-CSE-16-06,Escalated,"Investigated Malware on AST-CSE-16-030. Pulled IOCs, reviewed 5 artefacts, escalated to IR. Root cause documented.",Malware on AST-CSE-16-030,patched / blocked
CS-002367,AL-003315,CSE-16,2026-09-15T17:34:00,2026-09-15T20:24:00,AN-CSE-16-03,Closed,"Investigated Policy Violation on AST-CSE-16-007. Pulled IOCs, reviewed 4 artefacts, contained locally. Root cause documented.",Policy Violation on AST-CSE-16-007,patched / blocked
CS-002368,AL-003316,CSE-16,2026-09-10T11:19:00,2026-09-10T14:39:00,AN-CSE-16-07,Closed,"Investigated Phishing on AST-CSE-16-007. Pulled IOCs, reviewed 6 artefacts, contained locally. Root cause documented.",Phishing on AST-CSE-16-007,patched / blocked
CS-002369,AL-003317,CSE-16,2026-09-14T13:39:00,2026-09-14T15:01:00,AN-CSE-16-06,Closed,"Investigated Phishing on AST-CSE-16-013. Pulled IOCs, reviewed 8 artefacts, contained locally. Root cause documented.",Phishing on AST-CSE-16-013,patched / blocked
CS-002370,AL-003319,CSE-16,2026-09-11T12:57:00,2026-09-11T15:00:00,AN-CSE-16-05,Closed,"Investigated Lateral Movement on AST-CSE-16-020. Pulled IOCs, reviewed 4 artefacts, contained locally. Root cause documented.",Lateral Movement on AST-CSE-16-020,patched / blocked
CS-002371,AL-003320,CSE-16,2026-08-27T08:55:00,2026-08-27T12:33:00,AN-CSE-16-02,Closed,"Investigated Data Access Anomaly on AST-CSE-16-013. Pulled IOCs, reviewed 4 artefacts, contained locally. Root cause documented.",Data Access Anomaly on AST-CSE-16-013,patched / blocked
CS-002372,AL-003321,CSE-16,2026-08-25T06:31:00,2026-08-25T09:12:00,AN-CSE-16-08,Closed,"Investigated Suspicious Login on AST-CSE-16-021. Pulled IOCs, reviewed 7 artefacts, contained locally. Root cause documented.",Suspicious Login on AST-CSE-16-021,patched / blocked
CS-002373,AL-003322,CSE-16,2026-09-06T03:26:00,2026-09-06T03:28:00,AN-CSE-16-01,Closed,"Investigated Malware on AST-CSE-16-026. Pulled IOCs, reviewed 1 artefacts, contained locally. Root cause documented.",,
CS-002374,AL-003323,CSE-16,2026-09-04T11:15:00,2026-09-04T13:54:00,AN-CSE-16-08,Closed,"Investigated Suspicious Login on AST-CSE-16-023. Pulled IOCs, reviewed 6 artefacts, contained locally. Root cause documented.",Suspicious Login on AST-CSE-16-023,patched / blocked
CS-002375,AL-003324,CSE-16,2026-08-23T04:37:00,2026-08-23T04:43:00,AN-CSE-16-06,Closed,"Investigated Brute Force on AST-CSE-16-020. Pulled IOCs, reviewed 1 artefacts, contained locally. Root cause documented.",,
CS-002376,AL-003325,CSE-16,2026-08-28T00:24:00,2026-08-28T02:32:00,AN-CSE-16-07,Escalated,"Investigated Brute Force on AST-CSE-16-039. Pulled IOCs, reviewed 6 artefacts, escalated to IR. Root cause documented.",Brute Force on AST-CSE-16-039,patched / blocked
CS-002377,AL-003326,CSE-16,2026-08-25T21:23:00,2026-08-25T23:01:00,AN-CSE-16-04,Closed,"Investigated Phishing on AST-CSE-16-006. Pulled IOCs, reviewed 9 artefacts, contained locally. Root cause documented.",Phishing on AST-CSE-16-006,patched / blocked
CS-002378,AL-003329,CSE-16,2026-09-14T05:36:00,2026-09-14T08:02:00,AN-CSE-16-07,Closed,"Investigated Brute Force on AST-CSE-16-011. Pulled IOCs, reviewed 4 artefacts, contained locally. Root cause documented.",Brute Force on AST-CSE-16-011,patched / blocked
CS-002379,AL-003330,CSE-16,2026-09-18T07:18:00,2026-09-18T09:44:00,AN-CSE-16-04,Closed,"Investigated C2 Beacon on AST-CSE-16-030. Pulled IOCs, reviewed 5 artefacts, contained locally. Root cause documented.",C2 Beacon on AST-CSE-16-030,patched / blocked
CS-002380,AL-003332,CSE-16,2026-08-22T01:16:00,2026-08-22T01:21:00,AN-CSE-16-07,Closed,"Investigated Policy Violation on AST-CSE-16-009. Pulled IOCs, reviewed 0 artefacts, contained locally. Root cause documented.",,
CS-002381,AL-003333,CSE-16,2026-08-22T19:17:00,2026-08-22T20:14:00,AN-CSE-16-06,Closed,"Investigated Policy Violation on AST-CSE-16-034. Pulled IOCs, reviewed 7 artefacts, contained locally. Root cause documented.",Policy Violation on AST-CSE-16-034,patched / blocked
CS-002382,AL-003334,CSE-16,2026-09-03T15:54:00,2026-09-03T18:41:00,AN-CSE-16-05,Closed,"Investigated Data Access Anomaly on AST-CSE-16-036. Pulled IOCs, reviewed 6 artefacts, contained locally. Root cause documented.",Data Access Anomaly on AST-CSE-16-036,patched / blocked
CS-002383,AL-003335,CSE-16,2026-08-22T18:00:00,2026-08-22T20:27:00,AN-CSE-16-01,Closed,"Investigated Malware on AST-CSE-16-016. Pulled IOCs, reviewed 7 artefacts, contained locally. Root cause documented.",Malware on AST-CSE-16-016,patched / blocked
CS-002384,AL-003338,CSE-16,2026-08-27T01:42:00,2026-08-27T03:57:00,AN-CSE-16-04,Closed,"Investigated Brute Force on AST-CSE-16-028. Pulled IOCs, reviewed 9 artefacts, contained locally. Root cause documented.",Brute Force on AST-CSE-16-028,patched / blocked
CS-002385,AL-003339,CSE-16,2026-09-19T12:44:00,2026-09-19T15:50:00,AN-CSE-16-04,Closed,"Investigated Phishing on AST-CSE-16-037. Pulled IOCs, reviewed 7 artefacts, contained locally. Root cause documented.",Phishing on AST-CSE-16-037,patched / blocked
CS-002386,AL-003341,CSE-16,2026-09-09T21:28:00,2026-09-09T23:55:00,AN-CSE-16-04,Closed,"Investigated Privilege Escalation on AST-CSE-16-028. Pulled IOCs, reviewed 5 artefacts, contained locally. Root cause documented.",Privilege Escalation on AST-CSE-16-028,patched / blocked
CS-002387,AL-003342,CSE-16,2026-09-04T02:08:00,2026-09-04T05:21:00,AN-CSE-16-04,Closed,"Investigated Phishing on AST-CSE-16-036. Pulled IOCs, reviewed 3 artefacts, contained locally. Root cause documented.",Phishing on AST-CSE-16-036,patched / blocked
CS-002388,AL-003345,CSE-16,2026-08-28T13:28:00,2026-08-28T14:43:00,AN-CSE-16-06,Closed,"Investigated Brute Force on AST-CSE-16-011. Pulled IOCs, reviewed 4 artefacts, contained locally. Root cause documented.",Brute Force on AST-CSE-16-011,patched / blocked
CS-002389,AL-003346,CSE-16,2026-09-15T18:39:00,2026-09-15T19:56:00,AN-CSE-16-01,Closed,"Investigated Data Access Anomaly on AST-CSE-16-038. Pulled IOCs, reviewed 3 artefacts, contained locally. Root cause documented.",Data Access Anomaly on AST-CSE-16-038,patched / blocked
CS-002390,AL-003347,CSE-16,2026-09-06T04:40:00,2026-09-06T06:07:00,AN-CSE-16-06,Closed,"Investigated Privilege Escalation on AST-CSE-16-026. Pulled IOCs, reviewed 7 artefacts, contained locally. Root cause documented.",Privilege Escalation on AST-CSE-16-026,patched / blocked
CS-002391,AL-003348,CSE-16,2026-09-19T05:52:00,2026-09-19T08:15:00,AN-CSE-16-03,Closed,"Investigated Exfiltration on AST-CSE-16-010. Pulled IOCs, reviewed 6 artefacts, contained locally. Root cause documented.",Exfiltration on AST-CSE-16-010,patched / blocked
CS-002392,AL-003349,CSE-16,2026-09-10T10:23:00,2026-09-10T12:03:00,AN-CSE-16-04,Closed,"Investigated C2 Beacon on AST-CSE-16-019. Pulled IOCs, reviewed 5 artefacts, contained locally. Root cause documented.",C2 Beacon on AST-CSE-16-019,patched / blocked
CS-002393,AL-003350,CSE-16,2026-09-16T10:58:00,2026-09-16T12:22:00,AN-CSE-16-07,Closed,"Investigated Malware on AST-CSE-16-029. Pulled IOCs, reviewed 3 artefacts, contained locally. Root cause documented.",Malware on AST-CSE-16-029,patched / blocked
CS-002394,AL-003351,CSE-16,2026-08-22T00:24:00,2026-08-22T04:08:00,AN-CSE-16-05,Closed,"Investigated Exfiltration on AST-CSE-16-027. Pulled IOCs, reviewed 6 artefacts, contained locally. Root cause documented.",Exfiltration on AST-CSE-16-027,patched / blocked
CS-002395,AL-003353,CSE-16,2026-09-05T12:35:00,2026-09-05T13:38:00,AN-CSE-16-02,Closed,"Investigated C2 Beacon on AST-CSE-16-001. Pulled IOCs, reviewed 9 artefacts, contained locally. Root cause documented.",C2 Beacon on AST-CSE-16-001,patched / blocked
CS-002396,AL-003355,CSE-16,2026-08-22T03:37:00,2026-08-22T05:24:00,AN-CSE-16-06,Closed,"Investigated Lateral Movement on AST-CSE-16-023. Pulled IOCs, reviewed 7 artefacts, contained locally. Root cause documented.",Lateral Movement on AST-CSE-16-023,patched / blocked
CS-002397,AL-003358,CSE-16,2026-08-24T22:58:00,2026-08-25T02:15:00,AN-CSE-16-01,Closed,"Investigated Malware on AST-CSE-16-039. Pulled IOCs, reviewed 8 artefacts, contained locally. Root cause documented.",Malware on AST-CSE-16-039,patched / blocked
CS-002398,AL-003359,CSE-16,2026-08-30T07:33:00,2026-08-30T10:48:00,AN-CSE-16-01,Closed,"Investigated Data Access Anomaly on AST-CSE-16-026. Pulled IOCs, reviewed 4 artefacts, contained locally. Root cause documented.",Data Access Anomaly on AST-CSE-16-026,patched / blocked
CS-002399,AL-003360,CSE-16,2026-09-09T14:59:00,2026-09-09T18:36:00,AN-CSE-16-07,Closed,"Investigated Data Access Anomaly on AST-CSE-16-004. Pulled IOCs, reviewed 7 artefacts, contained locally. Root cause documented.",Data Access Anomaly on AST-CSE-16-004,patched / blocked
CS-002400,AL-003361,CSE-16,2026-08-28T09:39:00,2026-08-28T10:08:00,AN-CSE-16-02,Escalated,"Investigated Policy Violation on AST-CSE-16-028. Pulled IOCs, reviewed 4 artefacts, escalated to IR. Root cause documented.",Policy Violation on AST-CSE-16-028,patched / blocked
CS-002401,AL-003362,CSE-16,2026-09-18T21:33:00,2026-09-18T22:22:00,AN-CSE-16-08,Closed,"Investigated Exfiltration on AST-CSE-16-014. Pulled IOCs, reviewed 6 artefacts, contained locally. Root cause documented.",Exfiltration on AST-CSE-16-014,patched / blocked
CS-002402,AL-003363,CSE-16,2026-08-30T04:12:00,2026-08-30T07:14:00,AN-CSE-16-04,Closed,"Investigated Suspicious Login on AST-CSE-16-005. Pulled IOCs, reviewed 9 artefacts, contained locally. Root cause documented.",Suspicious Login on AST-CSE-16-005,patched / blocked
CS-002403,AL-003364,CSE-16,2026-09-07T15:21:00,2026-09-07T19:18:00,AN-CSE-16-03,Closed,"Investigated Brute Force on AST-CSE-16-039. Pulled IOCs, reviewed 5 artefacts, contained locally. Root cause documented.",Brute Force on AST-CSE-16-039,patched / blocked
CS-002404,AL-003366,CSE-16,2026-09-12T06:31:00,2026-09-12T09:29:00,AN-CSE-16-01,Closed,"Investigated Policy Violation on AST-CSE-16-015. Pulled IOCs, reviewed 7 artefacts, contained locally. Root cause documented.",Policy Violation on AST-CSE-16-015,patched / blocked
CS-002405,AL-003367,CSE-16,2026-09-06T06:03:00,2026-09-06T07:12:00,AN-CSE-16-03,Closed,"Investigated Suspicious Login on AST-CSE-16-032. Pulled IOCs, reviewed 4 artefacts, contained locally. Root cause documented.",Suspicious Login on AST-CSE-16-032,patched / blocked
CS-002406,AL-003370,CSE-16,2026-08-23T03:32:00,2026-08-23T04:57:00,AN-CSE-16-03,Closed,"Investigated Malware on AST-CSE-16-027. Pulled IOCs, reviewed 9 artefacts, contained locally. Root cause documented.",Malware on AST-CSE-16-027,patched / blocked
CS-002407,AL-003371,CSE-16,2026-09-05T18:31:00,2026-09-05T21:11:00,AN-CSE-16-05,Closed,"Investigated Privilege Escalation on AST-CSE-16-012. Pulled IOCs, reviewed 7 artefacts, contained locally. Root cause documented.",Privilege Escalation on AST-CSE-16-012,patched / blocked
CS-002408,AL-003372,CSE-16,2026-08-28T13:22:00,2026-08-28T15:39:00,AN-CSE-16-05,Escalated,"Investigated Policy Violation on AST-CSE-16-001. Pulled IOCs, reviewed 6 artefacts, escalated to IR. Root cause documented.",Policy Violation on AST-CSE-16-001,patched / blocked
